0 verbose cli /Users/macuser/.nvm/versions/node/v22.21.1/bin/node /Users/macuser/.nvm/versions/node/v22.21.1/lib/node_modules/npm/bin/npm-cli.js
1 info using npm@11.16.0
2 info using node@v22.21.1
3 silly config load:file:/Users/macuser/.nvm/versions/node/v22.21.1/lib/node_modules/npm/npmrc
4 silly config load:file:/Users/macuser/Documents/technical-test/keppri-challenge/.npmrc
5 silly config load:file:/Users/macuser/.npmrc
6 silly config load:file:/Users/macuser/.nvm/versions/node/v22.21.1/etc/npmrc
7 verbose title npm exec eas-cli@latest build --platform android --profile preview
8 verbose argv "exec" "--" "eas-cli@latest" "build" "--platform" "android" "--profile" "preview"
9 verbose logfile logs-max:10 dir:/Users/macuser/Documents/technical-test/keppri-challenge/local_npm/_logs/2026-10-07T16_30_30_545Z-
10 verbose logfile /Users/macuser/Documents/technical-test/keppri-challenge/local_npm/_logs/2026-10-07T16_30_30_545Z-debug-0.log
11 silly logfile start cleaning logs, removing 1 files
12 silly logfile done cleaning log files
13 silly packumentCache heap:4345298944 maxSize:1086324736 maxEntrySize:543162368
14 http fetch GET 200 https://registry.npmjs.org/eas-cli 170ms (cache revalidated)
15 silly packumentCache heap:4345298944 maxSize:1086324736 maxEntrySize:543162368
16 silly packumentCache heap:4345298944 maxSize:1086324736 maxEntrySize:543162368
17 silly idealTree buildDeps
18 silly fetch manifest eas-cli@24.11.0
19 silly packumentCache full:https://registry.npmjs.org/eas-cli cache-miss
20 http cache https://registry.npmjs.org/eas-cli 6ms (cache hit)
21 silly packumentCache full:https://registry.npmjs.org/eas-cli set size:3375453 disposed:false
22 silly placeDep ROOT eas-cli@24.11.0 OK for:  want: 24.11.0
23 silly fetch manifest ws@8.21.1
24 silly packumentCache full:https://registry.npmjs.org/ws cache-miss
25 silly fetch manifest ajv@8.11.0
26 silly packumentCache full:https://registry.npmjs.org/ajv cache-miss
27 silly fetch manifest joi@17.11.0
28 silly packumentCache full:https://registry.npmjs.org/joi cache-miss
29 silly fetch manifest ora@5.1.0
30 silly packumentCache full:https://registry.npmjs.org/ora cache-miss
31 silly fetch manifest tar@7.5.19
32 silly packumentCache full:https://registry.npmjs.org/tar cache-miss
33 silly fetch manifest zod@^4.1.3
34 silly packumentCache full:https://registry.npmjs.org/zod cache-miss
35 silly fetch manifest diff@7.0.0
36 silly packumentCache full:https://registry.npmjs.org/diff cache-miss
37 http cache https://registry.npmjs.org/ws 8ms (cache hit)
38 silly packumentCache full:https://registry.npmjs.org/ws set size:450180 disposed:false
39 silly fetch manifest mime@3.0.0
40 silly packumentCache full:https://registry.npmjs.org/mime cache-miss
41 http cache https://registry.npmjs.org/joi 11ms (cache hit)
42 silly packumentCache full:https://registry.npmjs.org/joi set size:547844 disposed:false
43 silly fetch manifest open@8.4.0
44 silly packumentCache full:https://registry.npmjs.org/open cache-miss
45 http cache https://registry.npmjs.org/ora 13ms (cache hit)
46 silly packumentCache full:https://registry.npmjs.org/ora set size:147148 disposed:false
47 silly fetch manifest uuid@11.1.1
48 silly packumentCache full:https://registry.npmjs.org/uuid cache-miss
49 http cache https://registry.npmjs.org/diff 13ms (cache hit)
50 silly packumentCache full:https://registry.npmjs.org/diff set size:154400 disposed:false
51 silly fetch manifest yaml@2.6.0
52 silly packumentCache full:https://registry.npmjs.org/yaml cache-miss
53 http cache https://registry.npmjs.org/zod 17ms (cache hit)
54 silly packumentCache full:https://registry.npmjs.org/zod set size:4166672 disposed:false
55 silly fetch manifest chalk@4.1.2
56 silly packumentCache full:https://registry.npmjs.org/chalk cache-miss
57 http cache https://registry.npmjs.org/tar 33ms (cache hit)
58 silly packumentCache full:https://registry.npmjs.org/tar set size:591769 disposed:false
59 silly fetch manifest debug@4.4.3
60 silly packumentCache full:https://registry.npmjs.org/debug cache-miss
61 http cache https://registry.npmjs.org/ajv 38ms (cache hit)
62 silly packumentCache full:https://registry.npmjs.org/ajv set size:1142658 disposed:false
63 silly fetch manifest pngjs@7.0.0
64 silly packumentCache full:https://registry.npmjs.org/pngjs cache-miss
65 http cache https://registry.npmjs.org/chalk 16ms (cache hit)
66 silly packumentCache full:https://registry.npmjs.org/chalk set size:137439 disposed:false
67 silly fetch manifest slash@3.0.0
68 silly packumentCache full:https://registry.npmjs.org/slash cache-miss
69 http cache https://registry.npmjs.org/yaml 35ms (cache hit)
70 silly packumentCache full:https://registry.npmjs.org/yaml set size:386415 disposed:false
71 silly fetch manifest tslib@2.6.2
72 silly packumentCache full:https://registry.npmjs.org/tslib cache-miss
73 http cache https://registry.npmjs.org/mime 42ms (cache hit)
74 silly packumentCache full:https://registry.npmjs.org/mime set size:119236 disposed:false
75 silly fetch manifest dotenv@16.3.1
76 silly packumentCache full:https://registry.npmjs.org/dotenv cache-miss
77 http cache https://registry.npmjs.org/uuid 39ms (cache hit)
78 silly packumentCache full:https://registry.npmjs.org/uuid set size:260936 disposed:false
79 silly fetch manifest getenv@1.0.0
80 silly packumentCache full:https://registry.npmjs.org/getenv cache-miss
81 http cache https://registry.npmjs.org/debug 18ms (cache hit)
82 silly packumentCache full:https://registry.npmjs.org/debug set size:195840 disposed:false
83 silly fetch manifest ignore@5.3.0
84 silly packumentCache full:https://registry.npmjs.org/ignore cache-miss
85 http cache https://registry.npmjs.org/open 43ms (cache hit)
86 silly packumentCache full:https://registry.npmjs.org/open set size:145310 disposed:false
87 silly fetch manifest jks-js@1.1.0
88 silly packumentCache full:https://registry.npmjs.org/jks-js cache-miss
89 http cache https://registry.npmjs.org/pngjs 12ms (cache hit)
90 silly packumentCache full:https://registry.npmjs.org/pngjs set size:70154 disposed:false
91 silly fetch manifest nanoid@3.3.8
92 silly packumentCache full:https://registry.npmjs.org/nanoid cache-miss
93 http cache https://registry.npmjs.org/slash 9ms (cache hit)
94 silly packumentCache full:https://registry.npmjs.org/slash set size:20337 disposed:false
95 silly fetch manifest semver@7.5.4
96 silly packumentCache full:https://registry.npmjs.org/semver cache-miss
97 http cache https://registry.npmjs.org/getenv 5ms (cache hit)
98 silly packumentCache full:https://registry.npmjs.org/getenv set size:20110 disposed:false
99 silly fetch manifest envinfo@7.11.0
100 silly packumentCache full:https://registry.npmjs.org/envinfo cache-miss
101 http cache https://registry.npmjs.org/tslib 8ms (cache hit)
102 silly packumentCache full:https://registry.npmjs.org/tslib set size:108843 disposed:false
103 silly fetch manifest figures@3.2.0
104 silly packumentCache full:https://registry.npmjs.org/figures cache-miss
105 http cache https://registry.npmjs.org/dotenv 8ms (cache hit)
106 silly packumentCache full:https://registry.npmjs.org/dotenv set size:298088 disposed:false
107 silly fetch manifest graphql@16.8.1
108 silly packumentCache full:https://registry.npmjs.org/graphql cache-miss
109 http cache https://registry.npmjs.org/ignore 8ms (cache hit)
110 silly packumentCache full:https://registry.npmjs.org/ignore set size:266651 disposed:false
111 silly fetch manifest pkg-dir@4.2.0
112 silly packumentCache full:https://registry.npmjs.org/pkg-dir cache-miss
113 http cache https://registry.npmjs.org/jks-js 10ms (cache hit)
114 silly packumentCache full:https://registry.npmjs.org/jks-js set size:38146 disposed:false
115 silly fetch manifest prompts@2.4.2
116 silly packumentCache full:https://registry.npmjs.org/prompts cache-miss
117 http cache https://registry.npmjs.org/nanoid 10ms (cache hit)
118 silly packumentCache full:https://registry.npmjs.org/nanoid set size:352791 disposed:false
119 silly fetch manifest fs-extra@11.2.0
120 silly packumentCache full:https://registry.npmjs.org/fs-extra cache-miss
121 http cache https://registry.npmjs.org/semver 10ms (cache hit)
122 silly packumentCache full:https://registry.npmjs.org/semver set size:246128 disposed:false
123 silly fetch manifest keychain@1.5.0
124 silly packumentCache full:https://registry.npmjs.org/keychain cache-miss
125 http cache https://registry.npmjs.org/graphql 9ms (cache hit)
126 silly packumentCache full:https://registry.npmjs.org/graphql set size:880637 disposed:false
127 silly fetch manifest minizlib@3.1.0
128 silly packumentCache full:https://registry.npmjs.org/minizlib cache-miss
129 http cache https://registry.npmjs.org/figures 14ms (cache hit)
130 silly packumentCache full:https://registry.npmjs.org/figures set size:64597 disposed:false
131 silly fetch manifest turndown@7.1.2
132 silly packumentCache full:https://registry.npmjs.org/turndown cache-miss
133 http cache https://registry.npmjs.org/envinfo 15ms (cache hit)
134 silly packumentCache full:https://registry.npmjs.org/envinfo set size:285035 disposed:false
135 silly fetch manifest @expo/env@^1.0.0
136 silly packumentCache full:https://registry.npmjs.org/@expo%2fenv cache-miss
137 http cache https://registry.npmjs.org/pkg-dir 13ms (cache hit)
138 silly packumentCache full:https://registry.npmjs.org/pkg-dir set size:30166 disposed:false
139 silly fetch manifest env-paths@2.2.0
140 silly packumentCache full:https://registry.npmjs.org/env-paths cache-miss
141 http cache https://registry.npmjs.org/prompts 14ms (cache hit)
142 silly packumentCache full:https://registry.npmjs.org/prompts set size:115896 disposed:false
143 silly fetch manifest fast-glob@3.3.2
144 silly packumentCache full:https://registry.npmjs.org/fast-glob cache-miss
145 http cache https://registry.npmjs.org/turndown 5ms (cache hit)
146 silly packumentCache full:https://registry.npmjs.org/turndown set size:84019 disposed:false
147 silly fetch manifest form-data@^4.0.4
148 silly packumentCache full:https://registry.npmjs.org/form-data cache-miss
149 http cache https://registry.npmjs.org/fs-extra 13ms (cache hit)
150 silly packumentCache full:https://registry.npmjs.org/fs-extra set size:242028 disposed:false
151 silly fetch manifest invariant@^2.2.2
152 silly packumentCache full:https://registry.npmjs.org/invariant cache-miss
153 http cache https://registry.npmjs.org/keychain 13ms (cache hit)
154 silly packumentCache full:https://registry.npmjs.org/keychain set size:17562 disposed:false
155 silly fetch manifest minimatch@5.1.2
156 silly packumentCache full:https://registry.npmjs.org/minimatch cache-miss
157 http cache https://registry.npmjs.org/@expo%2fenv 7ms (cache hit)
158 silly packumentCache full:https://registry.npmjs.org/@expo%2fenv set size:623064 disposed:false
159 silly fetch manifest untildify@4.0.0
160 silly packumentCache full:https://registry.npmjs.org/untildify cache-miss
161 http cache https://registry.npmjs.org/minizlib 12ms (cache hit)
162 silly packumentCache full:https://registry.npmjs.org/minizlib set size:62862 disposed:false
163 silly fetch manifest wrap-ansi@7.0.0
164 silly packumentCache full:https://registry.npmjs.org/wrap-ansi cache-miss
165 http cache https://registry.npmjs.org/env-paths 10ms (cache hit)
166 silly packumentCache full:https://registry.npmjs.org/env-paths set size:26913 disposed:false
167 silly fetch manifest @urql/core@4.0.11
168 silly packumentCache full:https://registry.npmjs.org/@urql%2fcore cache-miss
169 http cache https://registry.npmjs.org/invariant 8ms (cache hit)
170 silly packumentCache full:https://registry.npmjs.org/invariant set size:22008 disposed:false
171 silly fetch manifest better-opn@3.0.2
172 silly packumentCache full:https://registry.npmjs.org/better-opn cache-miss
173 http cache https://registry.npmjs.org/form-data 9ms (cache hit)
174 silly packumentCache full:https://registry.npmjs.org/form-data set size:153174 disposed:false
175 silly fetch manifest centrifuge@5.7.1
176 silly packumentCache full:https://registry.npmjs.org/centrifuge cache-miss
177 http cache https://registry.npmjs.org/fast-glob 12ms (cache hit)
178 silly packumentCache full:https://registry.npmjs.org/fast-glob set size:220556 disposed:false
179 silly fetch manifest dateformat@4.6.3
180 silly packumentCache full:https://registry.npmjs.org/dateformat cache-miss
181 http cache https://registry.npmjs.org/minimatch 10ms (cache hit)
182 silly packumentCache full:https://registry.npmjs.org/minimatch set size:377924 disposed:false
183 silly fetch manifest node-fetch@2.6.7
184 silly packumentCache full:https://registry.npmjs.org/node-fetch cache-miss
185 http cache https://registry.npmjs.org/untildify 14ms (cache hit)
186 silly packumentCache full:https://registry.npmjs.org/untildify set size:22319 disposed:false
187 silly fetch manifest node-forge@1.4.0
188 silly packumentCache full:https://registry.npmjs.org/node-forge cache-miss
189 http cache https://registry.npmjs.org/wrap-ansi 14ms (cache hit)
190 silly packumentCache full:https://registry.npmjs.org/wrap-ansi set size:59620 disposed:false
191 silly fetch manifest nullthrows@1.1.1
192 silly packumentCache full:https://registry.npmjs.org/nullthrows cache-miss
193 http cache https://registry.npmjs.org/better-opn 13ms (cache hit)
194 silly packumentCache full:https://registry.npmjs.org/better-opn set size:48876 disposed:false
195 silly fetch manifest tar-stream@3.1.7
196 silly packumentCache full:https://registry.npmjs.org/tar-stream cache-miss
197 http cache https://registry.npmjs.org/dateformat 11ms (cache hit)
198 silly packumentCache full:https://registry.npmjs.org/dateformat set size:104796 disposed:false
199 silly fetch manifest @expo/plist@0.3.5
200 silly packumentCache full:https://registry.npmjs.org/@expo%2fplist cache-miss
201 http cache https://registry.npmjs.org/@urql%2fcore 17ms (cache hit)
202 silly packumentCache full:https://registry.npmjs.org/@urql%2fcore set size:1257806 disposed:false
203 silly fetch manifest @expo/steps@24.9.0
204 silly packumentCache full:https://registry.npmjs.org/@expo%2fsteps cache-miss
205 http cache https://registry.npmjs.org/centrifuge 19ms (cache hit)
206 silly packumentCache full:https://registry.npmjs.org/centrifuge set size:350627 disposed:false
207 silly fetch manifest @oclif/core@^4.8.3
208 silly packumentCache full:https://registry.npmjs.org/@oclif%2fcore cache-miss
209 http cache https://registry.npmjs.org/node-forge 12ms (cache hit)
210 silly packumentCache full:https://registry.npmjs.org/node-forge set size:394631 disposed:false
211 silly fetch manifest ajv-formats@2.1.1
212 silly packumentCache full:https://registry.npmjs.org/ajv-formats cache-miss
213 http cache https://registry.npmjs.org/node-fetch 16ms (cache hit)
214 silly packumentCache full:https://registry.npmjs.org/node-fetch set size:896010 disposed:false
215 silly fetch manifest graphql-tag@2.12.6
216 silly packumentCache full:https://registry.npmjs.org/graphql-tag cache-miss
217 http cache https://registry.npmjs.org/nullthrows 17ms (cache hit)
218 silly packumentCache full:https://registry.npmjs.org/nullthrows set size:14885 disposed:false
219 silly fetch manifest log-symbols@4.1.0
220 silly packumentCache full:https://registry.npmjs.org/log-symbols cache-miss
221 http cache https://registry.npmjs.org/tar-stream 16ms (cache hit)
222 silly packumentCache full:https://registry.npmjs.org/tar-stream set size:141990 disposed:false
223 silly fetch manifest @expo/config@55.0.10
224 silly packumentCache full:https://registry.npmjs.org/@expo%2fconfig cache-miss
225 http cache https://registry.npmjs.org/@expo%2fplist 16ms (cache hit)
226 silly packumentCache full:https://registry.npmjs.org/@expo%2fplist set size:603901 disposed:false
227 silly fetch manifest @expo/logger@24.8.0
228 silly packumentCache full:https://registry.npmjs.org/@expo%2flogger cache-miss
229 http cache https://registry.npmjs.org/@expo%2fsteps 13ms (cache hit)
230 silly packumentCache full:https://registry.npmjs.org/@expo%2fsteps set size:576141 disposed:false
231 silly fetch manifest @expo/pkcs12@0.1.3
232 silly packumentCache full:https://registry.npmjs.org/@expo%2fpkcs12 cache-miss
233 http cache https://registry.npmjs.org/ajv-formats 17ms (cache hit)
234 silly packumentCache full:https://registry.npmjs.org/ajv-formats set size:141264 disposed:false
235 silly fetch manifest @sentry/node@7.77.0
236 silly packumentCache full:https://registry.npmjs.org/@sentry%2fnode cache-miss
237 http cache https://registry.npmjs.org/graphql-tag 14ms (cache hit)
238 silly packumentCache full:https://registry.npmjs.org/graphql-tag set size:150958 disposed:false
239 silly fetch manifest cli-progress@3.12.0
240 silly packumentCache full:https://registry.npmjs.org/cli-progress cache-miss
241 http cache https://registry.npmjs.org/@oclif%2fcore 22ms (cache hit)
242 silly packumentCache full:https://registry.npmjs.org/@oclif%2fcore set size:2104987 disposed:false
243 silly fetch manifest gradle-to-js@2.0.1
244 silly packumentCache full:https://registry.npmjs.org/gradle-to-js cache-miss
245 http cache https://registry.npmjs.org/log-symbols 24ms (cache hit)
246 silly packumentCache full:https://registry.npmjs.org/log-symbols set size:31977 disposed:false
247 silly fetch manifest resolve-from@5.0.0
248 silly packumentCache full:https://registry.npmjs.org/resolve-from cache-miss
249 http cache https://registry.npmjs.org/@expo%2fconfig 24ms (cache hit)
250 silly packumentCache full:https://registry.npmjs.org/@expo%2fconfig set size:1583798 disposed:false
251 silly fetch manifest ts-deepmerge@6.2.0
252 silly packumentCache full:https://registry.npmjs.org/ts-deepmerge cache-miss
253 http cache https://registry.npmjs.org/@expo%2fpkcs12 26ms (cache hit)
254 silly packumentCache full:https://registry.npmjs.org/@expo%2fpkcs12 set size:535059 disposed:false
255 silly fetch manifest @expo/results@1.0.0
256 silly packumentCache full:https://registry.npmjs.org/@expo%2fresults cache-miss
257 http cache https://registry.npmjs.org/cli-progress 22ms (cache hit)
258 silly packumentCache full:https://registry.npmjs.org/cli-progress set size:128562 disposed:false
259 silly fetch manifest bplist-parser@^0.3.0
260 silly packumentCache full:https://registry.npmjs.org/bplist-parser cache-miss
261 http cache https://registry.npmjs.org/@sentry%2fnode 25ms (cache hit)
262 silly packumentCache full:https://registry.npmjs.org/@sentry%2fnode set size:3161036 disposed:false
263 silly fetch manifest indent-string@4.0.0
264 silly packumentCache full:https://registry.npmjs.org/indent-string cache-miss
265 http cache https://registry.npmjs.org/@expo%2flogger 42ms (cache hit)
266 silly packumentCache full:https://registry.npmjs.org/@expo%2flogger set size:176518 disposed:false
267 silly fetch manifest promise-limit@2.7.0
268 silly packumentCache full:https://registry.npmjs.org/promise-limit cache-miss
269 http cache https://registry.npmjs.org/gradle-to-js 26ms (cache hit)
270 silly packumentCache full:https://registry.npmjs.org/gradle-to-js set size:24237 disposed:false
271 silly fetch manifest promise-retry@2.0.1
272 silly packumentCache full:https://registry.npmjs.org/promise-retry cache-miss
273 http cache https://registry.npmjs.org/resolve-from 26ms (cache hit)
274 silly packumentCache full:https://registry.npmjs.org/resolve-from set size:12911 disposed:false
275 silly fetch manifest terminal-link@2.1.1
276 silly packumentCache full:https://registry.npmjs.org/terminal-link cache-miss
277 http cache https://registry.npmjs.org/@expo%2fresults 17ms (cache hit)
278 silly packumentCache full:https://registry.npmjs.org/@expo%2fresults set size:20247 disposed:false
279 silly fetch manifest @expo/eas-json@24.9.0
280 silly packumentCache full:https://registry.npmjs.org/@expo%2feas-json cache-miss
281 http cache https://registry.npmjs.org/ts-deepmerge 21ms (cache hit)
282 silly packumentCache full:https://registry.npmjs.org/ts-deepmerge set size:104039 disposed:false
283 silly fetch manifest @expo/json-file@8.3.3
284 silly packumentCache full:https://registry.npmjs.org/@expo%2fjson-file cache-miss
285 http cache https://registry.npmjs.org/promise-retry 3ms (cache hit)
286 silly packumentCache full:https://registry.npmjs.org/promise-retry set size:34511 disposed:false
287 silly fetch manifest @expo/osascript@2.1.4
288 silly packumentCache full:https://registry.npmjs.org/@expo%2fosascript cache-miss
289 http cache https://registry.npmjs.org/indent-string 6ms (cache hit)
290 silly packumentCache full:https://registry.npmjs.org/indent-string set size:28547 disposed:false
291 silly fetch manifest fast-deep-equal@3.1.3
292 silly packumentCache full:https://registry.npmjs.org/fast-deep-equal cache-miss
293 http cache https://registry.npmjs.org/promise-limit 5ms (cache hit)
294 silly packumentCache full:https://registry.npmjs.org/promise-limit set size:21600 disposed:false
295 silly fetch manifest node-stream-zip@1.15.0
296 silly packumentCache full:https://registry.npmjs.org/node-stream-zip cache-miss
297 http cache https://registry.npmjs.org/bplist-parser 18ms (cache hit)
298 silly packumentCache full:https://registry.npmjs.org/bplist-parser set size:25466 disposed:false
299 silly fetch manifest qrcode-terminal@0.12.0
300 silly packumentCache full:https://registry.npmjs.org/qrcode-terminal cache-miss
301 http cache https://registry.npmjs.org/terminal-link 5ms (cache hit)
302 silly packumentCache full:https://registry.npmjs.org/terminal-link set size:26728 disposed:false
303 silly fetch manifest @expo/timeago.js@1.0.0
304 silly packumentCache full:https://registry.npmjs.org/@expo%2ftimeago.js cache-miss
305 http cache https://registry.npmjs.org/qrcode-terminal 3ms (cache hit)
306 silly packumentCache full:https://registry.npmjs.org/qrcode-terminal set size:29799 disposed:false
307 silly fetch manifest @expo/apple-utils@2.2.1
308 silly packumentCache full:https://registry.npmjs.org/@expo%2fapple-utils cache-miss
309 http cache https://registry.npmjs.org/node-stream-zip 4ms (cache hit)
310 silly packumentCache full:https://registry.npmjs.org/node-stream-zip set size:114645 disposed:false
311 silly fetch manifest @expo/plugin-help@5.1.23
312 silly packumentCache full:https://registry.npmjs.org/@expo%2fplugin-help cache-miss
313 http cache https://registry.npmjs.org/@expo%2feas-json 7ms (cache hit)
314 silly packumentCache full:https://registry.npmjs.org/@expo%2feas-json set size:744477 disposed:false
315 silly fetch manifest @expo/spawn-async@1.7.2
316 silly packumentCache full:https://registry.npmjs.org/@expo%2fspawn-async cache-miss
317 http cache https://registry.npmjs.org/@expo%2fjson-file 9ms (cache hit)
318 silly packumentCache full:https://registry.npmjs.org/@expo%2fjson-file set size:810743 disposed:false
319 silly fetch manifest https-proxy-agent@7.0.6
320 silly packumentCache full:https://registry.npmjs.org/https-proxy-agent cache-miss
321 http cache https://registry.npmjs.org/@expo%2fosascript 13ms (cache hit)
322 silly packumentCache full:https://registry.npmjs.org/@expo%2fosascript set size:687644 disposed:false
323 silly fetch manifest agent-cli-detector@0.1.7
324 silly packumentCache full:https://registry.npmjs.org/agent-cli-detector cache-miss
325 http cache https://registry.npmjs.org/fast-deep-equal 14ms (cache hit)
326 silly packumentCache full:https://registry.npmjs.org/fast-deep-equal set size:48634 disposed:false
327 silly fetch manifest set-interval-async@3.0.3
328 silly packumentCache full:https://registry.npmjs.org/set-interval-async cache-miss
329 http cache https://registry.npmjs.org/@expo%2ftimeago.js 14ms (cache hit)
330 silly packumentCache full:https://registry.npmjs.org/@expo%2ftimeago.js set size:12418 disposed:false
331 silly fetch manifest @expo/eas-build-job@24.9.0
332 silly packumentCache full:https://registry.npmjs.org/@expo%2feas-build-job cache-miss
333 http cache https://registry.npmjs.org/@expo%2fapple-utils 13ms (cache hit)
334 silly packumentCache full:https://registry.npmjs.org/@expo%2fapple-utils set size:281714 disposed:false
335 silly fetch manifest @expo/config-plugins@55.0.7
336 silly packumentCache full:https://registry.npmjs.org/@expo%2fconfig-plugins cache-miss
337 http cache https://registry.npmjs.org/@expo%2fplugin-help 13ms (cache hit)
338 silly packumentCache full:https://registry.npmjs.org/@expo%2fplugin-help set size:25128 disposed:false
339 silly fetch manifest @urql/exchange-retry@1.2.0
340 silly packumentCache full:https://registry.npmjs.org/@urql%2fexchange-retry cache-miss
341 http cache https://registry.npmjs.org/@expo%2fspawn-async 11ms (cache hit)
342 silly packumentCache full:https://registry.npmjs.org/@expo%2fspawn-async set size:41361 disposed:false
343 silly fetch manifest sandbox-cli-detector@0.2.0
344 silly packumentCache full:https://registry.npmjs.org/sandbox-cli-detector cache-miss
345 http cache https://registry.npmjs.org/https-proxy-agent 8ms (cache hit)
346 silly packumentCache full:https://registry.npmjs.org/https-proxy-agent set size:83792 disposed:false
347 silly fetch manifest @expo/package-manager@1.9.10
348 silly packumentCache full:https://registry.npmjs.org/@expo%2fpackage-manager cache-miss
349 http cache https://registry.npmjs.org/agent-cli-detector 6ms (cache hit)
350 silly packumentCache full:https://registry.npmjs.org/agent-cli-detector set size:27549 disposed:false
351 silly fetch manifest @expo/prebuild-config@9.0.12
352 silly packumentCache full:https://registry.npmjs.org/@expo%2fprebuild-config cache-miss
353 http cache https://registry.npmjs.org/set-interval-async 5ms (cache hit)
354 silly packumentCache full:https://registry.npmjs.org/set-interval-async set size:207083 disposed:false
355 silly fetch manifest @expo/rudder-sdk-node@1.1.1
356 silly packumentCache full:https://registry.npmjs.org/@expo%2frudder-sdk-node cache-miss
357 http cache https://registry.npmjs.org/@expo%2feas-build-job 7ms (cache hit)
358 silly packumentCache full:https://registry.npmjs.org/@expo%2feas-build-job set size:862097 disposed:false
359 silly fetch manifest @segment/ajv-human-errors@^2.1.2
360 silly packumentCache full:https://registry.npmjs.org/@segment%2fajv-human-errors cache-miss
361 http cache https://registry.npmjs.org/@urql%2fexchange-retry 7ms (cache hit)
362 silly packumentCache full:https://registry.npmjs.org/@urql%2fexchange-retry set size:292772 disposed:false
363 silly fetch manifest @oclif/plugin-autocomplete@^3.2.40
364 silly packumentCache full:https://registry.npmjs.org/@oclif%2fplugin-autocomplete cache-miss
365 http cache https://registry.npmjs.org/sandbox-cli-detector 12ms (cache hit)
366 silly packumentCache full:https://registry.npmjs.org/sandbox-cli-detector set size:12495 disposed:false
367 silly fetch manifest @expo/multipart-body-parser@2.0.0
368 silly packumentCache full:https://registry.npmjs.org/@expo%2fmultipart-body-parser cache-miss
369 http cache https://registry.npmjs.org/@expo%2fpackage-manager 12ms (cache hit)
370 silly packumentCache full:https://registry.npmjs.org/@expo%2fpackage-manager set size:923901 disposed:false
371 silly fetch manifest @expo/code-signing-certificates@0.0.5
372 silly packumentCache full:https://registry.npmjs.org/@expo%2fcode-signing-certificates cache-miss
373 http cache https://registry.npmjs.org/@expo%2frudder-sdk-node 15ms (cache hit)
374 silly packumentCache full:https://registry.npmjs.org/@expo%2frudder-sdk-node set size:35347 disposed:false
375 silly fetch manifest @expo/plugin-warn-if-update-available@2.5.1
376 silly packumentCache full:https://registry.npmjs.org/@expo%2fplugin-warn-if-update-available cache-miss
377 http cache https://registry.npmjs.org/@expo%2fconfig-plugins 20ms (cache hit)
378 silly packumentCache full:https://registry.npmjs.org/@expo%2fconfig-plugins set size:1386907 disposed:false
379 http cache https://registry.npmjs.org/@expo%2fprebuild-config 22ms (cache hit)
380 silly packumentCache full:https://registry.npmjs.org/@expo%2fprebuild-config set size:1336095 disposed:false
381 http cache https://registry.npmjs.org/@expo%2fcode-signing-certificates 14ms (cache hit)
382 silly packumentCache full:https://registry.npmjs.org/@expo%2fcode-signing-certificates set size:33242 disposed:false
383 http cache https://registry.npmjs.org/@oclif%2fplugin-autocomplete 18ms (cache hit)
384 silly packumentCache full:https://registry.npmjs.org/@oclif%2fplugin-autocomplete set size:470830 disposed:false
385 http cache https://registry.npmjs.org/@expo%2fplugin-warn-if-update-available 14ms (cache hit)
386 silly packumentCache full:https://registry.npmjs.org/@expo%2fplugin-warn-if-update-available set size:54272 disposed:false
387 http cache https://registry.npmjs.org/@expo%2fmultipart-body-parser 21ms (cache hit)
388 silly packumentCache full:https://registry.npmjs.org/@expo%2fmultipart-body-parser set size:11944 disposed:false
389 http cache https://registry.npmjs.org/@segment%2fajv-human-errors 30ms (cache hit)
390 silly packumentCache full:https://registry.npmjs.org/@segment%2fajv-human-errors set size:5830759 disposed:false
391 silly fetch manifest bufferutil@^4.0.1
392 silly packumentCache full:https://registry.npmjs.org/bufferutil cache-miss
393 http cache https://registry.npmjs.org/bufferutil 2ms (cache hit)
394 silly packumentCache full:https://registry.npmjs.org/bufferutil set size:52668 disposed:false
395 silly fetch manifest utf-8-validate@>=5.0.2
396 silly packumentCache full:https://registry.npmjs.org/utf-8-validate cache-miss
397 http cache https://registry.npmjs.org/utf-8-validate 1ms (cache hit)
398 silly packumentCache full:https://registry.npmjs.org/utf-8-validate set size:77012 disposed:false
399 silly fetch manifest encoding@^0.1.0
400 silly packumentCache full:https://registry.npmjs.org/encoding cache-miss
401 http cache https://registry.npmjs.org/encoding 2ms (cache hit)
402 silly packumentCache full:https://registry.npmjs.org/encoding set size:17833 disposed:false
403 silly placeDep ROOT @expo/apple-utils@2.2.1 OK for: eas-cli@24.11.0 want: 2.2.1
404 silly placeDep ROOT @expo/code-signing-certificates@0.0.5 OK for: eas-cli@24.11.0 want: 0.0.5
405 silly placeDep ROOT @expo/config@55.0.10 OK for: eas-cli@24.11.0 want: 55.0.10
406 silly placeDep ROOT @expo/config-plugins@55.0.7 OK for: eas-cli@24.11.0 want: 55.0.7
407 silly placeDep ROOT @expo/eas-build-job@24.9.0 OK for: eas-cli@24.11.0 want: 24.9.0
408 silly placeDep ROOT @expo/eas-json@24.9.0 OK for: eas-cli@24.11.0 want: 24.9.0
409 silly placeDep ROOT @expo/env@1.0.7 OK for: eas-cli@24.11.0 want: ^1.0.0
410 silly placeDep ROOT @expo/json-file@8.3.3 OK for: eas-cli@24.11.0 want: 8.3.3
411 silly placeDep ROOT @expo/logger@24.8.0 OK for: eas-cli@24.11.0 want: 24.8.0
412 silly placeDep ROOT @expo/multipart-body-parser@2.0.0 OK for: eas-cli@24.11.0 want: 2.0.0
413 silly placeDep ROOT @expo/osascript@2.1.4 OK for: eas-cli@24.11.0 want: 2.1.4
414 silly placeDep ROOT @expo/package-manager@1.9.10 OK for: eas-cli@24.11.0 want: 1.9.10
415 silly placeDep ROOT @expo/pkcs12@0.1.3 OK for: eas-cli@24.11.0 want: 0.1.3
416 silly placeDep ROOT @expo/plist@0.3.5 OK for: eas-cli@24.11.0 want: 0.3.5
417 silly placeDep ROOT @expo/plugin-help@5.1.23 OK for: eas-cli@24.11.0 want: 5.1.23
418 silly placeDep ROOT @expo/plugin-warn-if-update-available@2.5.1 OK for: eas-cli@24.11.0 want: 2.5.1
419 silly placeDep ROOT @expo/prebuild-config@9.0.12 OK for: eas-cli@24.11.0 want: 9.0.12
420 silly placeDep ROOT @expo/results@1.0.0 OK for: eas-cli@24.11.0 want: 1.0.0
421 silly placeDep ROOT @expo/rudder-sdk-node@1.1.1 OK for: eas-cli@24.11.0 want: 1.1.1
422 silly placeDep ROOT @expo/spawn-async@1.7.2 OK for: eas-cli@24.11.0 want: 1.7.2
423 silly placeDep ROOT @expo/steps@24.9.0 OK for: eas-cli@24.11.0 want: 24.9.0
424 silly placeDep ROOT @expo/timeago.js@1.0.0 OK for: eas-cli@24.11.0 want: 1.0.0
425 silly placeDep ROOT @oclif/core@4.14.0 OK for: eas-cli@24.11.0 want: ^4.8.3
426 silly placeDep ROOT @oclif/plugin-autocomplete@3.3.0 OK for: eas-cli@24.11.0 want: ^3.2.40
427 silly placeDep ROOT @segment/ajv-human-errors@2.16.0 OK for: eas-cli@24.11.0 want: ^2.1.2
428 silly placeDep ROOT ajv@8.11.0 OK for: @segment/ajv-human-errors@2.16.0 want: ^8.0.0
429 silly placeDep ROOT @sentry/node@7.77.0 OK for: eas-cli@24.11.0 want: 7.77.0
430 silly placeDep ROOT @urql/core@4.0.11 OK for: eas-cli@24.11.0 want: 4.0.11
431 silly placeDep ROOT @urql/exchange-retry@1.2.0 OK for: eas-cli@24.11.0 want: 1.2.0
432 silly placeDep ROOT agent-cli-detector@0.1.7 OK for: eas-cli@24.11.0 want: 0.1.7
433 silly placeDep ROOT ajv-formats@2.1.1 OK for: eas-cli@24.11.0 want: 2.1.1
434 silly placeDep ROOT better-opn@3.0.2 OK for: eas-cli@24.11.0 want: 3.0.2
435 silly placeDep ROOT bplist-parser@0.3.2 OK for: eas-cli@24.11.0 want: ^0.3.0
436 silly placeDep ROOT centrifuge@5.7.1 OK for: eas-cli@24.11.0 want: 5.7.1
437 silly placeDep ROOT chalk@4.1.2 OK for: eas-cli@24.11.0 want: 4.1.2
438 silly placeDep ROOT cli-progress@3.12.0 OK for: eas-cli@24.11.0 want: 3.12.0
439 silly placeDep ROOT dateformat@4.6.3 OK for: eas-cli@24.11.0 want: 4.6.3
440 silly placeDep ROOT debug@4.4.3 OK for: eas-cli@24.11.0 want: 4.4.3
441 silly placeDep ROOT diff@7.0.0 OK for: eas-cli@24.11.0 want: 7.0.0
442 silly placeDep ROOT dotenv@16.3.1 OK for: eas-cli@24.11.0 want: 16.3.1
443 silly placeDep ROOT env-paths@2.2.0 OK for: eas-cli@24.11.0 want: 2.2.0
444 silly placeDep ROOT envinfo@7.11.0 OK for: eas-cli@24.11.0 want: 7.11.0
445 silly placeDep ROOT fast-deep-equal@3.1.3 OK for: eas-cli@24.11.0 want: 3.1.3
446 silly placeDep ROOT fast-glob@3.3.2 OK for: eas-cli@24.11.0 want: 3.3.2
447 silly placeDep ROOT figures@3.2.0 OK for: eas-cli@24.11.0 want: 3.2.0
448 silly placeDep ROOT form-data@4.0.6 OK for: eas-cli@24.11.0 want: ^4.0.4
449 silly placeDep ROOT fs-extra@11.2.0 OK for: eas-cli@24.11.0 want: 11.2.0
450 silly placeDep ROOT getenv@1.0.0 OK for: eas-cli@24.11.0 want: 1.0.0
451 silly placeDep ROOT gradle-to-js@2.0.1 OK for: eas-cli@24.11.0 want: 2.0.1
452 silly placeDep ROOT graphql@16.8.1 OK for: eas-cli@24.11.0 want: 16.8.1
453 silly placeDep ROOT graphql-tag@2.12.6 OK for: eas-cli@24.11.0 want: 2.12.6
454 silly placeDep ROOT https-proxy-agent@7.0.6 OK for: eas-cli@24.11.0 want: 7.0.6
455 silly placeDep ROOT ignore@5.3.0 OK for: eas-cli@24.11.0 want: 5.3.0
456 silly placeDep ROOT indent-string@4.0.0 OK for: eas-cli@24.11.0 want: 4.0.0
457 silly placeDep ROOT invariant@2.2.4 OK for: eas-cli@24.11.0 want: ^2.2.2
458 silly placeDep ROOT jks-js@1.1.0 OK for: eas-cli@24.11.0 want: 1.1.0
459 silly placeDep ROOT joi@17.11.0 OK for: eas-cli@24.11.0 want: 17.11.0
460 silly placeDep ROOT keychain@1.5.0 OK for: eas-cli@24.11.0 want: 1.5.0
461 silly placeDep ROOT log-symbols@4.1.0 OK for: eas-cli@24.11.0 want: 4.1.0
462 silly placeDep ROOT mime@3.0.0 OK for: eas-cli@24.11.0 want: 3.0.0
463 silly placeDep ROOT minimatch@5.1.2 OK for: eas-cli@24.11.0 want: 5.1.2
464 silly placeDep ROOT minizlib@3.1.0 OK for: eas-cli@24.11.0 want: 3.1.0
465 silly placeDep ROOT nanoid@3.3.8 OK for: eas-cli@24.11.0 want: 3.3.8
466 silly placeDep ROOT node-fetch@2.6.7 OK for: eas-cli@24.11.0 want: 2.6.7
467 silly placeDep ROOT node-forge@1.4.0 OK for: eas-cli@24.11.0 want: 1.4.0
468 silly placeDep ROOT node-stream-zip@1.15.0 OK for: eas-cli@24.11.0 want: 1.15.0
469 silly placeDep ROOT nullthrows@1.1.1 OK for: eas-cli@24.11.0 want: 1.1.1
470 silly placeDep ROOT open@8.4.0 OK for: eas-cli@24.11.0 want: 8.4.0
471 silly placeDep ROOT ora@5.1.0 OK for: eas-cli@24.11.0 want: 5.1.0
472 silly placeDep ROOT pkg-dir@4.2.0 OK for: eas-cli@24.11.0 want: 4.2.0
473 silly placeDep ROOT pngjs@7.0.0 OK for: eas-cli@24.11.0 want: 7.0.0
474 silly placeDep ROOT promise-limit@2.7.0 OK for: eas-cli@24.11.0 want: 2.7.0
475 silly placeDep ROOT promise-retry@2.0.1 OK for: eas-cli@24.11.0 want: 2.0.1
476 silly placeDep ROOT prompts@2.4.2 OK for: eas-cli@24.11.0 want: 2.4.2
477 silly placeDep ROOT qrcode-terminal@0.12.0 OK for: eas-cli@24.11.0 want: 0.12.0
478 silly placeDep ROOT resolve-from@5.0.0 OK for: eas-cli@24.11.0 want: 5.0.0
479 silly placeDep ROOT sandbox-cli-detector@0.2.0 OK for: eas-cli@24.11.0 want: 0.2.0
480 silly placeDep ROOT semver@7.5.4 OK for: eas-cli@24.11.0 want: 7.5.4
481 silly placeDep ROOT set-interval-async@3.0.3 OK for: eas-cli@24.11.0 want: 3.0.3
482 silly placeDep ROOT slash@3.0.0 OK for: eas-cli@24.11.0 want: 3.0.0
483 silly placeDep ROOT tar@7.5.19 OK for: eas-cli@24.11.0 want: 7.5.19
484 silly placeDep ROOT tar-stream@3.1.7 OK for: eas-cli@24.11.0 want: 3.1.7
485 silly placeDep ROOT terminal-link@2.1.1 OK for: eas-cli@24.11.0 want: 2.1.1
486 silly placeDep ROOT ts-deepmerge@6.2.0 OK for: eas-cli@24.11.0 want: 6.2.0
487 silly placeDep ROOT tslib@2.6.2 OK for: eas-cli@24.11.0 want: 2.6.2
488 silly placeDep ROOT turndown@7.1.2 OK for: eas-cli@24.11.0 want: 7.1.2
489 silly placeDep ROOT untildify@4.0.0 OK for: eas-cli@24.11.0 want: 4.0.0
490 silly placeDep ROOT uuid@11.1.1 OK for: eas-cli@24.11.0 want: 11.1.1
491 silly placeDep ROOT wrap-ansi@7.0.0 OK for: eas-cli@24.11.0 want: 7.0.0
492 silly placeDep ROOT ws@8.21.1 OK for: eas-cli@24.11.0 want: 8.21.1
493 silly placeDep ROOT yaml@2.6.0 OK for: eas-cli@24.11.0 want: 2.6.0
494 silly placeDep ROOT zod@4.6.5 OK for: eas-cli@24.11.0 want: ^4.1.3
495 silly fetch manifest node-forge@^1.2.1
496 silly packumentCache full:https://registry.npmjs.org/node-forge cache-hit
497 silly fetch manifest nullthrows@^1.1.1
498 silly packumentCache full:https://registry.npmjs.org/nullthrows cache-hit
499 silly fetch manifest glob@^13.0.0
500 silly packumentCache full:https://registry.npmjs.org/glob cache-miss
501 silly fetch manifest getenv@^2.0.0
502 silly packumentCache full:https://registry.npmjs.org/getenv cache-hit
503 silly fetch manifest semver@^7.6.0
504 silly packumentCache full:https://registry.npmjs.org/semver cache-hit
505 silly fetch manifest slugify@^1.3.4
506 silly packumentCache full:https://registry.npmjs.org/slugify cache-miss
507 silly fetch manifest deepmerge@^4.3.1
508 silly packumentCache full:https://registry.npmjs.org/deepmerge cache-miss
509 silly fetch manifest resolve-from@^5.0.0
510 silly packumentCache full:https://registry.npmjs.org/resolve-from cache-hit
511 silly fetch manifest @expo/json-file@^10.0.12
512 silly packumentCache full:https://registry.npmjs.org/@expo%2fjson-file cache-hit
513 silly fetch manifest @expo/config-types@^55.0.5
514 silly packumentCache full:https://registry.npmjs.org/@expo%2fconfig-types cache-miss
515 silly fetch manifest @expo/require-utils@^55.0.3
516 silly packumentCache full:https://registry.npmjs.org/@expo%2frequire-utils cache-miss
517 silly fetch manifest @expo/config-plugins@~55.0.7
518 silly packumentCache full:https://registry.npmjs.org/@expo%2fconfig-plugins cache-miss
519 silly fetch manifest resolve-workspace-root@^2.0.0
520 silly packumentCache full:https://registry.npmjs.org/resolve-workspace-root cache-miss
521 http cache https://registry.npmjs.org/slugify 7ms (cache hit)
522 silly packumentCache full:https://registry.npmjs.org/slugify set size:103522 disposed:false
523 silly fetch manifest glob@^13.0.0
524 silly packumentCache full:https://registry.npmjs.org/glob cache-miss
525 http cache https://registry.npmjs.org/glob 9ms (cache hit)
526 silly packumentCache full:https://registry.npmjs.org/glob set size:469465 disposed:false
527 silly fetch manifest chalk@^4.1.2
528 silly packumentCache full:https://registry.npmjs.org/chalk cache-hit
529 silly fetch manifest debug@^4.3.5
530 silly packumentCache full:https://registry.npmjs.org/debug cache-hit
531 silly fetch manifest xcode@^3.0.1
532 silly packumentCache full:https://registry.npmjs.org/xcode cache-miss
533 http cache https://registry.npmjs.org/deepmerge 12ms (cache hit)
534 silly packumentCache full:https://registry.npmjs.org/deepmerge set size:101897 disposed:false
535 silly fetch manifest semver@^7.5.4
536 silly packumentCache full:https://registry.npmjs.org/semver cache-hit
537 silly fetch manifest xml2js@0.6.0
538 silly packumentCache full:https://registry.npmjs.org/xml2js cache-miss
539 http cache https://registry.npmjs.org/@expo%2fconfig-types 12ms (cache hit)
540 silly packumentCache full:https://registry.npmjs.org/@expo%2fconfig-types set size:842034 disposed:false
541 silly fetch manifest slugify@^1.6.6
542 silly packumentCache full:https://registry.npmjs.org/slugify cache-hit
543 silly fetch manifest @expo/plist@^0.5.2
544 silly packumentCache full:https://registry.npmjs.org/@expo%2fplist cache-hit
545 silly fetch manifest @expo/json-file@~10.0.12
546 silly packumentCache full:https://registry.npmjs.org/@expo%2fjson-file cache-hit
547 silly fetch manifest @expo/sdk-runtime-versions@^1.0.0
548 silly packumentCache full:https://registry.npmjs.org/@expo%2fsdk-runtime-versions cache-miss
549 http cache https://registry.npmjs.org/@expo%2fconfig-plugins 22ms (cache hit)
550 silly packumentCache full:https://registry.npmjs.org/@expo%2fconfig-plugins set size:1386907 disposed:false
551 silly fetch manifest joi@^17.13.1
552 silly packumentCache full:https://registry.npmjs.org/joi cache-hit
553 silly fetch manifest zod@^4.3.5
554 silly packumentCache full:https://registry.npmjs.org/zod cache-miss
555 http cache https://registry.npmjs.org/@expo%2frequire-utils 34ms (cache hit)
556 silly packumentCache full:https://registry.npmjs.org/@expo%2frequire-utils set size:212738 disposed:false
557 silly fetch manifest semver@^7.6.2
558 silly packumentCache full:https://registry.npmjs.org/semver cache-hit
559 silly fetch manifest @expo/turtle-spawn@24.8.0
560 silly packumentCache full:https://registry.npmjs.org/@expo%2fturtle-spawn cache-miss
561 http cache https://registry.npmjs.org/resolve-workspace-root 35ms (cache hit)
562 silly packumentCache full:https://registry.npmjs.org/resolve-workspace-root set size:11680 disposed:false
563 silly fetch manifest tslib@2.4.1
564 silly packumentCache full:https://registry.npmjs.org/tslib cache-hit
565 silly fetch manifest semver@7.5.2
566 silly packumentCache full:https://registry.npmjs.org/semver cache-hit
567 silly fetch manifest env-string@1.0.1
568 silly packumentCache full:https://registry.npmjs.org/env-string cache-miss
569 http cache https://registry.npmjs.org/glob 32ms (cache hit)
570 silly packumentCache full:https://registry.npmjs.org/glob set size:469465 disposed:false
571 silly packumentCache full:https://registry.npmjs.org/glob dispose
572 silly fetch manifest golden-fleece@1.0.9
573 silly packumentCache full:https://registry.npmjs.org/golden-fleece cache-miss
574 http cache https://registry.npmjs.org/xml2js 29ms (cache hit)
575 silly packumentCache full:https://registry.npmjs.org/xml2js set size:198018 disposed:false
576 silly fetch manifest @babel/code-frame@7.23.5
577 silly packumentCache full:https://registry.npmjs.org/@babel%2fcode-frame cache-miss
578 http cache https://registry.npmjs.org/xcode 35ms (cache hit)
579 silly packumentCache full:https://registry.npmjs.org/xcode set size:5234429 disposed:false
580 silly fetch manifest chalk@^4.0.0
581 silly packumentCache full:https://registry.npmjs.org/chalk cache-hit
582 silly fetch manifest debug@^4.3.4
583 silly packumentCache full:https://registry.npmjs.org/debug cache-hit
584 silly fetch manifest dotenv@~16.4.5
585 silly packumentCache full:https://registry.npmjs.org/dotenv cache-hit
586 silly fetch manifest dotenv-expand@~11.0.6
587 silly packumentCache full:https://registry.npmjs.org/dotenv-expand cache-miss
588 http cache https://registry.npmjs.org/@expo%2fsdk-runtime-versions 39ms (cache hit)
589 silly packumentCache full:https://registry.npmjs.org/@expo%2fsdk-runtime-versions set size:7579 disposed:false
590 silly fetch manifest json5@^2.2.2
591 silly packumentCache full:https://registry.npmjs.org/json5 cache-miss
592 http cache https://registry.npmjs.org/@expo%2fturtle-spawn 26ms (cache hit)
593 silly packumentCache full:https://registry.npmjs.org/@expo%2fturtle-spawn set size:183659 disposed:false
594 silly fetch manifest @babel/code-frame@~7.10.4
595 silly packumentCache full:https://registry.npmjs.org/@babel%2fcode-frame cache-miss
596 http cache https://registry.npmjs.org/zod 36ms (cache hit)
597 silly packumentCache full:https://registry.npmjs.org/zod set size:4166672 disposed:false
598 silly fetch manifest write-file-atomic@^2.3.0
599 silly packumentCache full:https://registry.npmjs.org/write-file-atomic cache-miss
600 http cache https://registry.npmjs.org/env-string 46ms (cache hit)
601 silly packumentCache full:https://registry.npmjs.org/env-string set size:5158 disposed:false
602 silly fetch manifest bunyan@^1.8.15
603 silly packumentCache full:https://registry.npmjs.org/bunyan cache-miss
604 http cache https://registry.npmjs.org/@babel%2fcode-frame 42ms (cache hit)
605 silly packumentCache full:https://registry.npmjs.org/@babel%2fcode-frame set size:208928 disposed:false
606 silly fetch manifest @types/bunyan@^1.8.11
607 silly packumentCache full:https://registry.npmjs.org/@types%2fbunyan cache-miss
608 http cache https://registry.npmjs.org/golden-fleece 45ms (cache hit)
609 silly packumentCache full:https://registry.npmjs.org/golden-fleece set size:22496 disposed:false
610 silly fetch manifest multipasta@^0.2.5
611 silly packumentCache full:https://registry.npmjs.org/multipasta cache-miss
612 http cache https://registry.npmjs.org/dotenv-expand 25ms (cache hit)
613 silly packumentCache full:https://registry.npmjs.org/dotenv-expand set size:73831 disposed:false
614 silly fetch manifest exec-async@^2.2.0
615 silly packumentCache full:https://registry.npmjs.org/exec-async cache-miss
616 http cache https://registry.npmjs.org/json5 26ms (cache hit)
617 silly packumentCache full:https://registry.npmjs.org/json5 set size:86136 disposed:false
618 silly fetch manifest @expo/spawn-async@^1.7.2
619 silly packumentCache full:https://registry.npmjs.org/@expo%2fspawn-async cache-hit
620 silly fetch manifest ora@^3.4.0
621 silly packumentCache full:https://registry.npmjs.org/ora cache-hit
622 silly fetch manifest @expo/json-file@^10.0.8
623 silly packumentCache full:https://registry.npmjs.org/@expo%2fjson-file cache-hit
624 silly fetch manifest npm-package-arg@^11.0.0
625 silly packumentCache full:https://registry.npmjs.org/npm-package-arg cache-miss
626 http cache https://registry.npmjs.org/@babel%2fcode-frame 28ms (cache hit)
627 silly packumentCache full:https://registry.npmjs.org/@babel%2fcode-frame set size:208928 disposed:false
628 silly packumentCache full:https://registry.npmjs.org/@babel%2fcode-frame dispose
629 silly fetch manifest base64-js@^1.2.3
630 silly packumentCache full:https://registry.npmjs.org/base64-js cache-miss
631 http cache https://registry.npmjs.org/write-file-atomic 12ms (cache hit)
632 silly packumentCache full:https://registry.npmjs.org/write-file-atomic set size:82781 disposed:false
633 silly fetch manifest xmlbuilder@^15.1.1
634 silly packumentCache full:https://registry.npmjs.org/xmlbuilder cache-miss
635 http cache https://registry.npmjs.org/bunyan 11ms (cache hit)
636 silly packumentCache full:https://registry.npmjs.org/bunyan set size:426767 disposed:false
637 silly fetch manifest @xmldom/xmldom@^0.8.8
638 silly packumentCache full:https://registry.npmjs.org/@xmldom%2fxmldom cache-miss
639 http cache https://registry.npmjs.org/multipasta 10ms (cache hit)
640 silly packumentCache full:https://registry.npmjs.org/multipasta set size:71472 disposed:false
641 silly fetch manifest @oclif/core@^2.11.1
642 silly packumentCache full:https://registry.npmjs.org/@oclif%2fcore cache-miss
643 http cache https://registry.npmjs.org/@types%2fbunyan 12ms (cache hit)
644 silly packumentCache full:https://registry.npmjs.org/@types%2fbunyan set size:44656 disposed:false
645 silly fetch manifest ejs@^3.1.7
646 silly packumentCache full:https://registry.npmjs.org/ejs cache-miss
647 http cache https://registry.npmjs.org/exec-async 11ms (cache hit)
648 silly packumentCache full:https://registry.npmjs.org/exec-async set size:6048 disposed:false
649 silly fetch manifest chalk@^4.1.0
650 silly packumentCache full:https://registry.npmjs.org/chalk cache-hit
651 silly fetch manifest tslib@^2.4.0
652 silly packumentCache full:https://registry.npmjs.org/tslib cache-hit
653 silly fetch manifest semver@^7.3.7
654 silly packumentCache full:https://registry.npmjs.org/semver cache-hit
655 silly fetch manifest fs-extra@^10.1.0
656 silly packumentCache full:https://registry.npmjs.org/fs-extra cache-hit
657 silly fetch manifest http-call@^5.2.2
658 silly packumentCache full:https://registry.npmjs.org/http-call cache-miss
659 http cache https://registry.npmjs.org/npm-package-arg 10ms (cache hit)
660 silly packumentCache full:https://registry.npmjs.org/npm-package-arg set size:133943 disposed:false
661 silly fetch manifest @oclif/core@^2.11.1
662 silly packumentCache full:https://registry.npmjs.org/@oclif%2fcore cache-miss
663 http cache https://registry.npmjs.org/xmlbuilder 8ms (cache hit)
664 silly packumentCache full:https://registry.npmjs.org/xmlbuilder set size:158707 disposed:false
665 silly fetch manifest debug@^4.3.1
666 silly packumentCache full:https://registry.npmjs.org/debug cache-hit
667 silly fetch manifest @expo/config@~11.0.13
668 silly packumentCache full:https://registry.npmjs.org/@expo%2fconfig cache-miss
669 http cache https://registry.npmjs.org/base64-js 10ms (cache hit)
670 silly packumentCache full:https://registry.npmjs.org/base64-js set size:41270 disposed:false
671 silly fetch manifest @expo/json-file@^9.1.5
672 silly packumentCache full:https://registry.npmjs.org/@expo%2fjson-file cache-hit
673 silly fetch manifest @expo/image-utils@^0.7.6
674 silly packumentCache full:https://registry.npmjs.org/@expo%2fimage-utils cache-miss
675 http cache https://registry.npmjs.org/@xmldom%2fxmldom 8ms (cache hit)
676 silly packumentCache full:https://registry.npmjs.org/@xmldom%2fxmldom set size:178126 disposed:false
677 silly fetch manifest @expo/config-types@^53.0.5
678 silly packumentCache full:https://registry.npmjs.org/@expo%2fconfig-types cache-hit
679 silly fetch manifest @expo/config-plugins@~10.1.2
680 silly packumentCache full:https://registry.npmjs.org/@expo%2fconfig-plugins cache-miss
681 http cache https://registry.npmjs.org/http-call 13ms (cache hit)
682 silly packumentCache full:https://registry.npmjs.org/http-call set size:149003 disposed:false
683 silly fetch manifest @react-native/normalize-colors@0.79.6
684 silly packumentCache full:https://registry.npmjs.org/@react-native%2fnormalize-colors cache-miss
685 http cache https://registry.npmjs.org/@oclif%2fcore 18ms (cache hit)
686 silly packumentCache full:https://registry.npmjs.org/@oclif%2fcore set size:2104987 disposed:false
687 silly fetch manifest md5@^2.2.1
688 silly packumentCache full:https://registry.npmjs.org/md5 cache-miss
689 http cache https://registry.npmjs.org/@expo%2fconfig 22ms (cache hit)
690 silly packumentCache full:https://registry.npmjs.org/@expo%2fconfig set size:1583798 disposed:false
691 silly fetch manifest uuid@^8.3.2
692 silly packumentCache full:https://registry.npmjs.org/uuid cache-hit
693 silly fetch manifest node-fetch@^2.6.1
694 silly packumentCache full:https://registry.npmjs.org/node-fetch cache-hit
695 silly fetch manifest fetch-retry@^4.1.1
696 silly packumentCache full:https://registry.npmjs.org/fetch-retry cache-miss
697 http cache https://registry.npmjs.org/@expo%2fimage-utils 27ms (cache hit)
698 silly packumentCache full:https://registry.npmjs.org/@expo%2fimage-utils set size:885734 disposed:false
699 silly fetch manifest @expo/bunyan@^4.0.0
700 silly packumentCache full:https://registry.npmjs.org/@expo%2fbunyan cache-miss
701 http cache https://registry.npmjs.org/ejs 38ms (cache hit)
702 silly packumentCache full:https://registry.npmjs.org/ejs set size:155322 disposed:false
703 silly fetch manifest remove-trailing-slash@^0.1.0
704 silly packumentCache full:https://registry.npmjs.org/remove-trailing-slash cache-miss
705 http cache https://registry.npmjs.org/@oclif%2fcore 37ms (cache hit)
706 silly packumentCache full:https://registry.npmjs.org/@oclif%2fcore set size:2104987 disposed:false
707 silly fetch manifest @segment/loosely-validate-event@^2.0.0
708 silly packumentCache full:https://registry.npmjs.org/@segment%2floosely-validate-event cache-miss
709 http cache https://registry.npmjs.org/@expo%2fconfig-plugins 39ms (cache hit)
710 silly packumentCache full:https://registry.npmjs.org/@expo%2fconfig-plugins set size:1386907 disposed:false
711 silly fetch manifest cross-spawn@^7.0.3
712 silly packumentCache full:https://registry.npmjs.org/cross-spawn cache-miss
713 http cache https://registry.npmjs.org/fetch-retry 28ms (cache hit)
714 silly packumentCache full:https://registry.npmjs.org/fetch-retry set size:91730 disposed:false
715 silly fetch manifest arg@^5.0.2
716 silly packumentCache full:https://registry.npmjs.org/arg cache-miss
717 http cache https://registry.npmjs.org/@expo%2fbunyan 25ms (cache hit)
718 silly packumentCache full:https://registry.npmjs.org/@expo%2fbunyan set size:105922 disposed:false
719 silly fetch manifest jsep@^1.3.8
720 silly packumentCache full:https://registry.npmjs.org/jsep cache-miss
721 http cache https://registry.npmjs.org/md5 39ms (cache hit)
722 silly packumentCache full:https://registry.npmjs.org/md5 set size:16772 disposed:false
723 silly fetch manifest uuid@^11.1.1
724 silly packumentCache full:https://registry.npmjs.org/uuid cache-hit
725 silly fetch manifest yaml@^2.4.3
726 silly packumentCache full:https://registry.npmjs.org/yaml cache-hit
727 silly fetch manifest fs-extra@^11.2.0
728 silly packumentCache full:https://registry.npmjs.org/fs-extra cache-hit
729 silly fetch manifest fast-glob@^3.3.2
730 silly packumentCache full:https://registry.npmjs.org/fast-glob cache-hit
731 silly fetch manifest lodash.clonedeep@^4.5.0
732 silly packumentCache full:https://registry.npmjs.org/lodash.clonedeep cache-miss
733 http cache https://registry.npmjs.org/@segment%2floosely-validate-event 17ms (cache hit)
734 silly packumentCache full:https://registry.npmjs.org/@segment%2floosely-validate-event set size:15331 disposed:false
735 silly fetch manifest ejs@^6
736 silly packumentCache full:https://registry.npmjs.org/ejs cache-hit
737 silly fetch manifest ansis@^3.17.0
738 silly packumentCache full:https://registry.npmjs.org/ansis cache-miss
739 http cache https://registry.npmjs.org/remove-trailing-slash 27ms (cache hit)
740 silly packumentCache full:https://registry.npmjs.org/remove-trailing-slash set size:5598 disposed:false
741 silly fetch manifest debug@^4.4.3
742 silly packumentCache full:https://registry.npmjs.org/debug cache-hit
743 silly fetch manifest semver@^7.8.1
744 silly packumentCache full:https://registry.npmjs.org/semver cache-hit
745 silly fetch manifest wordwrap@^1.0.0
746 silly packumentCache full:https://registry.npmjs.org/wordwrap cache-miss
747 http cache https://registry.npmjs.org/@react-native%2fnormalize-colors 53ms (cache hit)
748 silly packumentCache full:https://registry.npmjs.org/@react-native%2fnormalize-colors set size:2157491 disposed:false
749 silly fetch manifest lilconfig@^3.1.3
750 silly packumentCache full:https://registry.npmjs.org/lilconfig cache-miss
751 http cache https://registry.npmjs.org/cross-spawn 20ms (cache hit)
752 silly packumentCache full:https://registry.npmjs.org/cross-spawn set size:109066 disposed:false
753 silly fetch manifest minimatch@^10.2.5
754 silly packumentCache full:https://registry.npmjs.org/minimatch cache-hit
755 silly fetch manifest wrap-ansi@^7.0.0
756 silly packumentCache full:https://registry.npmjs.org/wrap-ansi cache-hit
757 silly fetch manifest wsl-utils@^0.4.0
758 silly packumentCache full:https://registry.npmjs.org/wsl-utils cache-miss
759 http cache https://registry.npmjs.org/arg 20ms (cache hit)
760 silly packumentCache full:https://registry.npmjs.org/arg set size:67036 disposed:false
761 silly fetch manifest tinyglobby@^0.2.17
762 silly packumentCache full:https://registry.npmjs.org/tinyglobby cache-miss
763 http cache https://registry.npmjs.org/lodash.clonedeep 16ms (cache hit)
764 silly packumentCache full:https://registry.npmjs.org/lodash.clonedeep set size:48192 disposed:false
765 silly fetch manifest clean-stack@^3.0.1
766 silly packumentCache full:https://registry.npmjs.org/clean-stack cache-miss
767 http cache https://registry.npmjs.org/jsep 18ms (cache hit)
768 silly packumentCache full:https://registry.npmjs.org/jsep set size:104519 disposed:false
769 silly fetch manifest widest-line@^3.1.0
770 silly packumentCache full:https://registry.npmjs.org/widest-line cache-miss
771 http cache https://registry.npmjs.org/ansis 17ms (cache hit)
772 silly packumentCache full:https://registry.npmjs.org/ansis set size:234969 disposed:false
773 silly fetch manifest ansi-escapes@^4.3.2
774 silly packumentCache full:https://registry.npmjs.org/ansi-escapes cache-miss
775 http cache https://registry.npmjs.org/wordwrap 18ms (cache hit)
776 silly packumentCache full:https://registry.npmjs.org/wordwrap set size:9026 disposed:false
777 silly fetch manifest cli-spinners@^2.9.2
778 silly packumentCache full:https://registry.npmjs.org/cli-spinners cache-miss
779 http cache https://registry.npmjs.org/lilconfig 10ms (cache hit)
780 silly packumentCache full:https://registry.npmjs.org/lilconfig set size:45636 disposed:false
781 silly fetch manifest string-width@^4.2.3
782 silly packumentCache full:https://registry.npmjs.org/string-width cache-miss
783 http cache https://registry.npmjs.org/wsl-utils 8ms (cache hit)
784 silly packumentCache full:https://registry.npmjs.org/wsl-utils set size:19203 disposed:false
785 silly fetch manifest indent-string@^4.0.0
786 silly packumentCache full:https://registry.npmjs.org/indent-string cache-hit
787 silly fetch manifest supports-color@^8
788 silly packumentCache full:https://registry.npmjs.org/supports-color cache-miss
789 http cache https://registry.npmjs.org/tinyglobby 7ms (cache hit)
790 silly packumentCache full:https://registry.npmjs.org/tinyglobby set size:54291 disposed:false
791 silly fetch manifest get-package-type@^0.1.0
792 silly packumentCache full:https://registry.npmjs.org/get-package-type cache-miss
793 http cache https://registry.npmjs.org/widest-line 6ms (cache hit)
794 silly packumentCache full:https://registry.npmjs.org/widest-line set size:23158 disposed:false
795 silly fetch manifest ejs@^3.1.10
796 silly packumentCache full:https://registry.npmjs.org/ejs cache-hit
797 silly fetch manifest ansis@^3.16.0
798 silly packumentCache full:https://registry.npmjs.org/ansis cache-hit
799 silly fetch manifest debug@^4.4.1
800 silly packumentCache full:https://registry.npmjs.org/debug cache-hit
801 silly fetch manifest uri-js@^4.2.2
802 silly packumentCache full:https://registry.npmjs.org/uri-js cache-miss
803 http cache https://registry.npmjs.org/clean-stack 8ms (cache hit)
804 silly packumentCache full:https://registry.npmjs.org/clean-stack set size:52858 disposed:false
805 silly fetch manifest fast-deep-equal@^3.1.1
806 silly packumentCache full:https://registry.npmjs.org/fast-deep-equal cache-hit
807 silly fetch manifest require-from-string@^2.0.2
808 silly packumentCache full:https://registry.npmjs.org/require-from-string cache-miss
809 http cache https://registry.npmjs.org/ansi-escapes 5ms (cache hit)
810 silly packumentCache full:https://registry.npmjs.org/ansi-escapes set size:70915 disposed:false
811 silly fetch manifest json-schema-traverse@^1.0.0
812 silly packumentCache full:https://registry.npmjs.org/json-schema-traverse cache-miss
813 http cache https://registry.npmjs.org/cli-spinners 6ms (cache hit)
814 silly packumentCache full:https://registry.npmjs.org/cli-spinners set size:67473 disposed:false
815 silly fetch manifest @sentry/core@7.77.0
816 silly packumentCache full:https://registry.npmjs.org/@sentry%2fcore cache-miss
817 http cache https://registry.npmjs.org/string-width 8ms (cache hit)
818 silly packumentCache full:https://registry.npmjs.org/string-width set size:74702 disposed:false
819 silly fetch manifest @sentry/types@7.77.0
820 silly packumentCache full:https://registry.npmjs.org/@sentry%2ftypes cache-miss
821 http cache https://registry.npmjs.org/supports-color 8ms (cache hit)
822 silly packumentCache full:https://registry.npmjs.org/supports-color set size:124169 disposed:false
823 silly fetch manifest @sentry/utils@7.77.0
824 silly packumentCache full:https://registry.npmjs.org/@sentry%2futils cache-miss
825 http cache https://registry.npmjs.org/get-package-type 9ms (cache hit)
826 silly packumentCache full:https://registry.npmjs.org/get-package-type set size:4414 disposed:false
827 silly fetch manifest https-proxy-agent@^5.0.0
828 silly packumentCache full:https://registry.npmjs.org/https-proxy-agent cache-hit
829 silly fetch manifest @sentry-internal/tracing@7.77.0
830 silly packumentCache full:https://registry.npmjs.org/@sentry-internal%2ftracing cache-miss
831 http cache https://registry.npmjs.org/require-from-string 9ms (cache hit)
832 silly packumentCache full:https://registry.npmjs.org/require-from-string set size:15128 disposed:false
833 silly fetch manifest wonka@^6.3.2
834 silly packumentCache full:https://registry.npmjs.org/wonka cache-miss
835 http cache https://registry.npmjs.org/json-schema-traverse 8ms (cache hit)
836 silly packumentCache full:https://registry.npmjs.org/json-schema-traverse set size:23537 disposed:false
837 silly fetch manifest @0no-co/graphql.web@^1.0.1
838 silly packumentCache full:https://registry.npmjs.org/@0no-co%2fgraphql.web cache-miss
839 http cache https://registry.npmjs.org/uri-js 11ms (cache hit)
840 silly packumentCache full:https://registry.npmjs.org/uri-js set size:42559 disposed:false
841 silly fetch manifest wonka@^6.3.2
842 silly packumentCache full:https://registry.npmjs.org/wonka cache-miss
843 http cache https://registry.npmjs.org/@sentry%2fcore 13ms (cache hit)
844 silly packumentCache full:https://registry.npmjs.org/@sentry%2fcore set size:2572564 disposed:false
845 silly fetch manifest open@^8.0.4
846 silly packumentCache full:https://registry.npmjs.org/open cache-hit
847 silly fetch manifest big-integer@1.6.x
848 silly packumentCache full:https://registry.npmjs.org/big-integer cache-miss
849 http cache https://registry.npmjs.org/@sentry%2ftypes 22ms (cache hit)
850 silly packumentCache full:https://registry.npmjs.org/@sentry%2ftypes set size:2141488 disposed:false
851 silly fetch manifest events@^3.3.0
852 silly packumentCache full:https://registry.npmjs.org/events cache-miss
853 http cache https://registry.npmjs.org/@0no-co%2fgraphql.web 24ms (cache hit)
854 silly packumentCache full:https://registry.npmjs.org/@0no-co%2fgraphql.web set size:242243 disposed:false
855 silly fetch manifest protobufjs@^7.6.0
856 silly packumentCache full:https://registry.npmjs.org/protobufjs cache-miss
857 http cache https://registry.npmjs.org/wonka 27ms (cache hit)
858 silly packumentCache full:https://registry.npmjs.org/wonka set size:386763 disposed:false
859 silly fetch manifest ansi-styles@^4.1.0
860 silly packumentCache full:https://registry.npmjs.org/ansi-styles cache-miss
861 http cache https://registry.npmjs.org/@sentry%2futils 32ms (cache hit)
862 silly packumentCache full:https://registry.npmjs.org/@sentry%2futils set size:1897886 disposed:false
863 silly fetch manifest supports-color@^7.1.0
864 silly packumentCache full:https://registry.npmjs.org/supports-color cache-hit
865 silly fetch manifest ms@^2.1.3
866 silly packumentCache full:https://registry.npmjs.org/ms cache-miss
867 http cache https://registry.npmjs.org/@sentry-internal%2ftracing 36ms (cache hit)
868 silly packumentCache full:https://registry.npmjs.org/@sentry-internal%2ftracing set size:303970 disposed:false
869 silly fetch manifest merge2@^1.3.0
870 silly packumentCache full:https://registry.npmjs.org/merge2 cache-miss
871 http cache https://registry.npmjs.org/wonka 36ms (cache hit)
872 silly packumentCache full:https://registry.npmjs.org/wonka set size:386763 disposed:false
873 silly packumentCache full:https://registry.npmjs.org/wonka dispose
874 silly fetch manifest micromatch@^4.0.4
875 silly packumentCache full:https://registry.npmjs.org/micromatch cache-miss
876 http cache https://registry.npmjs.org/big-integer 27ms (cache hit)
877 silly packumentCache full:https://registry.npmjs.org/big-integer set size:205433 disposed:false
878 silly fetch manifest glob-parent@^5.1.2
879 silly packumentCache full:https://registry.npmjs.org/glob-parent cache-miss
880 http cache https://registry.npmjs.org/events 19ms (cache hit)
881 silly packumentCache full:https://registry.npmjs.org/events set size:35240 disposed:false
882 silly fetch manifest @nodelib/fs.stat@^2.0.2
883 silly packumentCache full:https://registry.npmjs.org/@nodelib%2ffs.stat cache-miss
884 http cache https://registry.npmjs.org/protobufjs 18ms (cache hit)
885 silly packumentCache full:https://registry.npmjs.org/protobufjs set size:760935 disposed:false
886 silly fetch manifest @nodelib/fs.walk@^1.2.3
887 silly packumentCache full:https://registry.npmjs.org/@nodelib%2ffs.walk cache-miss
888 http cache https://registry.npmjs.org/ms 11ms (cache hit)
889 silly packumentCache full:https://registry.npmjs.org/ms set size:92208 disposed:false
890 silly fetch manifest escape-string-regexp@^1.0.5
891 silly packumentCache full:https://registry.npmjs.org/escape-string-regexp cache-miss
892 http cache https://registry.npmjs.org/ansi-styles 21ms (cache hit)
893 silly packumentCache full:https://registry.npmjs.org/ansi-styles set size:71772 disposed:false
894 silly fetch manifest hasown@^2.0.4
895 silly packumentCache full:https://registry.npmjs.org/hasown cache-miss
896 http cache https://registry.npmjs.org/micromatch 11ms (cache hit)
897 silly packumentCache full:https://registry.npmjs.org/micromatch set size:240630 disposed:false
898 silly fetch manifest asynckit@^0.4.0
899 silly packumentCache full:https://registry.npmjs.org/asynckit cache-miss
900 http cache https://registry.npmjs.org/merge2 14ms (cache hit)
901 silly packumentCache full:https://registry.npmjs.org/merge2 set size:46159 disposed:false
902 silly fetch manifest mime-types@^2.1.35
903 silly packumentCache full:https://registry.npmjs.org/mime-types cache-miss
904 http cache https://registry.npmjs.org/@nodelib%2ffs.stat 10ms (cache hit)
905 silly packumentCache full:https://registry.npmjs.org/@nodelib%2ffs.stat set size:36993 disposed:false
906 silly fetch manifest combined-stream@^1.0.8
907 silly packumentCache full:https://registry.npmjs.org/combined-stream cache-miss
908 http cache https://registry.npmjs.org/glob-parent 12ms (cache hit)
909 silly packumentCache full:https://registry.npmjs.org/glob-parent set size:42445 disposed:false
910 silly fetch manifest es-set-tostringtag@^2.1.0
911 silly packumentCache full:https://registry.npmjs.org/es-set-tostringtag cache-miss
912 http cache https://registry.npmjs.org/@nodelib%2ffs.walk 7ms (cache hit)
913 silly packumentCache full:https://registry.npmjs.org/@nodelib%2ffs.walk set size:41589 disposed:false
914 silly fetch manifest jsonfile@^6.0.1
915 silly packumentCache full:https://registry.npmjs.org/jsonfile cache-miss
916 http cache https://registry.npmjs.org/escape-string-regexp 8ms (cache hit)
917 silly packumentCache full:https://registry.npmjs.org/escape-string-regexp set size:22244 disposed:false
918 silly fetch manifest graceful-fs@^4.2.0
919 silly packumentCache full:https://registry.npmjs.org/graceful-fs cache-miss
920 http cache https://registry.npmjs.org/asynckit 6ms (cache hit)
921 silly packumentCache full:https://registry.npmjs.org/asynckit set size:18932 disposed:false
922 silly fetch manifest universalify@^2.0.0
923 silly packumentCache full:https://registry.npmjs.org/universalify cache-miss
924 http cache https://registry.npmjs.org/hasown 9ms (cache hit)
925 silly packumentCache full:https://registry.npmjs.org/hasown set size:18361 disposed:false
926 silly fetch manifest lodash.merge@^4.6.2
927 silly packumentCache full:https://registry.npmjs.org/lodash.merge cache-miss
928 http cache https://registry.npmjs.org/mime-types 7ms (cache hit)
929 silly packumentCache full:https://registry.npmjs.org/mime-types set size:139110 disposed:false
930 silly fetch manifest tslib@^2.1.0
931 silly packumentCache full:https://registry.npmjs.org/tslib cache-hit
932 silly fetch manifest agent-base@^7.1.2
933 silly packumentCache full:https://registry.npmjs.org/agent-base cache-miss
934 http cache https://registry.npmjs.org/combined-stream 7ms (cache hit)
935 silly packumentCache full:https://registry.npmjs.org/combined-stream set size:40337 disposed:false
936 silly fetch manifest loose-envify@^1.0.0
937 silly packumentCache full:https://registry.npmjs.org/loose-envify cache-miss
938 http cache https://registry.npmjs.org/es-set-tostringtag 7ms (cache hit)
939 silly packumentCache full:https://registry.npmjs.org/es-set-tostringtag set size:22094 disposed:false
940 silly fetch manifest node-rsa@^1.1.1
941 silly packumentCache full:https://registry.npmjs.org/node-rsa cache-miss
942 http cache https://registry.npmjs.org/jsonfile 7ms (cache hit)
943 silly packumentCache full:https://registry.npmjs.org/jsonfile set size:53210 disposed:false
944 silly fetch manifest node-forge@^1.3.1
945 silly packumentCache full:https://registry.npmjs.org/node-forge cache-hit
946 silly fetch manifest node-int64@^0.4.0
947 silly packumentCache full:https://registry.npmjs.org/node-int64 cache-miss
948 http cache https://registry.npmjs.org/graceful-fs 6ms (cache hit)
949 silly packumentCache full:https://registry.npmjs.org/graceful-fs set size:124285 disposed:false
950 silly fetch manifest @hapi/hoek@^9.0.0
951 silly packumentCache full:https://registry.npmjs.org/@hapi%2fhoek cache-miss
952 http cache https://registry.npmjs.org/universalify 6ms (cache hit)
953 silly packumentCache full:https://registry.npmjs.org/universalify set size:19431 disposed:false
954 silly fetch manifest @hapi/topo@^5.0.0
955 silly packumentCache full:https://registry.npmjs.org/@hapi%2ftopo cache-miss
956 http cache https://registry.npmjs.org/lodash.merge 7ms (cache hit)
957 silly packumentCache full:https://registry.npmjs.org/lodash.merge set size:78575 disposed:false
958 silly fetch manifest @sideway/address@^4.1.3
959 silly packumentCache full:https://registry.npmjs.org/@sideway%2faddress cache-miss
960 http cache https://registry.npmjs.org/node-rsa 5ms (cache hit)
961 silly packumentCache full:https://registry.npmjs.org/node-rsa set size:97622 disposed:false
962 silly fetch manifest @sideway/formula@^3.0.1
963 silly packumentCache full:https://registry.npmjs.org/@sideway%2fformula cache-miss
964 http cache https://registry.npmjs.org/node-int64 6ms (cache hit)
965 silly packumentCache full:https://registry.npmjs.org/node-int64 set size:11660 disposed:false
966 silly fetch manifest @sideway/pinpoint@^2.0.0
967 silly packumentCache full:https://registry.npmjs.org/@sideway%2fpinpoint cache-miss
968 http cache https://registry.npmjs.org/loose-envify 7ms (cache hit)
969 silly packumentCache full:https://registry.npmjs.org/loose-envify set size:12559 disposed:false
970 silly fetch manifest is-unicode-supported@^0.1.0
971 silly packumentCache full:https://registry.npmjs.org/is-unicode-supported cache-miss
972 http cache https://registry.npmjs.org/agent-base 8ms (cache hit)
973 silly packumentCache full:https://registry.npmjs.org/agent-base set size:72085 disposed:false
974 silly fetch manifest brace-expansion@^2.0.1
975 silly packumentCache full:https://registry.npmjs.org/brace-expansion cache-miss
976 http cache https://registry.npmjs.org/@hapi%2fhoek 5ms (cache hit)
977 silly packumentCache full:https://registry.npmjs.org/@hapi%2fhoek set size:122440 disposed:false
978 silly fetch manifest minipass@^7.1.2
979 silly packumentCache full:https://registry.npmjs.org/minipass cache-miss
980 http cache https://registry.npmjs.org/@hapi%2ftopo 6ms (cache hit)
981 silly packumentCache full:https://registry.npmjs.org/@hapi%2ftopo set size:37256 disposed:false
982 silly fetch manifest whatwg-url@^5.0.0
983 silly packumentCache full:https://registry.npmjs.org/whatwg-url cache-miss
984 http cache https://registry.npmjs.org/@sideway%2faddress 6ms (cache hit)
985 silly packumentCache full:https://registry.npmjs.org/@sideway%2faddress set size:18241 disposed:false
986 silly fetch manifest is-wsl@^2.2.0
987 silly packumentCache full:https://registry.npmjs.org/is-wsl cache-miss
988 http cache https://registry.npmjs.org/@sideway%2fformula 6ms (cache hit)
989 silly packumentCache full:https://registry.npmjs.org/@sideway%2fformula set size:6366 disposed:false
990 silly fetch manifest is-docker@^2.1.1
991 silly packumentCache full:https://registry.npmjs.org/is-docker cache-miss
992 http cache https://registry.npmjs.org/@sideway%2fpinpoint 5ms (cache hit)
993 silly packumentCache full:https://registry.npmjs.org/@sideway%2fpinpoint set size:3672 disposed:false
994 silly fetch manifest define-lazy-prop@^2.0.0
995 silly packumentCache full:https://registry.npmjs.org/define-lazy-prop cache-miss
996 http cache https://registry.npmjs.org/minipass 4ms (cache hit)
997 silly packumentCache full:https://registry.npmjs.org/minipass set size:276925 disposed:false
998 silly fetch manifest wcwidth@^1.0.1
999 silly packumentCache full:https://registry.npmjs.org/wcwidth cache-miss
1000 http cache https://registry.npmjs.org/brace-expansion 7ms (cache hit)
1001 silly packumentCache full:https://registry.npmjs.org/brace-expansion set size:128514 disposed:false
1002 silly fetch manifest cli-cursor@^3.1.0
1003 silly packumentCache full:https://registry.npmjs.org/cli-cursor cache-miss
1004 http cache https://registry.npmjs.org/is-unicode-supported 9ms (cache hit)
1005 silly packumentCache full:https://registry.npmjs.org/is-unicode-supported set size:19461 disposed:false
1006 silly fetch manifest strip-ansi@^6.0.0
1007 silly packumentCache full:https://registry.npmjs.org/strip-ansi cache-miss
1008 http cache https://registry.npmjs.org/whatwg-url 8ms (cache hit)
1009 silly packumentCache full:https://registry.npmjs.org/whatwg-url set size:185910 disposed:false
1010 silly fetch manifest mute-stream@0.0.8
1011 silly packumentCache full:https://registry.npmjs.org/mute-stream cache-miss
1012 http cache https://registry.npmjs.org/is-wsl 9ms (cache hit)
1013 silly packumentCache full:https://registry.npmjs.org/is-wsl set size:20683 disposed:false
1014 silly fetch manifest cli-spinners@^2.4.0
1015 silly packumentCache full:https://registry.npmjs.org/cli-spinners cache-hit
1016 silly fetch manifest is-interactive@^1.0.0
1017 silly packumentCache full:https://registry.npmjs.org/is-interactive cache-miss
1018 http cache https://registry.npmjs.org/is-docker 10ms (cache hit)
1019 silly packumentCache full:https://registry.npmjs.org/is-docker set size:23690 disposed:false
1020 silly fetch manifest find-up@^4.0.0
1021 silly packumentCache full:https://registry.npmjs.org/find-up cache-miss
1022 http cache https://registry.npmjs.org/wcwidth 9ms (cache hit)
1023 silly packumentCache full:https://registry.npmjs.org/wcwidth set size:5904 disposed:false
1024 silly fetch manifest err-code@^2.0.2
1025 silly packumentCache full:https://registry.npmjs.org/err-code cache-miss
1026 http cache https://registry.npmjs.org/define-lazy-prop 11ms (cache hit)
1027 silly packumentCache full:https://registry.npmjs.org/define-lazy-prop set size:9337 disposed:false
1028 silly fetch manifest retry@^0.12.0
1029 silly packumentCache full:https://registry.npmjs.org/retry cache-miss
1030 http cache https://registry.npmjs.org/cli-cursor 8ms (cache hit)
1031 silly packumentCache full:https://registry.npmjs.org/cli-cursor set size:18913 disposed:false
1032 silly fetch manifest kleur@^3.0.3
1033 silly packumentCache full:https://registry.npmjs.org/kleur cache-miss
1034 http cache https://registry.npmjs.org/strip-ansi 8ms (cache hit)
1035 silly packumentCache full:https://registry.npmjs.org/strip-ansi set size:44998 disposed:false
1036 silly fetch manifest sisteransi@^1.0.5
1037 silly packumentCache full:https://registry.npmjs.org/sisteransi cache-miss
1038 http cache https://registry.npmjs.org/mute-stream 8ms (cache hit)
1039 silly packumentCache full:https://registry.npmjs.org/mute-stream set size:24472 disposed:false
1040 silly fetch manifest lru-cache@^6.0.0
1041 silly packumentCache full:https://registry.npmjs.org/lru-cache cache-miss
1042 http cache https://registry.npmjs.org/is-interactive 7ms (cache hit)
1043 silly packumentCache full:https://registry.npmjs.org/is-interactive set size:10692 disposed:false
1044 silly fetch manifest chownr@^3.0.0
1045 silly packumentCache full:https://registry.npmjs.org/chownr cache-miss
1046 http cache https://registry.npmjs.org/find-up 9ms (cache hit)
1047 silly packumentCache full:https://registry.npmjs.org/find-up set size:42620 disposed:false
1048 silly fetch manifest yallist@^5.0.0
1049 silly packumentCache full:https://registry.npmjs.org/yallist cache-miss
1050 http cache https://registry.npmjs.org/err-code 8ms (cache hit)
1051 silly packumentCache full:https://registry.npmjs.org/err-code set size:29518 disposed:false
1052 silly fetch manifest @isaacs/fs-minipass@^4.0.0
1053 silly packumentCache full:https://registry.npmjs.org/@isaacs%2ffs-minipass cache-miss
1054 http cache https://registry.npmjs.org/retry 8ms (cache hit)
1055 silly packumentCache full:https://registry.npmjs.org/retry set size:31161 disposed:false
1056 silly fetch manifest b4a@^1.6.4
1057 silly packumentCache full:https://registry.npmjs.org/b4a cache-miss
1058 http cache https://registry.npmjs.org/sisteransi 9ms (cache hit)
1059 silly packumentCache full:https://registry.npmjs.org/sisteransi set size:25723 disposed:false
1060 silly fetch manifest streamx@^2.15.0
1061 silly packumentCache full:https://registry.npmjs.org/streamx cache-miss
1062 http cache https://registry.npmjs.org/kleur 11ms (cache hit)
1063 silly packumentCache full:https://registry.npmjs.org/kleur set size:61853 disposed:false
1064 silly fetch manifest fast-fifo@^1.2.0
1065 silly packumentCache full:https://registry.npmjs.org/fast-fifo cache-miss
1066 http cache https://registry.npmjs.org/lru-cache 10ms (cache hit)
1067 silly packumentCache full:https://registry.npmjs.org/lru-cache set size:465506 disposed:false
1068 silly fetch manifest ansi-escapes@^4.2.1
1069 silly packumentCache full:https://registry.npmjs.org/ansi-escapes cache-hit
1070 silly fetch manifest supports-hyperlinks@^2.0.0
1071 silly packumentCache full:https://registry.npmjs.org/supports-hyperlinks cache-miss
1072 http cache https://registry.npmjs.org/chownr 12ms (cache hit)
1073 silly packumentCache full:https://registry.npmjs.org/chownr set size:22157 disposed:false
1074 silly fetch manifest domino@^2.1.6
1075 silly packumentCache full:https://registry.npmjs.org/domino cache-miss
1076 http cache https://registry.npmjs.org/@isaacs%2ffs-minipass 10ms (cache hit)
1077 silly packumentCache full:https://registry.npmjs.org/@isaacs%2ffs-minipass set size:7912 disposed:false
1078 silly fetch manifest ansi-styles@^4.0.0
1079 silly packumentCache full:https://registry.npmjs.org/ansi-styles cache-hit
1080 silly fetch manifest string-width@^4.1.0
1081 silly packumentCache full:https://registry.npmjs.org/string-width cache-hit
1082 http cache https://registry.npmjs.org/b4a 10ms (cache hit)
1083 silly packumentCache full:https://registry.npmjs.org/b4a set size:73968 disposed:false
1084 http cache https://registry.npmjs.org/yallist 12ms (cache hit)
1085 silly packumentCache full:https://registry.npmjs.org/yallist set size:34610 disposed:false
1086 http cache https://registry.npmjs.org/fast-fifo 10ms (cache hit)
1087 silly packumentCache full:https://registry.npmjs.org/fast-fifo set size:13855 disposed:false
1088 http cache https://registry.npmjs.org/streamx 10ms (cache hit)
1089 silly packumentCache full:https://registry.npmjs.org/streamx set size:169466 disposed:false
1090 http cache https://registry.npmjs.org/supports-hyperlinks 6ms (cache hit)
1091 silly packumentCache full:https://registry.npmjs.org/supports-hyperlinks set size:40524 disposed:false
1092 http cache https://registry.npmjs.org/domino 7ms (cache hit)
1093 silly packumentCache full:https://registry.npmjs.org/domino set size:77024 disposed:false
1094 silly fetch manifest typescript@^5.0.0 || ^5.0.0-0
1095 silly packumentCache full:https://registry.npmjs.org/typescript cache-miss
1096 http cache https://registry.npmjs.org/typescript 22ms (cache hit)
1097 silly packumentCache full:https://registry.npmjs.org/typescript set size:15766464 disposed:false
1098 silly placeDep ROOT @expo/config-types@55.0.6 OK for: @expo/config@55.0.10 want: ^55.0.5
1099 silly placeDep node_modules/@expo/config @expo/json-file@10.2.0 OK for: @expo/config@55.0.10 want: ^10.0.12
1100 silly placeDep ROOT @expo/require-utils@55.0.8 OK for: @expo/config@55.0.10 want: ^55.0.3
1101 silly placeDep ROOT deepmerge@4.3.1 OK for: @expo/config@55.0.10 want: ^4.3.1
1102 silly placeDep node_modules/@expo/config getenv@2.0.0 OK for: @expo/config@55.0.10 want: ^2.0.0
1103 silly placeDep ROOT glob@13.0.6 OK for: @expo/config@55.0.10 want: ^13.0.0
1104 silly placeDep ROOT resolve-workspace-root@2.0.1 OK for: @expo/config@55.0.10 want: ^2.0.0
1105 silly placeDep node_modules/@expo/config semver@7.8.5 OK for: @expo/config@55.0.10 want: ^7.6.0
1106 silly placeDep ROOT slugify@1.6.9 OK for: @expo/config@55.0.10 want: ^1.3.4
1107 silly fetch manifest json5@^2.2.3
1108 silly packumentCache full:https://registry.npmjs.org/json5 cache-hit
1109 silly fetch manifest @babel/code-frame@^7.20.0
1110 silly packumentCache full:https://registry.npmjs.org/@babel%2fcode-frame cache-hit
1111 silly fetch manifest @babel/core@^7.25.2
1112 silly packumentCache full:https://registry.npmjs.org/@babel%2fcore cache-miss
1113 silly fetch manifest @babel/code-frame@^7.20.0
1114 silly packumentCache full:https://registry.npmjs.org/@babel%2fcode-frame cache-hit
1115 silly fetch manifest @babel/plugin-transform-modules-commonjs@^7.24.8
1116 silly packumentCache full:https://registry.npmjs.org/@babel%2fplugin-transform-modules-commonjs cache-miss
1117 silly fetch manifest minimatch@^10.2.2
1118 silly packumentCache full:https://registry.npmjs.org/minimatch cache-hit
1119 silly fetch manifest minipass@^7.1.3
1120 silly packumentCache full:https://registry.npmjs.org/minipass cache-hit
1121 silly fetch manifest path-scurry@^2.0.2
1122 silly packumentCache full:https://registry.npmjs.org/path-scurry cache-miss
1123 http cache https://registry.npmjs.org/@babel%2fcore 5ms (cache hit)
1124 silly packumentCache full:https://registry.npmjs.org/@babel%2fcore set size:801647 disposed:false
1125 http cache https://registry.npmjs.org/@babel%2fplugin-transform-modules-commonjs 8ms (cache hit)
1126 silly packumentCache full:https://registry.npmjs.org/@babel%2fplugin-transform-modules-commonjs set size:313445 disposed:false
1127 http cache https://registry.npmjs.org/path-scurry 9ms (cache hit)
1128 silly packumentCache full:https://registry.npmjs.org/path-scurry set size:117612 disposed:false
1129 silly placeDep node_modules/@expo/config-plugins @expo/json-file@10.0.16 OK for: @expo/config-plugins@55.0.7 want: ~10.0.12
1130 silly placeDep node_modules/@expo/config-plugins @expo/plist@0.5.4 OK for: @expo/config-plugins@55.0.7 want: ^0.5.2
1131 silly placeDep ROOT @expo/sdk-runtime-versions@1.0.1 OK for: @expo/config-plugins@55.0.7 want: ^1.0.0
1132 silly placeDep node_modules/@expo/config-plugins getenv@2.0.0 OK for: @expo/config-plugins@55.0.7 want: ^2.0.0
1133 silly placeDep ROOT xcode@3.0.1 OK for: @expo/config-plugins@55.0.7 want: ^3.0.1
1134 silly placeDep ROOT xml2js@0.6.0 OK for: @expo/config-plugins@55.0.7 want: 0.6.0
1135 silly fetch manifest base64-js@^1.5.1
1136 silly packumentCache full:https://registry.npmjs.org/base64-js cache-hit
1137 silly fetch manifest uuid@^7.0.3
1138 silly packumentCache full:https://registry.npmjs.org/uuid cache-hit
1139 silly fetch manifest simple-plist@^1.1.0
1140 silly packumentCache full:https://registry.npmjs.org/simple-plist cache-miss
1141 silly fetch manifest sax@>=0.6.0
1142 silly packumentCache full:https://registry.npmjs.org/sax cache-miss
1143 silly fetch manifest xmlbuilder@~11.0.0
1144 silly packumentCache full:https://registry.npmjs.org/xmlbuilder cache-hit
1145 http cache https://registry.npmjs.org/simple-plist 1ms (cache hit)
1146 silly packumentCache full:https://registry.npmjs.org/simple-plist set size:46135 disposed:false
1147 http cache https://registry.npmjs.org/sax 2ms (cache hit)
1148 silly packumentCache full:https://registry.npmjs.org/sax set size:92982 disposed:false
1149 silly placeDep ROOT @expo/turtle-spawn@24.8.0 OK for: @expo/eas-build-job@24.9.0 want: 24.8.0
1150 silly placeDep node_modules/@expo/eas-build-job joi@17.13.8 OK for: @expo/eas-build-job@24.9.0 want: ^17.13.1
1151 silly placeDep node_modules/@expo/eas-build-job semver@7.8.5 OK for: @expo/eas-build-job@24.9.0 want: ^7.6.2
1152 silly fetch manifest @hapi/hoek@^9.3.0
1153 silly packumentCache full:https://registry.npmjs.org/@hapi%2fhoek cache-hit
1154 silly fetch manifest @hapi/topo@^5.1.0
1155 silly packumentCache full:https://registry.npmjs.org/@hapi%2ftopo cache-hit
1156 silly fetch manifest @sideway/address@^4.1.5
1157 silly packumentCache full:https://registry.npmjs.org/@sideway%2faddress cache-hit
1158 silly placeDep ROOT @babel/code-frame@7.23.5 OK for: @expo/eas-json@24.9.0 want: 7.23.5
1159 silly placeDep ROOT env-string@1.0.1 OK for: @expo/eas-json@24.9.0 want: 1.0.1
1160 silly placeDep ROOT golden-fleece@1.0.9 OK for: @expo/eas-json@24.9.0 want: 1.0.9
1161 silly placeDep node_modules/@expo/eas-json semver@7.5.2 OK for: @expo/eas-json@24.9.0 want: 7.5.2
1162 silly placeDep node_modules/@expo/eas-json tslib@2.4.1 OK for: @expo/eas-json@24.9.0 want: 2.4.1
1163 silly fetch manifest chalk@^2.4.2
1164 silly packumentCache full:https://registry.npmjs.org/chalk cache-hit
1165 silly fetch manifest @babel/highlight@^7.23.4
1166 silly packumentCache full:https://registry.npmjs.org/@babel%2fhighlight cache-miss
1167 http cache https://registry.npmjs.org/@babel%2fhighlight 5ms (cache hit)
1168 silly packumentCache full:https://registry.npmjs.org/@babel%2fhighlight set size:154219 disposed:false
1169 silly placeDep ROOT @babel/highlight@7.25.9 OK for: @babel/code-frame@7.23.5 want: ^7.23.4
1170 silly placeDep node_modules/@babel/code-frame chalk@2.4.2 OK for: @babel/code-frame@7.23.5 want: ^2.4.2
1171 silly fetch manifest @babel/helper-validator-identifier@^7.25.9
1172 silly packumentCache full:https://registry.npmjs.org/@babel%2fhelper-validator-identifier cache-miss
1173 silly fetch manifest js-tokens@^4.0.0
1174 silly packumentCache full:https://registry.npmjs.org/js-tokens cache-miss
1175 silly fetch manifest picocolors@^1.0.0
1176 silly packumentCache full:https://registry.npmjs.org/picocolors cache-miss
1177 silly fetch manifest ansi-styles@^3.2.1
1178 silly packumentCache full:https://registry.npmjs.org/ansi-styles cache-hit
1179 silly fetch manifest supports-color@^5.3.0
1180 silly packumentCache full:https://registry.npmjs.org/supports-color cache-hit
1181 http cache https://registry.npmjs.org/picocolors 4ms (cache hit)
1182 silly packumentCache full:https://registry.npmjs.org/picocolors set size:16648 disposed:false
1183 http cache https://registry.npmjs.org/js-tokens 6ms (cache hit)
1184 silly packumentCache full:https://registry.npmjs.org/js-tokens set size:41947 disposed:false
1185 http cache https://registry.npmjs.org/@babel%2fhelper-validator-identifier 8ms (cache hit)
1186 silly packumentCache full:https://registry.npmjs.org/@babel%2fhelper-validator-identifier set size:132572 disposed:false
1187 silly placeDep ROOT @babel/helper-validator-identifier@7.29.7 OK for: @babel/highlight@7.25.9 want: ^7.25.9
1188 silly placeDep node_modules/@babel/highlight chalk@2.4.2 OK for: @babel/highlight@7.25.9 want: ^2.4.2
1189 silly placeDep ROOT js-tokens@4.0.0 OK for: @babel/highlight@7.25.9 want: ^4.0.0
1190 silly placeDep ROOT picocolors@1.1.1 OK for: @babel/highlight@7.25.9 want: ^1.0.0
1191 silly placeDep node_modules/@expo/env dotenv@16.4.7 OK for: @expo/env@1.0.7 want: ~16.4.5
1192 silly placeDep ROOT dotenv-expand@11.0.7 OK for: @expo/env@1.0.7 want: ~11.0.6
1193 silly placeDep node_modules/@expo/env getenv@2.0.0 OK for: @expo/env@1.0.7 want: ^2.0.0
1194 silly fetch manifest dotenv@^16.4.5
1195 silly packumentCache full:https://registry.npmjs.org/dotenv cache-hit
1196 silly placeDep node_modules/@expo/json-file @babel/code-frame@7.10.4 OK for: @expo/json-file@8.3.3 want: ~7.10.4
1197 silly placeDep ROOT json5@2.2.3 OK for: @expo/json-file@8.3.3 want: ^2.2.2
1198 silly placeDep ROOT write-file-atomic@2.4.3 OK for: @expo/json-file@8.3.3 want: ^2.3.0
1199 silly fetch manifest graceful-fs@^4.1.11
1200 silly packumentCache full:https://registry.npmjs.org/graceful-fs cache-hit
1201 silly fetch manifest imurmurhash@^0.1.4
1202 silly packumentCache full:https://registry.npmjs.org/imurmurhash cache-miss
1203 silly fetch manifest signal-exit@^3.0.2
1204 silly packumentCache full:https://registry.npmjs.org/signal-exit cache-miss
1205 http cache https://registry.npmjs.org/imurmurhash 3ms (cache hit)
1206 silly packumentCache full:https://registry.npmjs.org/imurmurhash set size:35819 disposed:false
1207 http cache https://registry.npmjs.org/signal-exit 4ms (cache hit)
1208 silly packumentCache full:https://registry.npmjs.org/signal-exit set size:53489 disposed:false
1209 silly placeDep ROOT @types/bunyan@1.8.11 OK for: @expo/logger@24.8.0 want: ^1.8.11
1210 silly placeDep ROOT bunyan@1.8.15 OK for: @expo/logger@24.8.0 want: ^1.8.15
1211 silly fetch manifest @types/node@*
1212 silly packumentCache full:https://registry.npmjs.org/@types%2fnode cache-miss
1213 silly fetch manifest mv@~2
1214 silly packumentCache full:https://registry.npmjs.org/mv cache-miss
1215 silly fetch manifest moment@^2.19.3
1216 silly packumentCache full:https://registry.npmjs.org/moment cache-miss
1217 silly fetch manifest dtrace-provider@~0.8
1218 silly packumentCache full:https://registry.npmjs.org/dtrace-provider cache-miss
1219 silly fetch manifest safe-json-stringify@~1
1220 silly packumentCache full:https://registry.npmjs.org/safe-json-stringify cache-miss
1221 http cache https://registry.npmjs.org/dtrace-provider 3ms (cache hit)
1222 silly packumentCache full:https://registry.npmjs.org/dtrace-provider set size:60178 disposed:false
1223 http cache https://registry.npmjs.org/mv 4ms (cache hit)
1224 silly packumentCache full:https://registry.npmjs.org/mv set size:16467 disposed:false
1225 http cache https://registry.npmjs.org/safe-json-stringify 5ms (cache hit)
1226 silly packumentCache full:https://registry.npmjs.org/safe-json-stringify set size:17058 disposed:false
1227 http cache https://registry.npmjs.org/moment 5ms (cache hit)
1228 silly packumentCache full:https://registry.npmjs.org/moment set size:247542 disposed:false
1229 http cache https://registry.npmjs.org/@types%2fnode 16ms (cache hit)
1230 silly packumentCache full:https://registry.npmjs.org/@types%2fnode set size:11171832 disposed:false
1231 silly placeDep ROOT multipasta@0.2.8 OK for: @expo/multipart-body-parser@2.0.0 want: ^0.2.5
1232 silly placeDep ROOT exec-async@2.2.0 OK for: @expo/osascript@2.1.4 want: ^2.2.0
1233 silly placeDep node_modules/@expo/package-manager @expo/json-file@10.2.0 OK for: @expo/package-manager@1.9.10 want: ^10.0.8
1234 silly placeDep ROOT npm-package-arg@11.0.3 OK for: @expo/package-manager@1.9.10 want: ^11.0.0
1235 silly placeDep node_modules/@expo/package-manager ora@3.4.0 OK for: @expo/package-manager@1.9.10 want: ^3.4.0
1236 silly fetch manifest proc-log@^4.0.0
1237 silly packumentCache full:https://registry.npmjs.org/proc-log cache-miss
1238 silly fetch manifest hosted-git-info@^7.0.0
1239 silly packumentCache full:https://registry.npmjs.org/hosted-git-info cache-miss
1240 silly fetch manifest validate-npm-package-name@^5.0.0
1241 silly packumentCache full:https://registry.npmjs.org/validate-npm-package-name cache-miss
1242 silly fetch manifest cli-cursor@^2.1.0
1243 silly packumentCache full:https://registry.npmjs.org/cli-cursor cache-hit
1244 silly fetch manifest strip-ansi@^5.2.0
1245 silly packumentCache full:https://registry.npmjs.org/strip-ansi cache-hit
1246 silly fetch manifest log-symbols@^2.2.0
1247 silly packumentCache full:https://registry.npmjs.org/log-symbols cache-hit
1248 silly fetch manifest cli-spinners@^2.0.0
1249 silly packumentCache full:https://registry.npmjs.org/cli-spinners cache-hit
1250 http cache https://registry.npmjs.org/validate-npm-package-name 3ms (cache hit)
1251 silly packumentCache full:https://registry.npmjs.org/validate-npm-package-name set size:51159 disposed:false
1252 http cache https://registry.npmjs.org/proc-log 4ms (cache hit)
1253 silly packumentCache full:https://registry.npmjs.org/proc-log set size:35855 disposed:false
1254 http cache https://registry.npmjs.org/hosted-git-info 4ms (cache hit)
1255 silly packumentCache full:https://registry.npmjs.org/hosted-git-info set size:190199 disposed:false
1256 silly placeDep ROOT @xmldom/xmldom@0.8.15 OK for: @expo/plist@0.3.5 want: ^0.8.8
1257 silly placeDep ROOT base64-js@1.5.1 OK for: @expo/plist@0.3.5 want: ^1.2.3
1258 silly placeDep ROOT xmlbuilder@15.1.1 OK for: @expo/plist@0.3.5 want: ^15.1.1
1259 silly placeDep node_modules/@expo/plugin-help @oclif/core@2.16.0 OK for: @expo/plugin-help@5.1.23 want: ^2.11.1
1260 silly fetch manifest ejs@^3.1.8
1261 silly packumentCache full:https://registry.npmjs.org/ejs cache-hit
1262 silly fetch manifest globby@^11.1.0
1263 silly packumentCache full:https://registry.npmjs.org/globby cache-miss
1264 silly fetch manifest js-yaml@^3.14.1
1265 silly packumentCache full:https://registry.npmjs.org/js-yaml cache-miss
1266 silly fetch manifest ts-node@^10.9.1
1267 silly packumentCache full:https://registry.npmjs.org/ts-node cache-miss
1268 silly fetch manifest cardinal@^2.1.1
1269 silly packumentCache full:https://registry.npmjs.org/cardinal cache-miss
1270 silly fetch manifest slice-ansi@^4.0.0
1271 silly packumentCache full:https://registry.npmjs.org/slice-ansi cache-miss
1272 silly fetch manifest strip-ansi@^6.0.1
1273 silly packumentCache full:https://registry.npmjs.org/strip-ansi cache-hit
1274 silly fetch manifest ansi-styles@^4.3.0
1275 silly packumentCache full:https://registry.npmjs.org/ansi-styles cache-hit
1276 silly fetch manifest hyperlinker@^1.0.0
1277 silly packumentCache full:https://registry.npmjs.org/hyperlinker cache-miss
1278 silly fetch manifest object-treeify@^1.1.33
1279 silly packumentCache full:https://registry.npmjs.org/object-treeify cache-miss
1280 http cache https://registry.npmjs.org/globby 4ms (cache hit)
1281 silly packumentCache full:https://registry.npmjs.org/globby set size:171193 disposed:false
1282 silly fetch manifest supports-color@^8.1.1
1283 silly packumentCache full:https://registry.npmjs.org/supports-color cache-hit
1284 silly fetch manifest natural-orderby@^2.0.3
1285 silly packumentCache full:https://registry.npmjs.org/natural-orderby cache-miss
1286 http cache https://registry.npmjs.org/hyperlinker 5ms (cache hit)
1287 silly packumentCache full:https://registry.npmjs.org/hyperlinker set size:5081 disposed:false
1288 silly fetch manifest password-prompt@^1.1.2
1289 silly packumentCache full:https://registry.npmjs.org/password-prompt cache-miss
1290 http cache https://registry.npmjs.org/js-yaml 6ms (cache hit)
1291 silly packumentCache full:https://registry.npmjs.org/js-yaml set size:202469 disposed:false
1292 silly fetch manifest @types/cli-progress@^3.11.0
1293 silly packumentCache full:https://registry.npmjs.org/@types%2fcli-progress cache-miss
1294 http cache https://registry.npmjs.org/object-treeify 6ms (cache hit)
1295 silly packumentCache full:https://registry.npmjs.org/object-treeify set size:214540 disposed:false
1296 silly fetch manifest supports-hyperlinks@^2.2.0
1297 silly packumentCache full:https://registry.npmjs.org/supports-hyperlinks cache-hit
1298 http cache https://registry.npmjs.org/ts-node 9ms (cache hit)
1299 silly packumentCache full:https://registry.npmjs.org/ts-node set size:574573 disposed:false
1300 http cache https://registry.npmjs.org/slice-ansi 11ms (cache hit)
1301 silly packumentCache full:https://registry.npmjs.org/slice-ansi set size:38487 disposed:false
1302 http cache https://registry.npmjs.org/cardinal 12ms (cache hit)
1303 silly packumentCache full:https://registry.npmjs.org/cardinal set size:43622 disposed:false
1304 http cache https://registry.npmjs.org/password-prompt 7ms (cache hit)
1305 silly packumentCache full:https://registry.npmjs.org/password-prompt set size:23112 disposed:false
1306 http cache https://registry.npmjs.org/@types%2fcli-progress 6ms (cache hit)
1307 silly packumentCache full:https://registry.npmjs.org/@types%2fcli-progress set size:39848 disposed:false
1308 http cache https://registry.npmjs.org/natural-orderby 9ms (cache hit)
1309 silly packumentCache full:https://registry.npmjs.org/natural-orderby set size:74482 disposed:false
1310 silly placeDep node_modules/@expo/plugin-warn-if-update-available @oclif/core@2.16.0 OK for: @expo/plugin-warn-if-update-available@2.5.1 want: ^2.11.1
1311 silly placeDep ROOT ejs@3.1.10 OK for: @expo/plugin-warn-if-update-available@2.5.1 want: ^3.1.7
1312 silly placeDep node_modules/@expo/plugin-warn-if-update-available fs-extra@10.1.0 OK for: @expo/plugin-warn-if-update-available@2.5.1 want: ^10.1.0
1313 silly placeDep ROOT http-call@5.3.0 OK for: @expo/plugin-warn-if-update-available@2.5.1 want: ^5.2.2
1314 silly fetch manifest jake@^10.8.5
1315 silly packumentCache full:https://registry.npmjs.org/jake cache-miss
1316 silly fetch manifest is-stream@^2.0.0
1317 silly packumentCache full:https://registry.npmjs.org/is-stream cache-miss
1318 silly fetch manifest parse-json@^4.0.0
1319 silly packumentCache full:https://registry.npmjs.org/parse-json cache-miss
1320 silly fetch manifest content-type@^1.0.4
1321 silly packumentCache full:https://registry.npmjs.org/content-type cache-miss
1322 silly fetch manifest tunnel-agent@^0.6.0
1323 silly packumentCache full:https://registry.npmjs.org/tunnel-agent cache-miss
1324 silly fetch manifest is-retry-allowed@^1.1.0
1325 silly packumentCache full:https://registry.npmjs.org/is-retry-allowed cache-miss
1326 http cache https://registry.npmjs.org/is-stream 5ms (cache hit)
1327 silly packumentCache full:https://registry.npmjs.org/is-stream set size:18582 disposed:false
1328 http cache https://registry.npmjs.org/jake 5ms (cache hit)
1329 silly packumentCache full:https://registry.npmjs.org/jake set size:267508 disposed:false
1330 http cache https://registry.npmjs.org/tunnel-agent 5ms (cache hit)
1331 silly packumentCache full:https://registry.npmjs.org/tunnel-agent set size:12847 disposed:false
1332 http cache https://registry.npmjs.org/content-type 6ms (cache hit)
1333 silly packumentCache full:https://registry.npmjs.org/content-type set size:29578 disposed:false
1334 http cache https://registry.npmjs.org/parse-json 7ms (cache hit)
1335 silly packumentCache full:https://registry.npmjs.org/parse-json set size:48198 disposed:false
1336 http cache https://registry.npmjs.org/is-retry-allowed 7ms (cache hit)
1337 silly packumentCache full:https://registry.npmjs.org/is-retry-allowed set size:18061 disposed:false
1338 silly placeDep node_modules/@expo/prebuild-config @expo/config@11.0.13 OK for: @expo/prebuild-config@9.0.12 want: ~11.0.13
1339 silly placeDep node_modules/@expo/prebuild-config @expo/config-plugins@10.1.2 OK for: @expo/prebuild-config@9.0.12 want: ~10.1.2
1340 silly placeDep node_modules/@expo/prebuild-config @expo/config-types@53.0.5 OK for: @expo/prebuild-config@9.0.12 want: ^53.0.5
1341 silly placeDep ROOT @expo/image-utils@0.7.6 OK for: @expo/prebuild-config@9.0.12 want: ^0.7.6
1342 silly placeDep node_modules/@expo/prebuild-config @expo/json-file@9.1.5 OK for: @expo/prebuild-config@9.0.12 want: ^9.1.5
1343 silly placeDep ROOT @react-native/normalize-colors@0.79.6 OK for: @expo/prebuild-config@9.0.12 want: 0.79.6
1344 silly placeDep node_modules/@expo/prebuild-config semver@7.8.5 OK for: @expo/prebuild-config@9.0.12 want: ^7.6.0
1345 silly fetch manifest glob@^10.4.2
1346 silly packumentCache full:https://registry.npmjs.org/glob cache-hit
1347 silly fetch manifest sucrase@3.35.0
1348 silly packumentCache full:https://registry.npmjs.org/sucrase cache-miss
1349 silly fetch manifest glob@^10.4.2
1350 silly packumentCache full:https://registry.npmjs.org/glob cache-hit
1351 silly fetch manifest @expo/json-file@~9.1.5
1352 silly packumentCache full:https://registry.npmjs.org/@expo%2fjson-file cache-hit
1353 silly fetch manifest temp-dir@~2.0.0
1354 silly packumentCache full:https://registry.npmjs.org/temp-dir cache-miss
1355 silly fetch manifest parse-png@^2.1.0
1356 silly packumentCache full:https://registry.npmjs.org/parse-png cache-miss
1357 silly fetch manifest jimp-compact@0.16.1
1358 silly packumentCache full:https://registry.npmjs.org/jimp-compact cache-miss
1359 silly fetch manifest unique-string@~2.0.0
1360 silly packumentCache full:https://registry.npmjs.org/unique-string cache-miss
1361 http cache https://registry.npmjs.org/temp-dir 2ms (cache hit)
1362 silly packumentCache full:https://registry.npmjs.org/temp-dir set size:8337 disposed:false
1363 http cache https://registry.npmjs.org/sucrase 4ms (cache hit)
1364 silly packumentCache full:https://registry.npmjs.org/sucrase set size:449399 disposed:false
1365 http cache https://registry.npmjs.org/parse-png 4ms (cache hit)
1366 silly packumentCache full:https://registry.npmjs.org/parse-png set size:13026 disposed:false
1367 http cache https://registry.npmjs.org/jimp-compact 4ms (cache hit)
1368 silly packumentCache full:https://registry.npmjs.org/jimp-compact set size:55876 disposed:false
1369 http cache https://registry.npmjs.org/unique-string 5ms (cache hit)
1370 silly packumentCache full:https://registry.npmjs.org/unique-string set size:8164 disposed:false
1371 silly placeDep node_modules/@expo/image-utils getenv@2.0.0 OK for: @expo/image-utils@0.7.6 want: ^2.0.0
1372 silly placeDep ROOT jimp-compact@0.16.1 OK for: @expo/image-utils@0.7.6 want: 0.16.1
1373 silly placeDep ROOT parse-png@2.1.0 OK for: @expo/image-utils@0.7.6 want: ^2.1.0
1374 silly placeDep node_modules/@expo/image-utils semver@7.8.5 OK for: @expo/image-utils@0.7.6 want: ^7.6.0
1375 silly placeDep ROOT temp-dir@2.0.0 OK for: @expo/image-utils@0.7.6 want: ~2.0.0
1376 silly placeDep ROOT unique-string@2.0.0 OK for: @expo/image-utils@0.7.6 want: ~2.0.0
1377 silly fetch manifest pngjs@^3.3.0
1378 silly packumentCache full:https://registry.npmjs.org/pngjs cache-hit
1379 silly fetch manifest crypto-random-string@^2.0.0
1380 silly packumentCache full:https://registry.npmjs.org/crypto-random-string cache-miss
1381 http cache https://registry.npmjs.org/crypto-random-string 2ms (cache hit)
1382 silly packumentCache full:https://registry.npmjs.org/crypto-random-string set size:32874 disposed:false
1383 silly placeDep ROOT @babel/core@7.29.7 OK for: @expo/require-utils@55.0.8 want: ^7.25.2
1384 silly placeDep ROOT @babel/plugin-transform-modules-commonjs@7.29.7 OK for: @expo/require-utils@55.0.8 want: ^7.24.8
1385 silly fetch manifest semver@^6.3.1
1386 silly packumentCache full:https://registry.npmjs.org/semver cache-hit
1387 silly fetch manifest gensync@^1.0.0-beta.2
1388 silly packumentCache full:https://registry.npmjs.org/gensync cache-miss
1389 silly fetch manifest @babel/types@^7.29.7
1390 silly packumentCache full:https://registry.npmjs.org/@babel%2ftypes cache-miss
1391 silly fetch manifest @babel/parser@^7.29.7
1392 silly packumentCache full:https://registry.npmjs.org/@babel%2fparser cache-miss
1393 silly fetch manifest @babel/helpers@^7.29.7
1394 silly packumentCache full:https://registry.npmjs.org/@babel%2fhelpers cache-miss
1395 silly fetch manifest @babel/template@^7.29.7
1396 silly packumentCache full:https://registry.npmjs.org/@babel%2ftemplate cache-miss
1397 silly fetch manifest @babel/traverse@^7.29.7
1398 silly packumentCache full:https://registry.npmjs.org/@babel%2ftraverse cache-miss
1399 silly fetch manifest @babel/generator@^7.29.7
1400 silly packumentCache full:https://registry.npmjs.org/@babel%2fgenerator cache-miss
1401 http cache https://registry.npmjs.org/gensync 2ms (cache hit)
1402 silly packumentCache full:https://registry.npmjs.org/gensync set size:15068 disposed:false
1403 silly fetch manifest @babel/code-frame@^7.29.7
1404 silly packumentCache full:https://registry.npmjs.org/@babel%2fcode-frame cache-hit
1405 silly fetch manifest convert-source-map@^2.0.0
1406 silly packumentCache full:https://registry.npmjs.org/convert-source-map cache-miss
1407 http cache https://registry.npmjs.org/@babel%2fparser 4ms (cache hit)
1408 silly packumentCache full:https://registry.npmjs.org/@babel%2fparser set size:748334 disposed:false
1409 silly fetch manifest @jridgewell/remapping@^2.3.5
1410 silly packumentCache full:https://registry.npmjs.org/@jridgewell%2fremapping cache-miss
1411 http cache https://registry.npmjs.org/@babel%2ftemplate 7ms (cache hit)
1412 silly packumentCache full:https://registry.npmjs.org/@babel%2ftemplate set size:237074 disposed:false
1413 silly fetch manifest @babel/helper-module-transforms@^7.29.7
1414 silly packumentCache full:https://registry.npmjs.org/@babel%2fhelper-module-transforms cache-miss
1415 http cache https://registry.npmjs.org/@babel%2fhelpers 9ms (cache hit)
1416 silly packumentCache full:https://registry.npmjs.org/@babel%2fhelpers set size:405261 disposed:false
1417 silly fetch manifest @babel/helper-compilation-targets@^7.29.7
1418 silly packumentCache full:https://registry.npmjs.org/@babel%2fhelper-compilation-targets cache-miss
1419 http cache https://registry.npmjs.org/@babel%2ftypes 11ms (cache hit)
1420 silly packumentCache full:https://registry.npmjs.org/@babel%2ftypes set size:507562 disposed:false
1421 silly fetch manifest @babel/helper-plugin-utils@^7.29.7
1422 silly packumentCache full:https://registry.npmjs.org/@babel%2fhelper-plugin-utils cache-miss
1423 http cache https://registry.npmjs.org/@babel%2fgenerator 13ms (cache hit)
1424 silly packumentCache full:https://registry.npmjs.org/@babel%2fgenerator set size:527796 disposed:false
1425 silly fetch manifest @babel/helper-module-transforms@^7.29.7
1426 silly packumentCache full:https://registry.npmjs.org/@babel%2fhelper-module-transforms cache-miss
1427 http cache https://registry.npmjs.org/@babel%2ftraverse 17ms (cache hit)
1428 silly packumentCache full:https://registry.npmjs.org/@babel%2ftraverse set size:574575 disposed:false
1429 http cache https://registry.npmjs.org/@jridgewell%2fremapping 13ms (cache hit)
1430 silly packumentCache full:https://registry.npmjs.org/@jridgewell%2fremapping set size:23809 disposed:false
1431 http cache https://registry.npmjs.org/convert-source-map 18ms (cache hit)
1432 silly packumentCache full:https://registry.npmjs.org/convert-source-map set size:66997 disposed:false
1433 http cache https://registry.npmjs.org/@babel%2fhelper-module-transforms 14ms (cache hit)
1434 silly packumentCache full:https://registry.npmjs.org/@babel%2fhelper-module-transforms set size:351181 disposed:false
1435 http cache https://registry.npmjs.org/@babel%2fhelper-module-transforms 9ms (cache hit)
1436 silly packumentCache full:https://registry.npmjs.org/@babel%2fhelper-module-transforms set size:351181 disposed:false
1437 silly packumentCache full:https://registry.npmjs.org/@babel%2fhelper-module-transforms dispose
1438 http cache https://registry.npmjs.org/@babel%2fhelper-plugin-utils 14ms (cache hit)
1439 silly packumentCache full:https://registry.npmjs.org/@babel%2fhelper-plugin-utils set size:175564 disposed:false
1440 http cache https://registry.npmjs.org/@babel%2fhelper-compilation-targets 17ms (cache hit)
1441 silly packumentCache full:https://registry.npmjs.org/@babel%2fhelper-compilation-targets set size:236477 disposed:false
1442 silly fetch manifest @babel/core@^7.0.0
1443 silly packumentCache full:https://registry.npmjs.org/@babel%2fcore cache-hit
1444 silly placeDep node_modules/@babel/core @babel/code-frame@7.29.7 OK for: @babel/core@7.29.7 want: ^7.29.7
1445 silly placeDep ROOT @babel/generator@7.29.8 OK for: @babel/core@7.29.7 want: ^7.29.7
1446 silly placeDep ROOT @babel/helper-compilation-targets@7.29.7 OK for: @babel/core@7.29.7 want: ^7.29.7
1447 silly placeDep ROOT @babel/helper-module-transforms@7.29.7 OK for: @babel/core@7.29.7 want: ^7.29.7
1448 silly placeDep ROOT @babel/helpers@7.29.10 OK for: @babel/core@7.29.7 want: ^7.29.7
1449 silly placeDep ROOT @babel/parser@7.29.9 OK for: @babel/core@7.29.7 want: ^7.29.7
1450 silly placeDep ROOT @babel/template@7.29.7 OK for: @babel/core@7.29.7 want: ^7.29.7
1451 silly placeDep ROOT @babel/traverse@7.29.10 OK for: @babel/core@7.29.7 want: ^7.29.7
1452 silly placeDep ROOT @babel/types@7.29.8 OK for: @babel/core@7.29.7 want: ^7.29.7
1453 silly placeDep ROOT @jridgewell/remapping@2.3.5 OK for: @babel/core@7.29.7 want: ^2.3.5
1454 silly placeDep ROOT convert-source-map@2.0.0 OK for: @babel/core@7.29.7 want: ^2.0.0
1455 silly placeDep ROOT gensync@1.0.0-beta.2 OK for: @babel/core@7.29.7 want: ^1.0.0-beta.2
1456 silly placeDep node_modules/@babel/core semver@6.3.1 OK for: @babel/core@7.29.7 want: ^6.3.1
1457 silly fetch manifest jsesc@^3.0.2
1458 silly packumentCache full:https://registry.npmjs.org/jsesc cache-miss
1459 silly fetch manifest @babel/types@^7.29.8
1460 silly packumentCache full:https://registry.npmjs.org/@babel%2ftypes cache-hit
1461 silly fetch manifest @babel/parser@^7.29.8
1462 silly packumentCache full:https://registry.npmjs.org/@babel%2fparser cache-hit
1463 silly fetch manifest @jridgewell/gen-mapping@^0.3.12
1464 silly packumentCache full:https://registry.npmjs.org/@jridgewell%2fgen-mapping cache-miss
1465 silly fetch manifest @jridgewell/trace-mapping@^0.3.28
1466 silly packumentCache full:https://registry.npmjs.org/@jridgewell%2ftrace-mapping cache-miss
1467 silly fetch manifest lru-cache@^5.1.1
1468 silly packumentCache full:https://registry.npmjs.org/lru-cache cache-hit
1469 silly fetch manifest browserslist@^4.24.0
1470 silly packumentCache full:https://registry.npmjs.org/browserslist cache-miss
1471 silly fetch manifest @babel/compat-data@^7.29.7
1472 silly packumentCache full:https://registry.npmjs.org/@babel%2fcompat-data cache-miss
1473 silly fetch manifest @babel/helper-validator-option@^7.29.7
1474 silly packumentCache full:https://registry.npmjs.org/@babel%2fhelper-validator-option cache-miss
1475 silly fetch manifest @babel/helper-module-imports@^7.29.7
1476 silly packumentCache full:https://registry.npmjs.org/@babel%2fhelper-module-imports cache-miss
1477 http cache https://registry.npmjs.org/@jridgewell%2fgen-mapping 4ms (cache hit)
1478 silly packumentCache full:https://registry.npmjs.org/@jridgewell%2fgen-mapping set size:75941 disposed:false
1479 silly fetch manifest @babel/helper-globals@^7.29.7
1480 silly packumentCache full:https://registry.npmjs.org/@babel%2fhelper-globals cache-miss
1481 http cache https://registry.npmjs.org/browserslist 5ms (cache hit)
1482 silly packumentCache full:https://registry.npmjs.org/browserslist set size:530436 disposed:false
1483 silly fetch manifest @babel/helper-string-parser@^7.29.7
1484 silly packumentCache full:https://registry.npmjs.org/@babel%2fhelper-string-parser cache-miss
1485 http cache https://registry.npmjs.org/@babel%2fcompat-data 8ms (cache hit)
1486 silly packumentCache full:https://registry.npmjs.org/@babel%2fcompat-data set size:321231 disposed:false
1487 silly fetch manifest @jridgewell/gen-mapping@^0.3.5
1488 silly packumentCache full:https://registry.npmjs.org/@jridgewell%2fgen-mapping cache-hit
1489 silly fetch manifest @jridgewell/trace-mapping@^0.3.24
1490 silly packumentCache full:https://registry.npmjs.org/@jridgewell%2ftrace-mapping cache-miss
1491 http cache https://registry.npmjs.org/@jridgewell%2ftrace-mapping 15ms (cache hit)
1492 silly packumentCache full:https://registry.npmjs.org/@jridgewell%2ftrace-mapping set size:170909 disposed:false
1493 http cache https://registry.npmjs.org/@babel%2fhelper-validator-option 14ms (cache hit)
1494 silly packumentCache full:https://registry.npmjs.org/@babel%2fhelper-validator-option set size:101303 disposed:false
1495 http cache https://registry.npmjs.org/@babel%2fhelper-module-imports 14ms (cache hit)
1496 silly packumentCache full:https://registry.npmjs.org/@babel%2fhelper-module-imports set size:203392 disposed:false
1497 http cache https://registry.npmjs.org/jsesc 17ms (cache hit)
1498 silly packumentCache full:https://registry.npmjs.org/jsesc set size:61512 disposed:false
1499 http cache https://registry.npmjs.org/@jridgewell%2ftrace-mapping 4ms (cache hit)
1500 silly packumentCache full:https://registry.npmjs.org/@jridgewell%2ftrace-mapping set size:170909 disposed:false
1501 silly packumentCache full:https://registry.npmjs.org/@jridgewell%2ftrace-mapping dispose
1502 http cache https://registry.npmjs.org/@babel%2fhelper-globals 15ms (cache hit)
1503 silly packumentCache full:https://registry.npmjs.org/@babel%2fhelper-globals set size:27304 disposed:false
1504 http cache https://registry.npmjs.org/@babel%2fhelper-string-parser 11ms (cache hit)
1505 silly packumentCache full:https://registry.npmjs.org/@babel%2fhelper-string-parser set size:93686 disposed:false
1506 silly placeDep ROOT @jridgewell/gen-mapping@0.3.13 OK for: @babel/generator@7.29.8 want: ^0.3.12
1507 silly placeDep ROOT @jridgewell/trace-mapping@0.3.31 OK for: @babel/generator@7.29.8 want: ^0.3.28
1508 silly placeDep ROOT jsesc@3.1.0 OK for: @babel/generator@7.29.8 want: ^3.0.2
1509 silly fetch manifest @jridgewell/sourcemap-codec@^1.5.0
1510 silly packumentCache full:https://registry.npmjs.org/@jridgewell%2fsourcemap-codec cache-miss
1511 silly fetch manifest @jridgewell/resolve-uri@^3.1.0
1512 silly packumentCache full:https://registry.npmjs.org/@jridgewell%2fresolve-uri cache-miss
1513 silly fetch manifest @jridgewell/sourcemap-codec@^1.4.14
1514 silly packumentCache full:https://registry.npmjs.org/@jridgewell%2fsourcemap-codec cache-miss
1515 http cache https://registry.npmjs.org/@jridgewell%2fresolve-uri 2ms (cache hit)
1516 silly packumentCache full:https://registry.npmjs.org/@jridgewell%2fresolve-uri set size:57361 disposed:false
1517 http cache https://registry.npmjs.org/@jridgewell%2fsourcemap-codec 3ms (cache hit)
1518 silly packumentCache full:https://registry.npmjs.org/@jridgewell%2fsourcemap-codec set size:65255 disposed:false
1519 http cache https://registry.npmjs.org/@jridgewell%2fsourcemap-codec 3ms (cache hit)
1520 silly packumentCache full:https://registry.npmjs.org/@jridgewell%2fsourcemap-codec set size:65255 disposed:false
1521 silly packumentCache full:https://registry.npmjs.org/@jridgewell%2fsourcemap-codec dispose
1522 silly placeDep ROOT @babel/compat-data@7.29.7 OK for: @babel/helper-compilation-targets@7.29.7 want: ^7.29.7
1523 silly placeDep ROOT @babel/helper-validator-option@7.29.7 OK for: @babel/helper-compilation-targets@7.29.7 want: ^7.29.7
1524 silly placeDep ROOT browserslist@4.29.3 OK for: @babel/helper-compilation-targets@7.29.7 want: ^4.24.0
1525 silly placeDep ROOT lru-cache@5.1.1 OK for: @babel/helper-compilation-targets@7.29.7 want: ^5.1.1
1526 silly placeDep node_modules/@babel/helper-compilation-targets semver@6.3.1 OK for: @babel/helper-compilation-targets@7.29.7 want: ^6.3.1
1527 silly fetch manifest caniuse-lite@^1.0.30001813
1528 silly packumentCache full:https://registry.npmjs.org/caniuse-lite cache-miss
1529 silly fetch manifest node-releases@^2.0.57
1530 silly packumentCache full:https://registry.npmjs.org/node-releases cache-miss
1531 silly fetch manifest electron-to-chromium@^1.5.439
1532 silly packumentCache full:https://registry.npmjs.org/electron-to-chromium cache-miss
1533 silly fetch manifest update-browserslist-db@^1.3.3
1534 silly packumentCache full:https://registry.npmjs.org/update-browserslist-db cache-miss
1535 silly fetch manifest baseline-browser-mapping@^2.11.26
1536 silly packumentCache full:https://registry.npmjs.org/baseline-browser-mapping cache-miss
1537 silly fetch manifest yallist@^3.0.2
1538 silly packumentCache full:https://registry.npmjs.org/yallist cache-hit
1539 http cache https://registry.npmjs.org/node-releases 5ms (cache hit)
1540 silly packumentCache full:https://registry.npmjs.org/node-releases set size:301779 disposed:false
1541 http cache https://registry.npmjs.org/baseline-browser-mapping 5ms (cache hit)
1542 silly packumentCache full:https://registry.npmjs.org/baseline-browser-mapping set size:649850 disposed:false
1543 http cache https://registry.npmjs.org/caniuse-lite 10ms (cache hit)
1544 silly packumentCache full:https://registry.npmjs.org/caniuse-lite set size:2321958 disposed:false
1545 http cache https://registry.npmjs.org/electron-to-chromium 18ms (cache hit)
1546 silly packumentCache full:https://registry.npmjs.org/electron-to-chromium set size:4992570 disposed:false
1547 http cache https://registry.npmjs.org/update-browserslist-db 39ms (cache hit)
1548 silly packumentCache full:https://registry.npmjs.org/update-browserslist-db set size:71185 disposed:false
1549 silly placeDep ROOT @babel/helper-module-imports@7.29.7 OK for: @babel/helper-module-transforms@7.29.7 want: ^7.29.7
1550 silly placeDep ROOT @babel/helper-plugin-utils@7.29.7 OK for: @babel/plugin-transform-modules-commonjs@7.29.7 want: ^7.29.7
1551 silly placeDep node_modules/@babel/template @babel/code-frame@7.29.7 OK for: @babel/template@7.29.7 want: ^7.29.7
1552 silly placeDep node_modules/@babel/traverse @babel/code-frame@7.29.7 OK for: @babel/traverse@7.29.10 want: ^7.29.7
1553 silly placeDep ROOT @babel/helper-globals@7.29.7 OK for: @babel/traverse@7.29.10 want: ^7.29.7
1554 silly placeDep ROOT @babel/helper-string-parser@7.29.7 OK for: @babel/types@7.29.8 want: ^7.29.7
1555 silly placeDep ROOT @expo/bunyan@4.0.1 OK for: @expo/rudder-sdk-node@1.1.1 want: ^4.0.0
1556 silly placeDep ROOT @segment/loosely-validate-event@2.0.0 OK for: @expo/rudder-sdk-node@1.1.1 want: ^2.0.0
1557 silly placeDep ROOT fetch-retry@4.1.1 OK for: @expo/rudder-sdk-node@1.1.1 want: ^4.1.1
1558 silly placeDep ROOT md5@2.3.0 OK for: @expo/rudder-sdk-node@1.1.1 want: ^2.2.1
1559 silly placeDep ROOT remove-trailing-slash@0.1.1 OK for: @expo/rudder-sdk-node@1.1.1 want: ^0.1.0
1560 silly placeDep node_modules/@expo/rudder-sdk-node uuid@8.3.2 OK for: @expo/rudder-sdk-node@1.1.1 want: ^8.3.2
1561 silly fetch manifest uuid@^8.0.0
1562 silly packumentCache full:https://registry.npmjs.org/uuid cache-hit
1563 silly fetch manifest component-type@^1.2.1
1564 silly packumentCache full:https://registry.npmjs.org/component-type cache-miss
1565 silly fetch manifest join-component@^1.1.0
1566 silly packumentCache full:https://registry.npmjs.org/join-component cache-miss
1567 silly fetch manifest crypt@0.0.2
1568 silly packumentCache full:https://registry.npmjs.org/crypt cache-miss
1569 silly fetch manifest charenc@0.0.2
1570 silly packumentCache full:https://registry.npmjs.org/charenc cache-miss
1571 silly fetch manifest is-buffer@~1.1.6
1572 silly packumentCache full:https://registry.npmjs.org/is-buffer cache-miss
1573 http cache https://registry.npmjs.org/join-component 7ms (cache hit)
1574 silly packumentCache full:https://registry.npmjs.org/join-component set size:4669 disposed:false
1575 http cache https://registry.npmjs.org/crypt 7ms (cache hit)
1576 silly packumentCache full:https://registry.npmjs.org/crypt set size:4414 disposed:false
1577 http cache https://registry.npmjs.org/charenc 7ms (cache hit)
1578 silly packumentCache full:https://registry.npmjs.org/charenc set size:4415 disposed:false
1579 http cache https://registry.npmjs.org/component-type 7ms (cache hit)
1580 silly packumentCache full:https://registry.npmjs.org/component-type set size:14938 disposed:false
1581 http cache https://registry.npmjs.org/is-buffer 7ms (cache hit)
1582 silly packumentCache full:https://registry.npmjs.org/is-buffer set size:34803 disposed:false
1583 silly placeDep node_modules/@expo/bunyan uuid@8.3.2 OK for: @expo/bunyan@4.0.1 want: ^8.0.0
1584 silly placeDep ROOT cross-spawn@7.0.6 OK for: @expo/spawn-async@1.7.2 want: ^7.0.3
1585 silly fetch manifest which@^2.0.1
1586 silly packumentCache full:https://registry.npmjs.org/which cache-miss
1587 silly fetch manifest path-key@^3.1.0
1588 silly packumentCache full:https://registry.npmjs.org/path-key cache-miss
1589 silly fetch manifest shebang-command@^2.0.0
1590 silly packumentCache full:https://registry.npmjs.org/shebang-command cache-miss
1591 http cache https://registry.npmjs.org/path-key 1ms (cache hit)
1592 silly packumentCache full:https://registry.npmjs.org/path-key set size:16975 disposed:false
1593 http cache https://registry.npmjs.org/shebang-command 2ms (cache hit)
1594 silly packumentCache full:https://registry.npmjs.org/shebang-command set size:8525 disposed:false
1595 http cache https://registry.npmjs.org/which 2ms (cache hit)
1596 silly packumentCache full:https://registry.npmjs.org/which set size:70147 disposed:false
1597 silly placeDep ROOT arg@5.0.2 OK for: @expo/steps@24.9.0 want: ^5.0.2
1598 silly placeDep node_modules/@expo/steps joi@17.13.8 OK for: @expo/steps@24.9.0 want: ^17.13.1
1599 silly placeDep ROOT jsep@1.4.0 OK for: @expo/steps@24.9.0 want: ^1.3.8
1600 silly placeDep ROOT lodash.clonedeep@4.5.0 OK for: @expo/steps@24.9.0 want: ^4.5.0
1601 silly placeDep ROOT @jridgewell/sourcemap-codec@1.6.0 OK for: @jridgewell/gen-mapping@0.3.13 want: ^1.5.0
1602 silly placeDep ROOT @jridgewell/resolve-uri@3.1.2 OK for: @jridgewell/trace-mapping@0.3.31 want: ^3.1.0
1603 silly placeDep ROOT ansi-escapes@4.3.2 OK for: @oclif/core@4.14.0 want: ^4.3.2
1604 silly placeDep ROOT ansis@3.17.0 OK for: @oclif/core@4.14.0 want: ^3.17.0
1605 silly placeDep ROOT clean-stack@3.0.1 OK for: @oclif/core@4.14.0 want: ^3.0.1
1606 silly placeDep ROOT cli-spinners@2.9.2 OK for: @oclif/core@4.14.0 want: ^2.9.2
1607 silly placeDep node_modules/@oclif/core ejs@6.0.1 OK for: @oclif/core@4.14.0 want: ^6
1608 silly placeDep ROOT get-package-type@0.1.0 OK for: @oclif/core@4.14.0 want: ^0.1.0
1609 silly placeDep ROOT lilconfig@3.1.3 OK for: @oclif/core@4.14.0 want: ^3.1.3
1610 silly placeDep node_modules/@oclif/core minimatch@10.2.6 OK for: @oclif/core@4.14.0 want: ^10.2.5
1611 silly placeDep node_modules/@oclif/core semver@7.8.5 OK for: @oclif/core@4.14.0 want: ^7.8.1
1612 silly placeDep ROOT string-width@4.2.3 OK for: @oclif/core@4.14.0 want: ^4.2.3
1613 silly placeDep ROOT supports-color@8.1.1 OK for: @oclif/core@4.14.0 want: ^8
1614 silly placeDep ROOT tinyglobby@0.2.17 OK for: @oclif/core@4.14.0 want: ^0.2.17
1615 silly placeDep ROOT widest-line@3.1.0 OK for: @oclif/core@4.14.0 want: ^3.1.0
1616 silly placeDep ROOT wordwrap@1.0.0 OK for: @oclif/core@4.14.0 want: ^1.0.0
1617 silly placeDep ROOT wsl-utils@0.4.0 OK for: @oclif/core@4.14.0 want: ^0.4.0
1618 silly fetch manifest type-fest@^0.21.3
1619 silly packumentCache full:https://registry.npmjs.org/type-fest cache-miss
1620 silly fetch manifest escape-string-regexp@4.0.0
1621 silly packumentCache full:https://registry.npmjs.org/escape-string-regexp cache-hit
1622 silly fetch manifest brace-expansion@^5.0.8
1623 silly packumentCache full:https://registry.npmjs.org/brace-expansion cache-hit
1624 silly fetch manifest emoji-regex@^8.0.0
1625 silly packumentCache full:https://registry.npmjs.org/emoji-regex cache-miss
1626 silly fetch manifest is-fullwidth-code-point@^3.0.0
1627 silly packumentCache full:https://registry.npmjs.org/is-fullwidth-code-point cache-miss
1628 silly fetch manifest has-flag@^4.0.0
1629 silly packumentCache full:https://registry.npmjs.org/has-flag cache-miss
1630 silly fetch manifest fdir@^6.5.0
1631 silly packumentCache full:https://registry.npmjs.org/fdir cache-miss
1632 silly fetch manifest picomatch@^4.0.4
1633 silly packumentCache full:https://registry.npmjs.org/picomatch cache-miss
1634 silly fetch manifest is-wsl@^3.1.0
1635 silly packumentCache full:https://registry.npmjs.org/is-wsl cache-hit
1636 silly fetch manifest powershell-utils@^0.1.0
1637 silly packumentCache full:https://registry.npmjs.org/powershell-utils cache-miss
1638 http cache https://registry.npmjs.org/powershell-utils 2ms (cache hit)
1639 silly packumentCache full:https://registry.npmjs.org/powershell-utils set size:12045 disposed:false
1640 http cache https://registry.npmjs.org/has-flag 4ms (cache hit)
1641 silly packumentCache full:https://registry.npmjs.org/has-flag set size:15180 disposed:false
1642 http cache https://registry.npmjs.org/type-fest 4ms (cache hit)
1643 silly packumentCache full:https://registry.npmjs.org/type-fest set size:571296 disposed:false
1644 http cache https://registry.npmjs.org/emoji-regex 6ms (cache hit)
1645 silly packumentCache full:https://registry.npmjs.org/emoji-regex set size:91540 disposed:false
1646 http cache https://registry.npmjs.org/fdir 6ms (cache hit)
1647 silly packumentCache full:https://registry.npmjs.org/fdir set size:136182 disposed:false
1648 http cache https://registry.npmjs.org/is-fullwidth-code-point 8ms (cache hit)
1649 silly packumentCache full:https://registry.npmjs.org/is-fullwidth-code-point set size:14578 disposed:false
1650 http cache https://registry.npmjs.org/picomatch 7ms (cache hit)
1651 silly packumentCache full:https://registry.npmjs.org/picomatch set size:134451 disposed:false
1652 silly placeDep ROOT component-type@1.2.2 OK for: @segment/loosely-validate-event@2.0.0 want: ^1.2.1
1653 silly placeDep ROOT join-component@1.1.0 OK for: @segment/loosely-validate-event@2.0.0 want: ^1.1.0
1654 silly placeDep ROOT @sentry-internal/tracing@7.77.0 OK for: @sentry/node@7.77.0 want: 7.77.0
1655 silly placeDep ROOT @sentry/core@7.77.0 OK for: @sentry/node@7.77.0 want: 7.77.0
1656 silly placeDep ROOT @sentry/types@7.77.0 OK for: @sentry/node@7.77.0 want: 7.77.0
1657 silly placeDep ROOT @sentry/utils@7.77.0 OK for: @sentry/node@7.77.0 want: 7.77.0
1658 silly placeDep node_modules/@sentry/node https-proxy-agent@5.0.1 OK for: @sentry/node@7.77.0 want: ^5.0.0
1659 silly fetch manifest agent-base@6
1660 silly packumentCache full:https://registry.npmjs.org/agent-base cache-hit
1661 silly placeDep ROOT @types/node@26.6.4 OK for: @types/bunyan@1.8.11 want: *
1662 silly fetch manifest undici-types@~8.9.0
1663 silly packumentCache full:https://registry.npmjs.org/undici-types cache-miss
1664 http cache https://registry.npmjs.org/undici-types 1ms (cache hit)
1665 silly packumentCache full:https://registry.npmjs.org/undici-types set size:270043 disposed:false
1666 silly placeDep ROOT undici-types@8.9.0 OK for: @types/node@26.6.4 want: ~8.9.0
1667 silly fetch manifest graphql@^14.0.0 || ^15.0.0 || ^16.0.0 || ^17.0.0
1668 silly packumentCache full:https://registry.npmjs.org/graphql cache-hit
1669 silly placeDep ROOT @0no-co/graphql.web@1.3.4 OK for: @urql/core@4.0.11 want: ^1.0.1
1670 silly placeDep ROOT wonka@6.3.6 OK for: @urql/core@4.0.11 want: ^6.3.2
1671 silly placeDep ROOT json-schema-traverse@1.0.0 OK for: ajv@8.11.0 want: ^1.0.0
1672 silly placeDep ROOT require-from-string@2.0.2 OK for: ajv@8.11.0 want: ^2.0.2
1673 silly placeDep ROOT uri-js@4.4.1 OK for: ajv@8.11.0 want: ^4.2.2
1674 silly fetch manifest punycode@^2.1.0
1675 silly packumentCache full:https://registry.npmjs.org/punycode cache-miss
1676 http cache https://registry.npmjs.org/punycode 2ms (cache hit)
1677 silly packumentCache full:https://registry.npmjs.org/punycode set size:61278 disposed:false
1678 silly placeDep ROOT type-fest@0.21.3 OK for: ansi-escapes@4.3.2 want: ^0.21.3
1679 silly placeDep ROOT big-integer@1.6.52 OK for: bplist-parser@0.3.2 want: 1.6.x
1680 silly fetch manifest browserslist@>= 4.21.0
1681 silly packumentCache full:https://registry.npmjs.org/browserslist cache-hit
1682 silly placeDep ROOT baseline-browser-mapping@2.11.27 OK for: browserslist@4.29.3 want: ^2.11.26
1683 silly placeDep ROOT caniuse-lite@1.0.30001815 OK for: browserslist@4.29.3 want: ^1.0.30001813
1684 silly placeDep ROOT electron-to-chromium@1.5.449 OK for: browserslist@4.29.3 want: ^1.5.439
1685 silly placeDep ROOT node-releases@2.0.57 OK for: browserslist@4.29.3 want: ^2.0.57
1686 silly placeDep ROOT update-browserslist-db@1.3.3 OK for: browserslist@4.29.3 want: ^1.3.3
1687 silly fetch manifest escalade@^3.2.0
1688 silly packumentCache full:https://registry.npmjs.org/escalade cache-miss
1689 http cache https://registry.npmjs.org/escalade 1ms (cache hit)
1690 silly packumentCache full:https://registry.npmjs.org/escalade set size:33724 disposed:false
1691 silly placeDep ROOT dtrace-provider@0.8.8 OK for: bunyan@1.8.15 want: ~0.8
1692 silly placeDep ROOT moment@2.31.0 OK for: bunyan@1.8.15 want: ^2.19.3
1693 silly placeDep ROOT mv@2.1.1 OK for: bunyan@1.8.15 want: ~2
1694 silly placeDep ROOT safe-json-stringify@1.2.0 OK for: bunyan@1.8.15 want: ~1
1695 silly fetch manifest nan@^2.14.0
1696 silly packumentCache full:https://registry.npmjs.org/nan cache-miss
1697 silly fetch manifest mkdirp@~0.5.1
1698 silly packumentCache full:https://registry.npmjs.org/mkdirp cache-miss
1699 silly fetch manifest ncp@~2.0.0
1700 silly packumentCache full:https://registry.npmjs.org/ncp cache-miss
1701 silly fetch manifest rimraf@~2.4.0
1702 silly packumentCache full:https://registry.npmjs.org/rimraf cache-miss
1703 http cache https://registry.npmjs.org/nan 2ms (cache hit)
1704 silly packumentCache full:https://registry.npmjs.org/nan set size:248451 disposed:false
1705 http cache https://registry.npmjs.org/ncp 2ms (cache hit)
1706 silly packumentCache full:https://registry.npmjs.org/ncp set size:33953 disposed:false
1707 http cache https://registry.npmjs.org/mkdirp 4ms (cache hit)
1708 silly packumentCache full:https://registry.npmjs.org/mkdirp set size:116415 disposed:false
1709 http cache https://registry.npmjs.org/rimraf 4ms (cache hit)
1710 silly packumentCache full:https://registry.npmjs.org/rimraf set size:212626 disposed:false
1711 silly placeDep ROOT events@3.3.0 OK for: centrifuge@5.7.1 want: ^3.3.0
1712 silly placeDep ROOT protobufjs@7.6.6 OK for: centrifuge@5.7.1 want: ^7.6.0
1713 silly fetch manifest long@^5.3.2
1714 silly packumentCache full:https://registry.npmjs.org/long cache-miss
1715 silly fetch manifest @protobufjs/path@^1.1.2
1716 silly packumentCache full:https://registry.npmjs.org/@protobufjs%2fpath cache-miss
1717 silly fetch manifest @protobufjs/pool@^1.1.0
1718 silly packumentCache full:https://registry.npmjs.org/@protobufjs%2fpool cache-miss
1719 silly fetch manifest @protobufjs/utf8@^1.1.1
1720 silly packumentCache full:https://registry.npmjs.org/@protobufjs%2futf8 cache-miss
1721 silly fetch manifest @protobufjs/fetch@^1.1.1
1722 silly packumentCache full:https://registry.npmjs.org/@protobufjs%2ffetch cache-miss
1723 silly fetch manifest @protobufjs/float@^1.0.2
1724 silly packumentCache full:https://registry.npmjs.org/@protobufjs%2ffloat cache-miss
1725 silly fetch manifest @protobufjs/base64@^1.1.2
1726 silly packumentCache full:https://registry.npmjs.org/@protobufjs%2fbase64 cache-miss
1727 http cache https://registry.npmjs.org/@protobufjs%2fpath 3ms (cache hit)
1728 silly packumentCache full:https://registry.npmjs.org/@protobufjs%2fpath set size:10241 disposed:false
1729 silly fetch manifest @protobufjs/codegen@^2.0.5
1730 silly packumentCache full:https://registry.npmjs.org/@protobufjs%2fcodegen cache-miss
1731 http cache https://registry.npmjs.org/long 4ms (cache hit)
1732 silly packumentCache full:https://registry.npmjs.org/long set size:80704 disposed:false
1733 silly fetch manifest @protobufjs/aspromise@^1.1.2
1734 silly packumentCache full:https://registry.npmjs.org/@protobufjs%2faspromise cache-miss
1735 http cache https://registry.npmjs.org/@protobufjs%2ffetch 4ms (cache hit)
1736 silly packumentCache full:https://registry.npmjs.org/@protobufjs%2ffetch set size:12023 disposed:false
1737 silly fetch manifest @protobufjs/eventemitter@^1.1.1
1738 silly packumentCache full:https://registry.npmjs.org/@protobufjs%2feventemitter cache-miss
1739 http cache https://registry.npmjs.org/@protobufjs%2ffloat 4ms (cache hit)
1740 silly packumentCache full:https://registry.npmjs.org/@protobufjs%2ffloat set size:9957 disposed:false
1741 http cache https://registry.npmjs.org/@protobufjs%2futf8 5ms (cache hit)
1742 silly packumentCache full:https://registry.npmjs.org/@protobufjs%2futf8 set size:17318 disposed:false
1743 http cache https://registry.npmjs.org/@protobufjs%2fbase64 4ms (cache hit)
1744 silly packumentCache full:https://registry.npmjs.org/@protobufjs%2fbase64 set size:14176 disposed:false
1745 http cache https://registry.npmjs.org/@protobufjs%2fpool 5ms (cache hit)
1746 silly packumentCache full:https://registry.npmjs.org/@protobufjs%2fpool set size:10727 disposed:false
1747 http cache https://registry.npmjs.org/@protobufjs%2fcodegen 3ms (cache hit)
1748 silly packumentCache full:https://registry.npmjs.org/@protobufjs%2fcodegen set size:23820 disposed:false
1749 http cache https://registry.npmjs.org/@protobufjs%2faspromise 2ms (cache hit)
1750 silly packumentCache full:https://registry.npmjs.org/@protobufjs%2faspromise set size:11438 disposed:false
1751 http cache https://registry.npmjs.org/@protobufjs%2feventemitter 2ms (cache hit)
1752 silly packumentCache full:https://registry.npmjs.org/@protobufjs%2feventemitter set size:13173 disposed:false
1753 silly placeDep ROOT ansi-styles@4.3.0 OK for: chalk@4.1.2 want: ^4.1.0
1754 silly placeDep node_modules/chalk supports-color@7.2.0 OK for: chalk@4.1.2 want: ^7.1.0
1755 silly fetch manifest color-convert@^2.0.1
1756 silly packumentCache full:https://registry.npmjs.org/color-convert cache-miss
1757 http cache https://registry.npmjs.org/color-convert 1ms (cache hit)
1758 silly packumentCache full:https://registry.npmjs.org/color-convert set size:72663 disposed:false
1759 silly placeDep ROOT color-convert@2.0.1 OK for: ansi-styles@4.3.0 want: ^2.0.1
1760 silly fetch manifest color-name@~1.1.4
1761 silly packumentCache full:https://registry.npmjs.org/color-name cache-miss
1762 http cache https://registry.npmjs.org/color-name 2ms (cache hit)
1763 silly packumentCache full:https://registry.npmjs.org/color-name set size:20968 disposed:false
1764 silly placeDep ROOT escape-string-regexp@4.0.0 OK for: clean-stack@3.0.1 want: 4.0.0
1765 silly placeDep ROOT color-name@1.1.4 OK for: color-convert@2.0.1 want: ~1.1.4
1766 silly placeDep ROOT path-key@3.1.1 OK for: cross-spawn@7.0.6 want: ^3.1.0
1767 silly placeDep ROOT shebang-command@2.0.0 OK for: cross-spawn@7.0.6 want: ^2.0.0
1768 silly placeDep ROOT which@2.0.2 OK for: cross-spawn@7.0.6 want: ^2.0.1
1769 silly fetch manifest shebang-regex@^3.0.0
1770 silly packumentCache full:https://registry.npmjs.org/shebang-regex cache-miss
1771 silly fetch manifest isexe@^2.0.0
1772 silly packumentCache full:https://registry.npmjs.org/isexe cache-miss
1773 http cache https://registry.npmjs.org/shebang-regex 2ms (cache hit)
1774 silly packumentCache full:https://registry.npmjs.org/shebang-regex set size:9763 disposed:false
1775 http cache https://registry.npmjs.org/isexe 1ms (cache hit)
1776 silly packumentCache full:https://registry.npmjs.org/isexe set size:31756 disposed:false
1777 silly placeDep ROOT ms@2.1.3 OK for: debug@4.4.3 want: ^2.1.3
1778 silly placeDep node_modules/dotenv-expand dotenv@16.6.1 OK for: dotenv-expand@11.0.7 want: ^16.4.5
1779 silly placeDep ROOT nan@2.29.0 OK for: dtrace-provider@0.8.8 want: ^2.14.0
1780 silly placeDep ROOT jake@10.9.4 OK for: ejs@3.1.10 want: ^10.8.5
1781 silly fetch manifest async@^3.2.6
1782 silly packumentCache full:https://registry.npmjs.org/async cache-miss
1783 silly fetch manifest filelist@^1.0.4
1784 silly packumentCache full:https://registry.npmjs.org/filelist cache-miss
1785 http cache https://registry.npmjs.org/filelist 1ms (cache hit)
1786 silly packumentCache full:https://registry.npmjs.org/filelist set size:27594 disposed:false
1787 http cache https://registry.npmjs.org/async 2ms (cache hit)
1788 silly packumentCache full:https://registry.npmjs.org/async set size:230482 disposed:false
1789 silly placeDep ROOT @nodelib/fs.stat@2.0.5 OK for: fast-glob@3.3.2 want: ^2.0.2
1790 silly placeDep ROOT @nodelib/fs.walk@1.2.8 OK for: fast-glob@3.3.2 want: ^1.2.3
1791 silly placeDep ROOT glob-parent@5.1.2 OK for: fast-glob@3.3.2 want: ^5.1.2
1792 silly placeDep ROOT merge2@1.4.1 OK for: fast-glob@3.3.2 want: ^1.3.0
1793 silly placeDep ROOT micromatch@4.0.8 OK for: fast-glob@3.3.2 want: ^4.0.4
1794 silly fetch manifest fastq@^1.6.0
1795 silly packumentCache full:https://registry.npmjs.org/fastq cache-miss
1796 silly fetch manifest @nodelib/fs.scandir@2.1.5
1797 silly packumentCache full:https://registry.npmjs.org/@nodelib%2ffs.scandir cache-miss
1798 silly fetch manifest is-glob@^4.0.1
1799 silly packumentCache full:https://registry.npmjs.org/is-glob cache-miss
1800 silly fetch manifest braces@^3.0.3
1801 silly packumentCache full:https://registry.npmjs.org/braces cache-miss
1802 silly fetch manifest picomatch@^2.3.1
1803 silly packumentCache full:https://registry.npmjs.org/picomatch cache-hit
1804 http cache https://registry.npmjs.org/fastq 1ms (cache hit)
1805 silly packumentCache full:https://registry.npmjs.org/fastq set size:82997 disposed:false
1806 http cache https://registry.npmjs.org/@nodelib%2ffs.scandir 2ms (cache hit)
1807 silly packumentCache full:https://registry.npmjs.org/@nodelib%2ffs.scandir set size:49256 disposed:false
1808 http cache https://registry.npmjs.org/is-glob 3ms (cache hit)
1809 silly packumentCache full:https://registry.npmjs.org/is-glob set size:40530 disposed:false
1810 http cache https://registry.npmjs.org/braces 3ms (cache hit)
1811 silly packumentCache full:https://registry.npmjs.org/braces set size:114529 disposed:false
1812 silly placeDep ROOT @nodelib/fs.scandir@2.1.5 OK for: @nodelib/fs.walk@1.2.8 want: 2.1.5
1813 silly placeDep ROOT fastq@1.20.3 OK for: @nodelib/fs.walk@1.2.8 want: ^1.6.0
1814 silly fetch manifest run-parallel@^1.1.9
1815 silly packumentCache full:https://registry.npmjs.org/run-parallel cache-miss
1816 silly fetch manifest reusify@^1.0.4
1817 silly packumentCache full:https://registry.npmjs.org/reusify cache-miss
1818 http cache https://registry.npmjs.org/run-parallel 2ms (cache hit)
1819 silly packumentCache full:https://registry.npmjs.org/run-parallel set size:35172 disposed:false
1820 http cache https://registry.npmjs.org/reusify 2ms (cache hit)
1821 silly packumentCache full:https://registry.npmjs.org/reusify set size:14249 disposed:false
1822 silly placeDep ROOT run-parallel@1.2.0 OK for: @nodelib/fs.scandir@2.1.5 want: ^1.1.9
1823 silly fetch manifest queue-microtask@^1.2.2
1824 silly packumentCache full:https://registry.npmjs.org/queue-microtask cache-miss
1825 http cache https://registry.npmjs.org/queue-microtask 1ms (cache hit)
1826 silly packumentCache full:https://registry.npmjs.org/queue-microtask set size:36088 disposed:false
1827 silly placeDep ROOT reusify@1.1.0 OK for: fastq@1.20.3 want: ^1.0.4
1828 silly placeDep node_modules/figures escape-string-regexp@1.0.5 OK for: figures@3.2.0 want: ^1.0.5
1829 silly placeDep ROOT asynckit@0.4.0 OK for: form-data@4.0.6 want: ^0.4.0
1830 silly placeDep ROOT combined-stream@1.0.8 OK for: form-data@4.0.6 want: ^1.0.8
1831 silly placeDep ROOT es-set-tostringtag@2.1.0 OK for: form-data@4.0.6 want: ^2.1.0
1832 silly placeDep ROOT hasown@2.0.4 OK for: form-data@4.0.6 want: ^2.0.4
1833 silly placeDep ROOT mime-types@2.1.35 OK for: form-data@4.0.6 want: ^2.1.35
1834 silly fetch manifest delayed-stream@~1.0.0
1835 silly packumentCache full:https://registry.npmjs.org/delayed-stream cache-miss
1836 silly fetch manifest es-errors@^1.3.0
1837 silly packumentCache full:https://registry.npmjs.org/es-errors cache-miss
1838 silly fetch manifest get-intrinsic@^1.2.6
1839 silly packumentCache full:https://registry.npmjs.org/get-intrinsic cache-miss
1840 silly fetch manifest has-tostringtag@^1.0.2
1841 silly packumentCache full:https://registry.npmjs.org/has-tostringtag cache-miss
1842 silly fetch manifest hasown@^2.0.2
1843 silly packumentCache full:https://registry.npmjs.org/hasown cache-hit
1844 silly fetch manifest function-bind@^1.1.2
1845 silly packumentCache full:https://registry.npmjs.org/function-bind cache-miss
1846 silly fetch manifest mime-db@1.52.0
1847 silly packumentCache full:https://registry.npmjs.org/mime-db cache-miss
1848 http cache https://registry.npmjs.org/has-tostringtag 3ms (cache hit)
1849 silly packumentCache full:https://registry.npmjs.org/has-tostringtag set size:13945 disposed:false
1850 http cache https://registry.npmjs.org/delayed-stream 5ms (cache hit)
1851 silly packumentCache full:https://registry.npmjs.org/delayed-stream set size:15820 disposed:false
1852 http cache https://registry.npmjs.org/function-bind 6ms (cache hit)
1853 silly packumentCache full:https://registry.npmjs.org/function-bind set size:15733 disposed:false
1854 http cache https://registry.npmjs.org/mime-db 6ms (cache hit)
1855 silly packumentCache full:https://registry.npmjs.org/mime-db set size:164953 disposed:false
1856 http cache https://registry.npmjs.org/es-errors 8ms (cache hit)
1857 silly packumentCache full:https://registry.npmjs.org/es-errors set size:16918 disposed:false
1858 http cache https://registry.npmjs.org/get-intrinsic 8ms (cache hit)
1859 silly packumentCache full:https://registry.npmjs.org/get-intrinsic set size:60985 disposed:false
1860 silly placeDep ROOT delayed-stream@1.0.0 OK for: combined-stream@1.0.8 want: ~1.0.0
1861 silly placeDep ROOT es-errors@1.3.0 OK for: es-set-tostringtag@2.1.0 want: ^1.3.0
1862 silly placeDep ROOT get-intrinsic@1.3.0 OK for: es-set-tostringtag@2.1.0 want: ^1.2.6
1863 silly placeDep ROOT has-tostringtag@1.0.2 OK for: es-set-tostringtag@2.1.0 want: ^1.0.2
1864 silly fetch manifest gopd@^1.2.0
1865 silly packumentCache full:https://registry.npmjs.org/gopd cache-miss
1866 silly fetch manifest get-proto@^1.0.1
1867 silly packumentCache full:https://registry.npmjs.org/get-proto cache-miss
1868 silly fetch manifest has-symbols@^1.1.0
1869 silly packumentCache full:https://registry.npmjs.org/has-symbols cache-miss
1870 silly fetch manifest es-object-atoms@^1.1.1
1871 silly packumentCache full:https://registry.npmjs.org/es-object-atoms cache-miss
1872 silly fetch manifest math-intrinsics@^1.1.0
1873 silly packumentCache full:https://registry.npmjs.org/math-intrinsics cache-miss
1874 silly fetch manifest es-define-property@^1.0.1
1875 silly packumentCache full:https://registry.npmjs.org/es-define-property cache-miss
1876 silly fetch manifest call-bind-apply-helpers@^1.0.2
1877 silly packumentCache full:https://registry.npmjs.org/call-bind-apply-helpers cache-miss
1878 http cache https://registry.npmjs.org/gopd 3ms (cache hit)
1879 silly packumentCache full:https://registry.npmjs.org/gopd set size:11483 disposed:false
1880 silly fetch manifest has-symbols@^1.0.3
1881 silly packumentCache full:https://registry.npmjs.org/has-symbols cache-miss
1882 http cache https://registry.npmjs.org/has-symbols 3ms (cache hit)
1883 silly packumentCache full:https://registry.npmjs.org/has-symbols set size:21550 disposed:false
1884 http cache https://registry.npmjs.org/get-proto 4ms (cache hit)
1885 silly packumentCache full:https://registry.npmjs.org/get-proto set size:8300 disposed:false
1886 http cache https://registry.npmjs.org/es-object-atoms 3ms (cache hit)
1887 silly packumentCache full:https://registry.npmjs.org/es-object-atoms set size:18278 disposed:false
1888 http cache https://registry.npmjs.org/es-define-property 3ms (cache hit)
1889 silly packumentCache full:https://registry.npmjs.org/es-define-property set size:8542 disposed:false
1890 http cache https://registry.npmjs.org/math-intrinsics 4ms (cache hit)
1891 silly packumentCache full:https://registry.npmjs.org/math-intrinsics set size:9265 disposed:false
1892 http cache https://registry.npmjs.org/call-bind-apply-helpers 4ms (cache hit)
1893 silly packumentCache full:https://registry.npmjs.org/call-bind-apply-helpers set size:12744 disposed:false
1894 http cache https://registry.npmjs.org/has-symbols 3ms (cache hit)
1895 silly packumentCache full:https://registry.npmjs.org/has-symbols set size:21550 disposed:false
1896 silly packumentCache full:https://registry.npmjs.org/has-symbols dispose
1897 silly placeDep ROOT graceful-fs@4.2.11 OK for: fs-extra@11.2.0 want: ^4.2.0
1898 silly placeDep ROOT jsonfile@6.2.1 OK for: fs-extra@11.2.0 want: ^6.0.1
1899 silly placeDep ROOT universalify@2.0.1 OK for: fs-extra@11.2.0 want: ^2.0.0
1900 silly placeDep ROOT call-bind-apply-helpers@1.0.2 OK for: get-intrinsic@1.3.0 want: ^1.0.2
1901 silly placeDep ROOT es-define-property@1.0.1 OK for: get-intrinsic@1.3.0 want: ^1.0.1
1902 silly placeDep ROOT es-object-atoms@1.1.2 OK for: get-intrinsic@1.3.0 want: ^1.1.1
1903 silly placeDep ROOT function-bind@1.1.2 OK for: get-intrinsic@1.3.0 want: ^1.1.2
1904 silly placeDep ROOT get-proto@1.0.1 OK for: get-intrinsic@1.3.0 want: ^1.0.1
1905 silly placeDep ROOT gopd@1.2.0 OK for: get-intrinsic@1.3.0 want: ^1.2.0
1906 silly placeDep ROOT has-symbols@1.1.0 OK for: get-intrinsic@1.3.0 want: ^1.1.0
1907 silly placeDep ROOT math-intrinsics@1.1.0 OK for: get-intrinsic@1.3.0 want: ^1.1.0
1908 silly fetch manifest dunder-proto@^1.0.1
1909 silly packumentCache full:https://registry.npmjs.org/dunder-proto cache-miss
1910 http cache https://registry.npmjs.org/dunder-proto 1ms (cache hit)
1911 silly packumentCache full:https://registry.npmjs.org/dunder-proto set size:8256 disposed:false
1912 silly placeDep ROOT dunder-proto@1.0.1 OK for: get-proto@1.0.1 want: ^1.0.1
1913 silly placeDep node_modules/glob minimatch@10.2.6 OK for: glob@13.0.6 want: ^10.2.2
1914 silly placeDep ROOT minipass@7.1.3 OK for: glob@13.0.6 want: ^7.1.3
1915 silly placeDep ROOT path-scurry@2.0.2 OK for: glob@13.0.6 want: ^2.0.2
1916 silly fetch manifest lru-cache@^11.0.0
1917 silly packumentCache full:https://registry.npmjs.org/lru-cache cache-hit
1918 silly placeDep ROOT is-glob@4.0.3 OK for: glob-parent@5.1.2 want: ^4.0.1
1919 silly fetch manifest is-extglob@^2.1.1
1920 silly packumentCache full:https://registry.npmjs.org/is-extglob cache-miss
1921 http cache https://registry.npmjs.org/is-extglob 1ms (cache hit)
1922 silly packumentCache full:https://registry.npmjs.org/is-extglob set size:11766 disposed:false
1923 silly placeDep ROOT lodash.merge@4.6.2 OK for: gradle-to-js@2.0.1 want: ^4.6.2
1924 silly placeDep ROOT content-type@1.0.5 OK for: http-call@5.3.0 want: ^1.0.4
1925 silly placeDep ROOT is-retry-allowed@1.2.0 OK for: http-call@5.3.0 want: ^1.1.0
1926 silly placeDep ROOT is-stream@2.0.1 OK for: http-call@5.3.0 want: ^2.0.0
1927 silly placeDep ROOT parse-json@4.0.0 OK for: http-call@5.3.0 want: ^4.0.0
1928 silly placeDep ROOT tunnel-agent@0.6.0 OK for: http-call@5.3.0 want: ^0.6.0
1929 silly fetch manifest error-ex@^1.3.1
1930 silly packumentCache full:https://registry.npmjs.org/error-ex cache-miss
1931 silly fetch manifest json-parse-better-errors@^1.0.1
1932 silly packumentCache full:https://registry.npmjs.org/json-parse-better-errors cache-miss
1933 silly fetch manifest safe-buffer@^5.0.1
1934 silly packumentCache full:https://registry.npmjs.org/safe-buffer cache-miss
1935 http cache https://registry.npmjs.org/json-parse-better-errors 2ms (cache hit)
1936 silly packumentCache full:https://registry.npmjs.org/json-parse-better-errors set size:9157 disposed:false
1937 http cache https://registry.npmjs.org/error-ex 2ms (cache hit)
1938 silly packumentCache full:https://registry.npmjs.org/error-ex set size:31684 disposed:false
1939 http cache https://registry.npmjs.org/safe-buffer 2ms (cache hit)
1940 silly packumentCache full:https://registry.npmjs.org/safe-buffer set size:41183 disposed:false
1941 silly placeDep ROOT agent-base@7.1.4 OK for: https-proxy-agent@7.0.6 want: ^7.1.2
1942 silly placeDep ROOT loose-envify@1.4.0 OK for: invariant@2.2.4 want: ^1.0.0
1943 silly placeDep ROOT is-extglob@2.1.1 OK for: is-glob@4.0.3 want: ^2.1.1
1944 silly placeDep ROOT async@3.2.6 OK for: jake@10.9.4 want: ^3.2.6
1945 silly placeDep ROOT filelist@1.0.6 OK for: jake@10.9.4 want: ^1.0.4
1946 silly placeDep ROOT node-int64@0.4.0 OK for: jks-js@1.1.0 want: ^0.4.0
1947 silly placeDep ROOT node-rsa@1.1.1 OK for: jks-js@1.1.0 want: ^1.1.1
1948 silly fetch manifest asn1@^0.2.4
1949 silly packumentCache full:https://registry.npmjs.org/asn1 cache-miss
1950 http cache https://registry.npmjs.org/asn1 1ms (cache hit)
1951 silly packumentCache full:https://registry.npmjs.org/asn1 set size:29978 disposed:false
1952 silly placeDep ROOT @hapi/hoek@9.3.0 OK for: joi@17.11.0 want: ^9.0.0
1953 silly placeDep ROOT @hapi/topo@5.1.0 OK for: joi@17.11.0 want: ^5.0.0
1954 silly placeDep ROOT @sideway/address@4.1.5 OK for: joi@17.11.0 want: ^4.1.3
1955 silly placeDep ROOT @sideway/formula@3.0.1 OK for: joi@17.11.0 want: ^3.0.1
1956 silly placeDep ROOT @sideway/pinpoint@2.0.0 OK for: joi@17.11.0 want: ^2.0.0
1957 silly placeDep ROOT is-unicode-supported@0.1.0 OK for: log-symbols@4.1.0 want: ^0.1.0
1958 silly placeDep ROOT yallist@3.1.1 OK for: lru-cache@5.1.1 want: ^3.0.2
1959 silly placeDep ROOT charenc@0.0.2 OK for: md5@2.3.0 want: 0.0.2
1960 silly placeDep ROOT crypt@0.0.2 OK for: md5@2.3.0 want: 0.0.2
1961 silly placeDep ROOT is-buffer@1.1.6 OK for: md5@2.3.0 want: ~1.1.6
1962 silly placeDep ROOT braces@3.0.3 OK for: micromatch@4.0.8 want: ^3.0.3
1963 silly placeDep ROOT picomatch@2.3.2 OK for: micromatch@4.0.8 want: ^2.3.1
1964 silly fetch manifest fill-range@^7.1.1
1965 silly packumentCache full:https://registry.npmjs.org/fill-range cache-miss
1966 http cache https://registry.npmjs.org/fill-range 2ms (cache hit)
1967 silly packumentCache full:https://registry.npmjs.org/fill-range set size:90162 disposed:false
1968 silly placeDep ROOT fill-range@7.1.1 OK for: braces@3.0.3 want: ^7.1.1
1969 silly fetch manifest to-regex-range@^5.0.1
1970 silly packumentCache full:https://registry.npmjs.org/to-regex-range cache-miss
1971 http cache https://registry.npmjs.org/to-regex-range 1ms (cache hit)
1972 silly packumentCache full:https://registry.npmjs.org/to-regex-range set size:61569 disposed:false
1973 silly placeDep ROOT to-regex-range@5.0.1 OK for: fill-range@7.1.1 want: ^5.0.1
1974 silly fetch manifest is-number@^7.0.0
1975 silly packumentCache full:https://registry.npmjs.org/is-number cache-miss
1976 http cache https://registry.npmjs.org/is-number 1ms (cache hit)
1977 silly packumentCache full:https://registry.npmjs.org/is-number set size:36183 disposed:false
1978 silly placeDep ROOT mime-db@1.52.0 OK for: mime-types@2.1.35 want: 1.52.0
1979 silly placeDep ROOT brace-expansion@2.1.7 OK for: minimatch@5.1.2 want: ^2.0.1
1980 silly fetch manifest balanced-match@^1.0.0
1981 silly packumentCache full:https://registry.npmjs.org/balanced-match cache-miss
1982 http cache https://registry.npmjs.org/balanced-match 1ms (cache hit)
1983 silly packumentCache full:https://registry.npmjs.org/balanced-match set size:39082 disposed:false
1984 silly placeDep ROOT balanced-match@1.0.2 OK for: brace-expansion@2.1.7 want: ^1.0.0
1985 silly placeDep ROOT mkdirp@0.5.6 OK for: mv@2.1.1 want: ~0.5.1
1986 silly placeDep ROOT ncp@2.0.0 OK for: mv@2.1.1 want: ~2.0.0
1987 silly placeDep ROOT rimraf@2.4.5 OK for: mv@2.1.1 want: ~2.4.0
1988 silly fetch manifest minimist@^1.2.6
1989 silly packumentCache full:https://registry.npmjs.org/minimist cache-miss
1990 silly fetch manifest glob@^6.0.1
1991 silly packumentCache full:https://registry.npmjs.org/glob cache-hit
1992 http cache https://registry.npmjs.org/minimist 1ms (cache hit)
1993 silly packumentCache full:https://registry.npmjs.org/minimist set size:77063 disposed:false
1994 silly placeDep ROOT minimist@1.2.8 OK for: mkdirp@0.5.6 want: ^1.2.6
1995 silly placeDep ROOT whatwg-url@5.0.0 OK for: node-fetch@2.6.7 want: ^5.0.0
1996 silly fetch manifest tr46@~0.0.3
1997 silly packumentCache full:https://registry.npmjs.org/tr46 cache-miss
1998 silly fetch manifest webidl-conversions@^3.0.0
1999 silly packumentCache full:https://registry.npmjs.org/webidl-conversions cache-miss
2000 http cache https://registry.npmjs.org/tr46 1ms (cache hit)
2001 silly packumentCache full:https://registry.npmjs.org/tr46 set size:49976 disposed:false
2002 http cache https://registry.npmjs.org/webidl-conversions 2ms (cache hit)
2003 silly packumentCache full:https://registry.npmjs.org/webidl-conversions set size:46073 disposed:false
2004 silly placeDep ROOT asn1@0.2.6 OK for: node-rsa@1.1.1 want: ^0.2.4
2005 silly fetch manifest safer-buffer@~2.1.0
2006 silly packumentCache full:https://registry.npmjs.org/safer-buffer cache-miss
2007 http cache https://registry.npmjs.org/safer-buffer 1ms (cache hit)
2008 silly packumentCache full:https://registry.npmjs.org/safer-buffer set size:18521 disposed:false
2009 silly placeDep ROOT safer-buffer@2.1.2 OK for: asn1@0.2.6 want: ~2.1.0
2010 silly placeDep ROOT hosted-git-info@7.0.2 OK for: npm-package-arg@11.0.3 want: ^7.0.0
2011 silly placeDep ROOT proc-log@4.2.0 OK for: npm-package-arg@11.0.3 want: ^4.0.0
2012 silly placeDep ROOT validate-npm-package-name@5.0.1 OK for: npm-package-arg@11.0.3 want: ^5.0.0
2013 silly fetch manifest lru-cache@^10.0.1
2014 silly packumentCache full:https://registry.npmjs.org/lru-cache cache-hit
2015 silly placeDep node_modules/hosted-git-info lru-cache@10.4.3 OK for: hosted-git-info@7.0.2 want: ^10.0.1
2016 silly placeDep ROOT define-lazy-prop@2.0.0 OK for: open@8.4.0 want: ^2.0.0
2017 silly placeDep ROOT is-docker@2.2.1 OK for: open@8.4.0 want: ^2.1.1
2018 silly placeDep ROOT is-wsl@2.2.0 OK for: open@8.4.0 want: ^2.2.0
2019 silly placeDep ROOT cli-cursor@3.1.0 OK for: ora@5.1.0 want: ^3.1.0
2020 silly placeDep ROOT is-interactive@1.0.0 OK for: ora@5.1.0 want: ^1.0.0
2021 silly placeDep ROOT mute-stream@0.0.8 OK for: ora@5.1.0 want: 0.0.8
2022 silly placeDep ROOT strip-ansi@6.0.1 OK for: ora@5.1.0 want: ^6.0.0
2023 silly placeDep ROOT wcwidth@1.0.1 OK for: ora@5.1.0 want: ^1.0.1
2024 silly fetch manifest restore-cursor@^3.1.0
2025 silly packumentCache full:https://registry.npmjs.org/restore-cursor cache-miss
2026 silly fetch manifest ansi-regex@^5.0.1
2027 silly packumentCache full:https://registry.npmjs.org/ansi-regex cache-miss
2028 silly fetch manifest defaults@^1.0.3
2029 silly packumentCache full:https://registry.npmjs.org/defaults cache-miss
2030 http cache https://registry.npmjs.org/defaults 2ms (cache hit)
2031 silly packumentCache full:https://registry.npmjs.org/defaults set size:18134 disposed:false
2032 http cache https://registry.npmjs.org/ansi-regex 2ms (cache hit)
2033 silly packumentCache full:https://registry.npmjs.org/ansi-regex set size:50305 disposed:false
2034 http cache https://registry.npmjs.org/restore-cursor 2ms (cache hit)
2035 silly packumentCache full:https://registry.npmjs.org/restore-cursor set size:17895 disposed:false
2036 silly placeDep ROOT restore-cursor@3.1.0 OK for: cli-cursor@3.1.0 want: ^3.1.0
2037 silly fetch manifest onetime@^5.1.0
2038 silly packumentCache full:https://registry.npmjs.org/onetime cache-miss
2039 http cache https://registry.npmjs.org/onetime 1ms (cache hit)
2040 silly packumentCache full:https://registry.npmjs.org/onetime set size:32314 disposed:false
2041 silly placeDep ROOT error-ex@1.3.4 OK for: parse-json@4.0.0 want: ^1.3.1
2042 silly placeDep ROOT json-parse-better-errors@1.0.2 OK for: parse-json@4.0.0 want: ^1.0.1
2043 silly fetch manifest is-arrayish@^0.2.1
2044 silly packumentCache full:https://registry.npmjs.org/is-arrayish cache-miss
2045 http cache https://registry.npmjs.org/is-arrayish 0ms (cache hit)
2046 silly packumentCache full:https://registry.npmjs.org/is-arrayish set size:15371 disposed:false
2047 silly placeDep ROOT is-arrayish@0.2.1 OK for: error-ex@1.3.4 want: ^0.2.1
2048 silly placeDep node_modules/parse-png pngjs@3.4.0 OK for: parse-png@2.1.0 want: ^3.3.0
2049 silly placeDep node_modules/path-scurry lru-cache@11.5.3 OK for: path-scurry@2.0.2 want: ^11.0.0
2050 silly placeDep ROOT find-up@4.1.0 OK for: pkg-dir@4.2.0 want: ^4.0.0
2051 silly fetch manifest locate-path@^5.0.0
2052 silly packumentCache full:https://registry.npmjs.org/locate-path cache-miss
2053 silly fetch manifest path-exists@^4.0.0
2054 silly packumentCache full:https://registry.npmjs.org/path-exists cache-miss
2055 http cache https://registry.npmjs.org/locate-path 1ms (cache hit)
2056 silly packumentCache full:https://registry.npmjs.org/locate-path set size:31329 disposed:false
2057 http cache https://registry.npmjs.org/path-exists 1ms (cache hit)
2058 silly packumentCache full:https://registry.npmjs.org/path-exists set size:13704 disposed:false
2059 silly placeDep ROOT locate-path@5.0.0 OK for: find-up@4.1.0 want: ^5.0.0
2060 silly placeDep ROOT path-exists@4.0.0 OK for: find-up@4.1.0 want: ^4.0.0
2061 silly fetch manifest p-locate@^4.1.0
2062 silly packumentCache full:https://registry.npmjs.org/p-locate cache-miss
2063 http cache https://registry.npmjs.org/p-locate 2ms (cache hit)
2064 silly packumentCache full:https://registry.npmjs.org/p-locate set size:22488 disposed:false
2065 silly placeDep ROOT p-locate@4.1.0 OK for: locate-path@5.0.0 want: ^4.1.0
2066 silly fetch manifest p-limit@^2.2.0
2067 silly packumentCache full:https://registry.npmjs.org/p-limit cache-miss
2068 http cache https://registry.npmjs.org/p-limit 1ms (cache hit)
2069 silly packumentCache full:https://registry.npmjs.org/p-limit set size:68604 disposed:false
2070 silly placeDep ROOT p-limit@2.3.0 OK for: p-locate@4.1.0 want: ^2.2.0
2071 silly fetch manifest p-try@^2.0.0
2072 silly packumentCache full:https://registry.npmjs.org/p-try cache-miss
2073 http cache https://registry.npmjs.org/p-try 1ms (cache hit)
2074 silly packumentCache full:https://registry.npmjs.org/p-try set size:13014 disposed:false
2075 silly placeDep ROOT p-try@2.2.0 OK for: p-limit@2.3.0 want: ^2.0.0
2076 silly placeDep ROOT err-code@2.0.3 OK for: promise-retry@2.0.1 want: ^2.0.2
2077 silly placeDep ROOT retry@0.12.0 OK for: promise-retry@2.0.1 want: ^0.12.0
2078 silly placeDep ROOT kleur@3.0.3 OK for: prompts@2.4.2 want: ^3.0.3
2079 silly placeDep ROOT sisteransi@1.0.5 OK for: prompts@2.4.2 want: ^1.0.5
2080 silly placeDep ROOT @protobufjs/aspromise@1.1.2 OK for: protobufjs@7.6.6 want: ^1.1.2
2081 silly placeDep ROOT @protobufjs/base64@1.1.2 OK for: protobufjs@7.6.6 want: ^1.1.2
2082 silly placeDep ROOT @protobufjs/codegen@2.0.5 OK for: protobufjs@7.6.6 want: ^2.0.5
2083 silly placeDep ROOT @protobufjs/eventemitter@1.1.1 OK for: protobufjs@7.6.6 want: ^1.1.1
2084 silly placeDep ROOT @protobufjs/fetch@1.1.1 OK for: protobufjs@7.6.6 want: ^1.1.1
2085 silly placeDep ROOT @protobufjs/float@1.0.2 OK for: protobufjs@7.6.6 want: ^1.0.2
2086 silly placeDep ROOT @protobufjs/path@1.1.2 OK for: protobufjs@7.6.6 want: ^1.1.2
2087 silly placeDep ROOT @protobufjs/pool@1.1.0 OK for: protobufjs@7.6.6 want: ^1.1.0
2088 silly placeDep ROOT @protobufjs/utf8@1.1.2 OK for: protobufjs@7.6.6 want: ^1.1.1
2089 silly placeDep ROOT long@5.3.2 OK for: protobufjs@7.6.6 want: ^5.3.2
2090 silly placeDep ROOT onetime@5.1.2 OK for: restore-cursor@3.1.0 want: ^5.1.0
2091 silly placeDep ROOT signal-exit@3.0.7 OK for: restore-cursor@3.1.0 want: ^3.0.2
2092 silly fetch manifest mimic-fn@^2.1.0
2093 silly packumentCache full:https://registry.npmjs.org/mimic-fn cache-miss
2094 http cache https://registry.npmjs.org/mimic-fn 1ms (cache hit)
2095 silly packumentCache full:https://registry.npmjs.org/mimic-fn set size:22257 disposed:false
2096 silly placeDep ROOT mimic-fn@2.1.0 OK for: onetime@5.1.2 want: ^2.1.0
2097 silly placeDep node_modules/rimraf glob@6.0.4 OK for: rimraf@2.4.5 want: ^6.0.1
2098 silly fetch manifest once@^1.3.0
2099 silly packumentCache full:https://registry.npmjs.org/once cache-miss
2100 silly fetch manifest inflight@^1.0.4
2101 silly packumentCache full:https://registry.npmjs.org/inflight cache-miss
2102 silly fetch manifest inherits@2
2103 silly packumentCache full:https://registry.npmjs.org/inherits cache-miss
2104 silly fetch manifest minimatch@2 || 3
2105 silly packumentCache full:https://registry.npmjs.org/minimatch cache-hit
2106 silly fetch manifest path-is-absolute@^1.0.0
2107 silly packumentCache full:https://registry.npmjs.org/path-is-absolute cache-miss
2108 http cache https://registry.npmjs.org/inflight 2ms (cache hit)
2109 silly packumentCache full:https://registry.npmjs.org/inflight set size:13140 disposed:false
2110 http cache https://registry.npmjs.org/once 2ms (cache hit)
2111 silly packumentCache full:https://registry.npmjs.org/once set size:11752 disposed:false
2112 http cache https://registry.npmjs.org/path-is-absolute 3ms (cache hit)
2113 silly packumentCache full:https://registry.npmjs.org/path-is-absolute set size:8253 disposed:false
2114 http cache https://registry.npmjs.org/inherits 3ms (cache hit)
2115 silly packumentCache full:https://registry.npmjs.org/inherits set size:12925 disposed:false
2116 silly placeDep ROOT queue-microtask@1.2.3 OK for: run-parallel@1.2.0 want: ^1.2.2
2117 silly placeDep node_modules/semver lru-cache@6.0.0 OK for: semver@7.5.4 want: ^6.0.0
2118 silly fetch manifest yallist@^4.0.0
2119 silly packumentCache full:https://registry.npmjs.org/yallist cache-hit
2120 silly placeDep ROOT shebang-regex@3.0.0 OK for: shebang-command@2.0.0 want: ^3.0.0
2121 silly placeDep ROOT emoji-regex@8.0.0 OK for: string-width@4.2.3 want: ^8.0.0
2122 silly placeDep ROOT is-fullwidth-code-point@3.0.0 OK for: string-width@4.2.3 want: ^3.0.0
2123 silly placeDep ROOT ansi-regex@5.0.1 OK for: strip-ansi@6.0.1 want: ^5.0.1
2124 silly placeDep ROOT has-flag@4.0.0 OK for: supports-color@8.1.1 want: ^4.0.0
2125 silly placeDep ROOT @isaacs/fs-minipass@4.0.1 OK for: tar@7.5.19 want: ^4.0.0
2126 silly placeDep ROOT chownr@3.0.0 OK for: tar@7.5.19 want: ^3.0.0
2127 silly placeDep node_modules/tar yallist@5.0.0 OK for: tar@7.5.19 want: ^5.0.0
2128 silly fetch manifest react-native-b4a@*
2129 silly packumentCache full:https://registry.npmjs.org/react-native-b4a cache-miss
2130 http cache https://registry.npmjs.org/react-native-b4a 0ms (cache hit)
2131 silly packumentCache full:https://registry.npmjs.org/react-native-b4a set size:12027 disposed:false
2132 silly fetch manifest react@*
2133 silly packumentCache full:https://registry.npmjs.org/react cache-miss
2134 http cache https://registry.npmjs.org/react 8ms (cache hit)
2135 silly packumentCache full:https://registry.npmjs.org/react set size:7021259 disposed:false
2136 silly fetch manifest react-native@*
2137 silly packumentCache full:https://registry.npmjs.org/react-native cache-miss
2138 http cache https://registry.npmjs.org/react-native 21ms (cache hit)
2139 silly packumentCache full:https://registry.npmjs.org/react-native set size:15944455 disposed:false
2140 silly fetch manifest @types/react@^19.1.1
2141 silly packumentCache full:https://registry.npmjs.org/@types%2freact cache-miss
2142 http cache https://registry.npmjs.org/@types%2freact 6ms (cache hit)
2143 silly packumentCache full:https://registry.npmjs.org/@types%2freact set size:2642195 disposed:false
2144 silly placeDep ROOT b4a@1.9.0 OK for: tar-stream@3.1.7 want: ^1.6.4
2145 silly placeDep ROOT fast-fifo@1.3.2 OK for: tar-stream@3.1.7 want: ^1.2.0
2146 silly placeDep ROOT streamx@2.28.1 OK for: tar-stream@3.1.7 want: ^2.15.0
2147 silly fetch manifest text-decoder@^1.1.0
2148 silly packumentCache full:https://registry.npmjs.org/text-decoder cache-miss
2149 silly fetch manifest events-universal@^1.0.0
2150 silly packumentCache full:https://registry.npmjs.org/events-universal cache-miss
2151 http cache https://registry.npmjs.org/text-decoder 2ms (cache hit)
2152 silly packumentCache full:https://registry.npmjs.org/text-decoder set size:22264 disposed:false
2153 http cache https://registry.npmjs.org/events-universal 2ms (cache hit)
2154 silly packumentCache full:https://registry.npmjs.org/events-universal set size:4251 disposed:false
2155 silly placeDep ROOT events-universal@1.0.1 OK for: streamx@2.28.1 want: ^1.0.0
2156 silly placeDep ROOT text-decoder@1.2.7 OK for: streamx@2.28.1 want: ^1.1.0
2157 silly fetch manifest bare-events@^2.7.0
2158 silly packumentCache full:https://registry.npmjs.org/bare-events cache-miss
2159 http cache https://registry.npmjs.org/bare-events 1ms (cache hit)
2160 silly packumentCache full:https://registry.npmjs.org/bare-events set size:54406 disposed:false
2161 silly fetch manifest bare-abort-controller@*
2162 silly packumentCache full:https://registry.npmjs.org/bare-abort-controller cache-miss
2163 http cache https://registry.npmjs.org/bare-abort-controller 1ms (cache hit)
2164 silly packumentCache full:https://registry.npmjs.org/bare-abort-controller set size:11265 disposed:false
2165 silly placeDep ROOT bare-events@2.9.2 OK for: events-universal@1.0.1 want: ^2.7.0
2166 silly placeDep ROOT supports-hyperlinks@2.3.0 OK for: terminal-link@2.1.1 want: ^2.0.0
2167 silly fetch manifest supports-color@^7.0.0
2168 silly packumentCache full:https://registry.npmjs.org/supports-color cache-hit
2169 silly placeDep node_modules/supports-hyperlinks supports-color@7.2.0 OK for: supports-hyperlinks@2.3.0 want: ^7.0.0
2170 silly placeDep node_modules/tinyglobby fdir@6.5.0 OK for: tinyglobby@0.2.17 want: ^6.5.0
2171 silly placeDep node_modules/tinyglobby picomatch@4.0.7 OK for: fdir@6.5.0 want: ^3 || ^4
2172 silly placeDep ROOT is-number@7.0.0 OK for: to-regex-range@5.0.1 want: ^7.0.0
2173 silly placeDep ROOT safe-buffer@5.2.1 OK for: tunnel-agent@0.6.0 want: ^5.0.1
2174 silly placeDep ROOT domino@2.1.8 OK for: turndown@7.1.2 want: ^2.1.6
2175 silly placeDep ROOT crypto-random-string@2.0.0 OK for: unique-string@2.0.0 want: ^2.0.0
2176 silly placeDep ROOT escalade@3.2.0 OK for: update-browserslist-db@1.3.3 want: ^3.2.0
2177 silly placeDep ROOT punycode@2.3.1 OK for: uri-js@4.4.1 want: ^2.1.0
2178 silly placeDep ROOT defaults@1.0.4 OK for: wcwidth@1.0.1 want: ^1.0.3
2179 silly fetch manifest clone@^1.0.2
2180 silly packumentCache full:https://registry.npmjs.org/clone cache-miss
2181 http cache https://registry.npmjs.org/clone 1ms (cache hit)
2182 silly packumentCache full:https://registry.npmjs.org/clone set size:82973 disposed:false
2183 silly placeDep ROOT clone@1.0.4 OK for: defaults@1.0.4 want: ^1.0.2
2184 silly placeDep ROOT tr46@0.0.3 OK for: whatwg-url@5.0.0 want: ~0.0.3
2185 silly placeDep ROOT webidl-conversions@3.0.1 OK for: whatwg-url@5.0.0 want: ^3.0.0
2186 silly placeDep ROOT isexe@2.0.0 OK for: which@2.0.2 want: ^2.0.0
2187 silly placeDep ROOT imurmurhash@0.1.4 OK for: write-file-atomic@2.4.3 want: ^0.1.4
2188 silly placeDep node_modules/wsl-utils is-wsl@3.1.1 OK for: wsl-utils@0.4.0 want: ^3.1.0
2189 silly placeDep ROOT powershell-utils@0.1.0 OK for: wsl-utils@0.4.0 want: ^0.1.0
2190 silly fetch manifest is-inside-container@^1.0.0
2191 silly packumentCache full:https://registry.npmjs.org/is-inside-container cache-miss
2192 http cache https://registry.npmjs.org/is-inside-container 1ms (cache hit)
2193 silly packumentCache full:https://registry.npmjs.org/is-inside-container set size:4403 disposed:false
2194 silly placeDep ROOT simple-plist@1.3.1 OK for: xcode@3.0.1 want: ^1.1.0
2195 silly placeDep node_modules/xcode uuid@7.0.3 OK for: xcode@3.0.1 want: ^7.0.3
2196 silly fetch manifest bplist-creator@0.1.0
2197 silly packumentCache full:https://registry.npmjs.org/bplist-creator cache-miss
2198 silly fetch manifest bplist-parser@0.3.1
2199 silly packumentCache full:https://registry.npmjs.org/bplist-parser cache-hit
2200 silly fetch manifest plist@^3.0.5
2201 silly packumentCache full:https://registry.npmjs.org/plist cache-miss
2202 http cache https://registry.npmjs.org/plist 1ms (cache hit)
2203 silly packumentCache full:https://registry.npmjs.org/plist set size:60755 disposed:false
2204 http cache https://registry.npmjs.org/bplist-creator 2ms (cache hit)
2205 silly packumentCache full:https://registry.npmjs.org/bplist-creator set size:21780 disposed:false
2206 silly placeDep ROOT bplist-creator@0.1.0 OK for: simple-plist@1.3.1 want: 0.1.0
2207 silly placeDep node_modules/simple-plist bplist-parser@0.3.1 OK for: simple-plist@1.3.1 want: 0.3.1
2208 silly placeDep ROOT plist@3.1.1 OK for: simple-plist@1.3.1 want: ^3.0.5
2209 silly fetch manifest stream-buffers@2.2.x
2210 silly packumentCache full:https://registry.npmjs.org/stream-buffers cache-miss
2211 silly fetch manifest @xmldom/xmldom@^0.9.10
2212 silly packumentCache full:https://registry.npmjs.org/@xmldom%2fxmldom cache-hit
2213 http cache https://registry.npmjs.org/stream-buffers 1ms (cache hit)
2214 silly packumentCache full:https://registry.npmjs.org/stream-buffers set size:32945 disposed:false
2215 silly placeDep ROOT stream-buffers@2.2.0 OK for: bplist-creator@0.1.0 want: 2.2.x
2216 silly placeDep node_modules/plist @xmldom/xmldom@0.9.12 OK for: plist@3.1.1 want: ^0.9.10
2217 silly placeDep ROOT sax@1.6.1 OK for: xml2js@0.6.0 want: >=0.6.0
2218 silly placeDep node_modules/xml2js xmlbuilder@11.0.1 OK for: xml2js@0.6.0 want: ~11.0.0
2219 silly placeDep node_modules/@babel/code-frame ansi-styles@3.2.1 OK for: chalk@2.4.2 want: ^3.2.1
2220 silly placeDep node_modules/@babel/code-frame escape-string-regexp@1.0.5 OK for: chalk@2.4.2 want: ^1.0.5
2221 silly placeDep node_modules/@babel/code-frame supports-color@5.5.0 OK for: chalk@2.4.2 want: ^5.3.0
2222 silly fetch manifest color-convert@^1.9.0
2223 silly packumentCache full:https://registry.npmjs.org/color-convert cache-hit
2224 silly fetch manifest has-flag@^3.0.0
2225 silly packumentCache full:https://registry.npmjs.org/has-flag cache-hit
2226 silly placeDep node_modules/@babel/code-frame color-convert@1.9.3 OK for: ansi-styles@3.2.1 want: ^1.9.0
2227 silly fetch manifest color-name@1.1.3
2228 silly packumentCache full:https://registry.npmjs.org/color-name cache-hit
2229 silly placeDep node_modules/@babel/code-frame color-name@1.1.3 OK for: color-convert@1.9.3 want: 1.1.3
2230 silly placeDep node_modules/@babel/code-frame has-flag@3.0.0 OK for: supports-color@5.5.0 want: ^3.0.0
2231 silly placeDep node_modules/@babel/highlight ansi-styles@3.2.1 OK for: chalk@2.4.2 want: ^3.2.1
2232 silly placeDep node_modules/@babel/highlight escape-string-regexp@1.0.5 OK for: chalk@2.4.2 want: ^1.0.5
2233 silly placeDep node_modules/@babel/highlight supports-color@5.5.0 OK for: chalk@2.4.2 want: ^5.3.0
2234 silly placeDep node_modules/@babel/highlight color-convert@1.9.3 OK for: ansi-styles@3.2.1 want: ^1.9.0
2235 silly placeDep node_modules/@babel/highlight color-name@1.1.3 OK for: color-convert@1.9.3 want: 1.1.3
2236 silly placeDep node_modules/@babel/highlight has-flag@3.0.0 OK for: supports-color@5.5.0 want: ^3.0.0
2237 silly placeDep node_modules/@expo/config-plugins @babel/code-frame@7.10.4 OK for: @expo/json-file@10.0.16 want: ~7.10.4
2238 silly placeDep node_modules/@expo/eas-json lru-cache@6.0.0 OK for: semver@7.5.2 want: ^6.0.0
2239 silly placeDep node_modules/@expo/eas-json yallist@4.0.0 OK for: lru-cache@6.0.0 want: ^4.0.0
2240 silly placeDep node_modules/@expo/package-manager/node_modules/ora chalk@2.4.2 OK for: ora@3.4.0 want: ^2.4.2
2241 silly placeDep node_modules/@expo/package-manager cli-cursor@2.1.0 OK for: ora@3.4.0 want: ^2.1.0
2242 silly placeDep node_modules/@expo/package-manager log-symbols@2.2.0 OK for: ora@3.4.0 want: ^2.2.0
2243 silly placeDep node_modules/@expo/package-manager strip-ansi@5.2.0 OK for: ora@3.4.0 want: ^5.2.0
2244 silly fetch manifest restore-cursor@^2.0.0
2245 silly packumentCache full:https://registry.npmjs.org/restore-cursor cache-hit
2246 silly fetch manifest chalk@^2.0.1
2247 silly packumentCache full:https://registry.npmjs.org/chalk cache-hit
2248 silly fetch manifest ansi-regex@^4.1.0
2249 silly packumentCache full:https://registry.npmjs.org/ansi-regex cache-hit
2250 silly placeDep node_modules/@expo/package-manager restore-cursor@2.0.0 OK for: cli-cursor@2.1.0 want: ^2.0.0
2251 silly fetch manifest onetime@^2.0.0
2252 silly packumentCache full:https://registry.npmjs.org/onetime cache-hit
2253 silly placeDep node_modules/@expo/package-manager/node_modules/log-symbols chalk@2.4.2 OK for: log-symbols@2.2.0 want: ^2.0.1
2254 silly placeDep node_modules/@expo/package-manager onetime@2.0.1 OK for: restore-cursor@2.0.0 want: ^2.0.0
2255 silly fetch manifest mimic-fn@^1.0.0
2256 silly packumentCache full:https://registry.npmjs.org/mimic-fn cache-hit
2257 silly placeDep node_modules/@expo/package-manager mimic-fn@1.2.0 OK for: onetime@2.0.1 want: ^1.0.0
2258 silly placeDep node_modules/@expo/package-manager ansi-regex@4.1.1 OK for: strip-ansi@5.2.0 want: ^4.1.0
2259 silly fetch manifest @swc/core@>=1.2.50
2260 silly packumentCache full:https://registry.npmjs.org/@swc%2fcore cache-miss
2261 http cache https://registry.npmjs.org/@swc%2fcore 6ms (cache hit)
2262 silly packumentCache full:https://registry.npmjs.org/@swc%2fcore set size:4125297 disposed:false
2263 silly fetch manifest @swc/helpers@>=0.5.17
2264 silly packumentCache full:https://registry.npmjs.org/@swc%2fhelpers cache-miss
2265 http cache https://registry.npmjs.org/@swc%2fhelpers 2ms (cache hit)
2266 silly packumentCache full:https://registry.npmjs.org/@swc%2fhelpers set size:775458 disposed:false
2267 silly fetch manifest @swc/wasm@>=1.2.50
2268 silly packumentCache full:https://registry.npmjs.org/@swc%2fwasm cache-miss
2269 http cache https://registry.npmjs.org/@swc%2fwasm 2ms (cache hit)
2270 silly packumentCache full:https://registry.npmjs.org/@swc%2fwasm set size:1393794 disposed:false
2271 silly fetch manifest typescript@>=2.7
2272 silly packumentCache full:https://registry.npmjs.org/typescript cache-miss
2273 http cache https://registry.npmjs.org/typescript 14ms (cache hit)
2274 silly packumentCache full:https://registry.npmjs.org/typescript set size:15766464 disposed:false
2275 silly placeDep ROOT @types/cli-progress@3.11.6 OK for: @oclif/core@2.16.0 want: ^3.11.0
2276 silly placeDep ROOT cardinal@2.1.1 OK for: @oclif/core@2.16.0 want: ^2.1.1
2277 silly placeDep ROOT globby@11.1.0 OK for: @oclif/core@2.16.0 want: ^11.1.0
2278 silly placeDep ROOT hyperlinker@1.0.0 OK for: @oclif/core@2.16.0 want: ^1.0.0
2279 silly placeDep ROOT js-yaml@3.15.2 OK for: @oclif/core@2.16.0 want: ^3.14.1
2280 silly placeDep ROOT natural-orderby@2.0.3 OK for: @oclif/core@2.16.0 want: ^2.0.3
2281 silly placeDep ROOT object-treeify@1.1.33 OK for: @oclif/core@2.16.0 want: ^1.1.33
2282 silly placeDep ROOT password-prompt@1.1.3 OK for: @oclif/core@2.16.0 want: ^1.1.2
2283 silly placeDep ROOT slice-ansi@4.0.0 OK for: @oclif/core@2.16.0 want: ^4.0.0
2284 silly placeDep ROOT ts-node@10.9.2 OK for: @oclif/core@2.16.0 want: ^10.9.1
2285 silly placeDep ROOT typescript@7.0.2 OK for: ts-node@10.9.2 want: >=2.7
2286 silly fetch manifest ansicolors@~0.3.2
2287 silly packumentCache full:https://registry.npmjs.org/ansicolors cache-miss
2288 silly fetch manifest redeyed@~2.1.0
2289 silly packumentCache full:https://registry.npmjs.org/redeyed cache-miss
2290 silly fetch manifest dir-glob@^3.0.1
2291 silly packumentCache full:https://registry.npmjs.org/dir-glob cache-miss
2292 silly fetch manifest array-union@^2.1.0
2293 silly packumentCache full:https://registry.npmjs.org/array-union cache-miss
2294 silly fetch manifest esprima@^4.0.0
2295 silly packumentCache full:https://registry.npmjs.org/esprima cache-miss
2296 silly fetch manifest argparse@^1.0.7
2297 silly packumentCache full:https://registry.npmjs.org/argparse cache-miss
2298 silly fetch manifest astral-regex@^2.0.0
2299 silly packumentCache full:https://registry.npmjs.org/astral-regex cache-miss
2300 http cache https://registry.npmjs.org/redeyed 4ms (cache hit)
2301 silly packumentCache full:https://registry.npmjs.org/redeyed set size:38071 disposed:false
2302 silly fetch manifest yn@3.1.1
2303 silly packumentCache full:https://registry.npmjs.org/yn cache-miss
2304 http cache https://registry.npmjs.org/ansicolors 4ms (cache hit)
2305 silly packumentCache full:https://registry.npmjs.org/ansicolors set size:19124 disposed:false
2306 silly fetch manifest arg@^4.1.0
2307 silly packumentCache full:https://registry.npmjs.org/arg cache-hit
2308 silly fetch manifest diff@^4.0.1
2309 silly packumentCache full:https://registry.npmjs.org/diff cache-hit
2310 silly fetch manifest acorn@^8.4.1
2311 silly packumentCache full:https://registry.npmjs.org/acorn cache-miss
2312 http cache https://registry.npmjs.org/esprima 5ms (cache hit)
2313 silly packumentCache full:https://registry.npmjs.org/esprima set size:118410 disposed:false
2314 silly fetch manifest acorn-walk@^8.1.1
2315 silly packumentCache full:https://registry.npmjs.org/acorn-walk cache-miss
2316 http cache https://registry.npmjs.org/argparse 6ms (cache hit)
2317 silly packumentCache full:https://registry.npmjs.org/argparse set size:55000 disposed:false
2318 silly fetch manifest make-error@^1.1.1
2319 silly packumentCache full:https://registry.npmjs.org/make-error cache-miss
2320 http cache https://registry.npmjs.org/astral-regex 6ms (cache hit)
2321 silly packumentCache full:https://registry.npmjs.org/astral-regex set size:5602 disposed:false
2322 silly fetch manifest create-require@^1.1.0
2323 silly packumentCache full:https://registry.npmjs.org/create-require cache-miss
2324 http cache https://registry.npmjs.org/array-union 7ms (cache hit)
2325 silly packumentCache full:https://registry.npmjs.org/array-union set size:18386 disposed:false
2326 silly fetch manifest @tsconfig/node10@^1.0.7
2327 silly packumentCache full:https://registry.npmjs.org/@tsconfig%2fnode10 cache-miss
2328 http cache https://registry.npmjs.org/dir-glob 8ms (cache hit)
2329 silly packumentCache full:https://registry.npmjs.org/dir-glob set size:22205 disposed:false
2330 silly fetch manifest @tsconfig/node12@^1.0.7
2331 silly packumentCache full:https://registry.npmjs.org/@tsconfig%2fnode12 cache-miss
2332 http cache https://registry.npmjs.org/yn 5ms (cache hit)
2333 silly packumentCache full:https://registry.npmjs.org/yn set size:23572 disposed:false
2334 silly fetch manifest @tsconfig/node14@^1.0.0
2335 silly packumentCache full:https://registry.npmjs.org/@tsconfig%2fnode14 cache-miss
2336 http cache https://registry.npmjs.org/acorn-walk 4ms (cache hit)
2337 silly packumentCache full:https://registry.npmjs.org/acorn-walk set size:49813 disposed:false
2338 silly fetch manifest @tsconfig/node16@^1.0.2
2339 silly packumentCache full:https://registry.npmjs.org/@tsconfig%2fnode16 cache-miss
2340 http cache https://registry.npmjs.org/create-require 3ms (cache hit)
2341 silly packumentCache full:https://registry.npmjs.org/create-require set size:20551 disposed:false
2342 silly fetch manifest v8-compile-cache-lib@^3.0.1
2343 silly packumentCache full:https://registry.npmjs.org/v8-compile-cache-lib cache-miss
2344 http cache https://registry.npmjs.org/acorn 6ms (cache hit)
2345 silly packumentCache full:https://registry.npmjs.org/acorn set size:385243 disposed:false
2346 silly fetch manifest @cspotcode/source-map-support@^0.8.0
2347 silly packumentCache full:https://registry.npmjs.org/@cspotcode%2fsource-map-support cache-miss
2348 http cache https://registry.npmjs.org/make-error 7ms (cache hit)
2349 silly packumentCache full:https://registry.npmjs.org/make-error set size:45218 disposed:false
2350 silly fetch manifest @typescript/typescript-aix-ppc64@7.0.2
2351 silly packumentCache full:https://registry.npmjs.org/@typescript%2ftypescript-aix-ppc64 cache-miss
2352 http cache https://registry.npmjs.org/@tsconfig%2fnode10 7ms (cache hit)
2353 silly packumentCache full:https://registry.npmjs.org/@tsconfig%2fnode10 set size:28536 disposed:false
2354 silly fetch manifest @typescript/typescript-linux-arm@7.0.2
2355 silly packumentCache full:https://registry.npmjs.org/@typescript%2ftypescript-linux-arm cache-miss
2356 http cache https://registry.npmjs.org/@tsconfig%2fnode12 6ms (cache hit)
2357 silly packumentCache full:https://registry.npmjs.org/@tsconfig%2fnode12 set size:40481 disposed:false
2358 silly fetch manifest @typescript/typescript-linux-x64@7.0.2
2359 silly packumentCache full:https://registry.npmjs.org/@typescript%2ftypescript-linux-x64 cache-miss
2360 http cache https://registry.npmjs.org/@tsconfig%2fnode14 6ms (cache hit)
2361 silly packumentCache full:https://registry.npmjs.org/@tsconfig%2fnode14 set size:25612 disposed:false
2362 silly fetch manifest @typescript/typescript-sunos-x64@7.0.2
2363 silly packumentCache full:https://registry.npmjs.org/@typescript%2ftypescript-sunos-x64 cache-miss
2364 http cache https://registry.npmjs.org/@tsconfig%2fnode16 8ms (cache hit)
2365 silly packumentCache full:https://registry.npmjs.org/@tsconfig%2fnode16 set size:26883 disposed:false
2366 silly fetch manifest @typescript/typescript-win32-x64@7.0.2
2367 silly packumentCache full:https://registry.npmjs.org/@typescript%2ftypescript-win32-x64 cache-miss
2368 http cache https://registry.npmjs.org/v8-compile-cache-lib 7ms (cache hit)
2369 silly packumentCache full:https://registry.npmjs.org/v8-compile-cache-lib set size:8746 disposed:false
2370 silly fetch manifest @typescript/typescript-darwin-x64@7.0.2
2371 silly packumentCache full:https://registry.npmjs.org/@typescript%2ftypescript-darwin-x64 cache-miss
2372 http cache https://registry.npmjs.org/@typescript%2ftypescript-aix-ppc64 6ms (cache hit)
2373 silly packumentCache full:https://registry.npmjs.org/@typescript%2ftypescript-aix-ppc64 set size:6049 disposed:false
2374 silly fetch manifest @typescript/typescript-netbsd-x64@7.0.2
2375 silly packumentCache full:https://registry.npmjs.org/@typescript%2ftypescript-netbsd-x64 cache-miss
2376 http cache https://registry.npmjs.org/@cspotcode%2fsource-map-support 6ms (cache hit)
2377 silly packumentCache full:https://registry.npmjs.org/@cspotcode%2fsource-map-support set size:30214 disposed:false
2378 silly fetch manifest @typescript/typescript-freebsd-x64@7.0.2
2379 silly packumentCache full:https://registry.npmjs.org/@typescript%2ftypescript-freebsd-x64 cache-miss
2380 http cache https://registry.npmjs.org/@typescript%2ftypescript-linux-arm 6ms (cache hit)
2381 silly packumentCache full:https://registry.npmjs.org/@typescript%2ftypescript-linux-arm set size:224773 disposed:false
2382 silly fetch manifest @typescript/typescript-linux-arm64@7.0.2
2383 silly packumentCache full:https://registry.npmjs.org/@typescript%2ftypescript-linux-arm64 cache-miss
2384 http cache https://registry.npmjs.org/@typescript%2ftypescript-linux-x64 6ms (cache hit)
2385 silly packumentCache full:https://registry.npmjs.org/@typescript%2ftypescript-linux-x64 set size:232502 disposed:false
2386 silly fetch manifest @typescript/typescript-linux-ppc64@7.0.2
2387 silly packumentCache full:https://registry.npmjs.org/@typescript%2ftypescript-linux-ppc64 cache-miss
2388 http cache https://registry.npmjs.org/@typescript%2ftypescript-darwin-x64 5ms (cache hit)
2389 silly packumentCache full:https://registry.npmjs.org/@typescript%2ftypescript-darwin-x64 set size:225462 disposed:false
2390 silly fetch manifest @typescript/typescript-linux-s390x@7.0.2
2391 silly packumentCache full:https://registry.npmjs.org/@typescript%2ftypescript-linux-s390x cache-miss
2392 http cache https://registry.npmjs.org/@typescript%2ftypescript-freebsd-x64 5ms (cache hit)
2393 silly packumentCache full:https://registry.npmjs.org/@typescript%2ftypescript-freebsd-x64 set size:6088 disposed:false
2394 silly fetch manifest @typescript/typescript-openbsd-x64@7.0.2
2395 silly packumentCache full:https://registry.npmjs.org/@typescript%2ftypescript-openbsd-x64 cache-miss
2396 http cache https://registry.npmjs.org/@typescript%2ftypescript-sunos-x64 9ms (cache hit)
2397 silly packumentCache full:https://registry.npmjs.org/@typescript%2ftypescript-sunos-x64 set size:6046 disposed:false
2398 silly fetch manifest @typescript/typescript-win32-arm64@7.0.2
2399 silly packumentCache full:https://registry.npmjs.org/@typescript%2ftypescript-win32-arm64 cache-miss
2400 http cache https://registry.npmjs.org/@typescript%2ftypescript-netbsd-x64 7ms (cache hit)
2401 silly packumentCache full:https://registry.npmjs.org/@typescript%2ftypescript-netbsd-x64 set size:6065 disposed:false
2402 silly fetch manifest @typescript/typescript-darwin-arm64@7.0.2
2403 silly packumentCache full:https://registry.npmjs.org/@typescript%2ftypescript-darwin-arm64 cache-miss
2404 http cache https://registry.npmjs.org/@typescript%2ftypescript-win32-x64 8ms (cache hit)
2405 silly packumentCache full:https://registry.npmjs.org/@typescript%2ftypescript-win32-x64 set size:229987 disposed:false
2406 silly fetch manifest @typescript/typescript-netbsd-arm64@7.0.2
2407 silly packumentCache full:https://registry.npmjs.org/@typescript%2ftypescript-netbsd-arm64 cache-miss
2408 http cache https://registry.npmjs.org/@typescript%2ftypescript-linux-arm64 7ms (cache hit)
2409 silly packumentCache full:https://registry.npmjs.org/@typescript%2ftypescript-linux-arm64 set size:233715 disposed:false
2410 silly fetch manifest @typescript/typescript-freebsd-arm64@7.0.2
2411 silly packumentCache full:https://registry.npmjs.org/@typescript%2ftypescript-freebsd-arm64 cache-miss
2412 http cache https://registry.npmjs.org/@typescript%2ftypescript-linux-ppc64 8ms (cache hit)
2413 silly packumentCache full:https://registry.npmjs.org/@typescript%2ftypescript-linux-ppc64 set size:6087 disposed:false
2414 silly fetch manifest @typescript/typescript-linux-loong64@7.0.2
2415 silly packumentCache full:https://registry.npmjs.org/@typescript%2ftypescript-linux-loong64 cache-miss
2416 http cache https://registry.npmjs.org/@typescript%2ftypescript-linux-s390x 6ms (cache hit)
2417 silly packumentCache full:https://registry.npmjs.org/@typescript%2ftypescript-linux-s390x set size:6086 disposed:false
2418 silly fetch manifest @typescript/typescript-linux-riscv64@7.0.2
2419 silly packumentCache full:https://registry.npmjs.org/@typescript%2ftypescript-linux-riscv64 cache-miss
2420 http cache https://registry.npmjs.org/@typescript%2ftypescript-openbsd-x64 6ms (cache hit)
2421 silly packumentCache full:https://registry.npmjs.org/@typescript%2ftypescript-openbsd-x64 set size:6086 disposed:false
2422 silly fetch manifest @typescript/typescript-openbsd-arm64@7.0.2
2423 silly packumentCache full:https://registry.npmjs.org/@typescript%2ftypescript-openbsd-arm64 cache-miss
2424 http cache https://registry.npmjs.org/@typescript%2ftypescript-darwin-arm64 6ms (cache hit)
2425 silly packumentCache full:https://registry.npmjs.org/@typescript%2ftypescript-darwin-arm64 set size:233219 disposed:false
2426 silly fetch manifest @typescript/typescript-linux-mips64el@7.0.2
2427 silly packumentCache full:https://registry.npmjs.org/@typescript%2ftypescript-linux-mips64el cache-miss
2428 http cache https://registry.npmjs.org/@typescript%2ftypescript-win32-arm64 7ms (cache hit)
2429 silly packumentCache full:https://registry.npmjs.org/@typescript%2ftypescript-win32-arm64 set size:225146 disposed:false
2430 http cache https://registry.npmjs.org/@typescript%2ftypescript-netbsd-arm64 5ms (cache hit)
2431 silly packumentCache full:https://registry.npmjs.org/@typescript%2ftypescript-netbsd-arm64 set size:6109 disposed:false
2432 http cache https://registry.npmjs.org/@typescript%2ftypescript-freebsd-arm64 5ms (cache hit)
2433 silly packumentCache full:https://registry.npmjs.org/@typescript%2ftypescript-freebsd-arm64 set size:6126 disposed:false
2434 http cache https://registry.npmjs.org/@typescript%2ftypescript-linux-loong64 5ms (cache hit)
2435 silly packumentCache full:https://registry.npmjs.org/@typescript%2ftypescript-linux-loong64 set size:6127 disposed:false
2436 http cache https://registry.npmjs.org/@typescript%2ftypescript-openbsd-arm64 3ms (cache hit)
2437 silly packumentCache full:https://registry.npmjs.org/@typescript%2ftypescript-openbsd-arm64 set size:6126 disposed:false
2438 http cache https://registry.npmjs.org/@typescript%2ftypescript-linux-riscv64 4ms (cache hit)
2439 silly packumentCache full:https://registry.npmjs.org/@typescript%2ftypescript-linux-riscv64 set size:6127 disposed:false
2440 http cache https://registry.npmjs.org/@typescript%2ftypescript-linux-mips64el 4ms (cache hit)
2441 silly packumentCache full:https://registry.npmjs.org/@typescript%2ftypescript-linux-mips64el set size:6146 disposed:false
2442 silly placeDep ROOT typescript@5.9.3 REPLACE for: @expo/require-utils@55.0.8 want: ^5.0.0 || ^5.0.0-0
2443 silly placeDep ROOT ansicolors@0.3.2 OK for: cardinal@2.1.1 want: ~0.3.2
2444 silly placeDep ROOT redeyed@2.1.1 OK for: cardinal@2.1.1 want: ~2.1.0
2445 silly fetch manifest esprima@~4.0.0
2446 silly packumentCache full:https://registry.npmjs.org/esprima cache-hit
2447 silly placeDep ROOT array-union@2.1.0 OK for: globby@11.1.0 want: ^2.1.0
2448 silly placeDep ROOT dir-glob@3.0.1 OK for: globby@11.1.0 want: ^3.0.1
2449 silly fetch manifest path-type@^4.0.0
2450 silly packumentCache full:https://registry.npmjs.org/path-type cache-miss
2451 http cache https://registry.npmjs.org/path-type 0ms (cache hit)
2452 silly packumentCache full:https://registry.npmjs.org/path-type set size:15341 disposed:false
2453 silly placeDep ROOT path-type@4.0.0 OK for: dir-glob@3.0.1 want: ^4.0.0
2454 silly placeDep ROOT argparse@1.0.10 OK for: js-yaml@3.15.2 want: ^1.0.7
2455 silly placeDep ROOT esprima@4.0.1 OK for: js-yaml@3.15.2 want: ^4.0.0
2456 silly fetch manifest sprintf-js@~1.0.2
2457 silly packumentCache full:https://registry.npmjs.org/sprintf-js cache-miss
2458 http cache https://registry.npmjs.org/sprintf-js 0ms (cache hit)
2459 silly packumentCache full:https://registry.npmjs.org/sprintf-js set size:20495 disposed:false
2460 silly placeDep ROOT sprintf-js@1.0.3 OK for: argparse@1.0.10 want: ~1.0.2
2461 silly placeDep ROOT astral-regex@2.0.0 OK for: slice-ansi@4.0.0 want: ^2.0.0
2462 silly placeDep ROOT @cspotcode/source-map-support@0.8.1 OK for: ts-node@10.9.2 want: ^0.8.0
2463 silly placeDep ROOT @tsconfig/node10@1.0.13 OK for: ts-node@10.9.2 want: ^1.0.7
2464 silly placeDep ROOT @tsconfig/node12@1.0.11 OK for: ts-node@10.9.2 want: ^1.0.7
2465 silly placeDep ROOT @tsconfig/node14@1.0.3 OK for: ts-node@10.9.2 want: ^1.0.0
2466 silly placeDep ROOT @tsconfig/node16@1.0.4 OK for: ts-node@10.9.2 want: ^1.0.2
2467 silly placeDep ROOT acorn@8.19.0 OK for: ts-node@10.9.2 want: ^8.4.1
2468 silly placeDep ROOT acorn-walk@8.3.5 OK for: ts-node@10.9.2 want: ^8.1.1
2469 silly placeDep node_modules/ts-node arg@4.1.3 OK for: ts-node@10.9.2 want: ^4.1.0
2470 silly placeDep ROOT create-require@1.1.1 OK for: ts-node@10.9.2 want: ^1.1.0
2471 silly placeDep node_modules/ts-node diff@4.0.4 OK for: ts-node@10.9.2 want: ^4.0.1
2472 silly placeDep ROOT make-error@1.3.6 OK for: ts-node@10.9.2 want: ^1.1.1
2473 silly placeDep ROOT v8-compile-cache-lib@3.0.1 OK for: ts-node@10.9.2 want: ^3.0.1
2474 silly placeDep ROOT yn@3.1.1 OK for: ts-node@10.9.2 want: 3.1.1
2475 silly fetch manifest @jridgewell/trace-mapping@0.3.9
2476 silly packumentCache full:https://registry.npmjs.org/@jridgewell%2ftrace-mapping cache-hit
2477 silly placeDep node_modules/@cspotcode/source-map-support @jridgewell/trace-mapping@0.3.9 OK for: @cspotcode/source-map-support@0.8.1 want: 0.3.9
2478 silly placeDep node_modules/@expo/prebuild-config @babel/code-frame@7.10.4 OK for: @expo/config@11.0.13 want: ~7.10.4
2479 silly placeDep node_modules/@expo/prebuild-config getenv@2.0.0 OK for: @expo/config@11.0.13 want: ^2.0.0
2480 silly placeDep node_modules/@expo/prebuild-config glob@10.5.0 OK for: @expo/config@11.0.13 want: ^10.4.2
2481 silly placeDep ROOT sucrase@3.35.0 OK for: @expo/config@11.0.13 want: 3.35.0
2482 silly fetch manifest jackspeak@^3.1.2
2483 silly packumentCache full:https://registry.npmjs.org/jackspeak cache-miss
2484 silly fetch manifest minimatch@^9.0.4
2485 silly packumentCache full:https://registry.npmjs.org/minimatch cache-hit
2486 silly fetch manifest path-scurry@^1.11.1
2487 silly packumentCache full:https://registry.npmjs.org/path-scurry cache-hit
2488 silly fetch manifest foreground-child@^3.1.0
2489 silly packumentCache full:https://registry.npmjs.org/foreground-child cache-miss
2490 silly fetch manifest package-json-from-dist@^1.0.0
2491 silly packumentCache full:https://registry.npmjs.org/package-json-from-dist cache-miss
2492 silly fetch manifest mz@^2.7.0
2493 silly packumentCache full:https://registry.npmjs.org/mz cache-miss
2494 silly fetch manifest glob@^10.3.10
2495 silly packumentCache full:https://registry.npmjs.org/glob cache-hit
2496 silly fetch manifest pirates@^4.0.1
2497 silly packumentCache full:https://registry.npmjs.org/pirates cache-miss
2498 silly fetch manifest commander@^4.0.0
2499 silly packumentCache full:https://registry.npmjs.org/commander cache-miss
2500 silly fetch manifest lines-and-columns@^1.1.6
2501 silly packumentCache full:https://registry.npmjs.org/lines-and-columns cache-miss
2502 http cache https://registry.npmjs.org/package-json-from-dist 3ms (cache hit)
2503 silly packumentCache full:https://registry.npmjs.org/package-json-from-dist set size:8854 disposed:false
2504 silly fetch manifest ts-interface-checker@^0.1.9
2505 silly packumentCache full:https://registry.npmjs.org/ts-interface-checker cache-miss
2506 http cache https://registry.npmjs.org/foreground-child 4ms (cache hit)
2507 silly packumentCache full:https://registry.npmjs.org/foreground-child set size:71503 disposed:false
2508 http cache https://registry.npmjs.org/jackspeak 4ms (cache hit)
2509 silly packumentCache full:https://registry.npmjs.org/jackspeak set size:204267 disposed:false
2510 http cache https://registry.npmjs.org/pirates 4ms (cache hit)
2511 silly packumentCache full:https://registry.npmjs.org/pirates set size:51327 disposed:false
2512 http cache https://registry.npmjs.org/lines-and-columns 5ms (cache hit)
2513 silly packumentCache full:https://registry.npmjs.org/lines-and-columns set size:73796 disposed:false
2514 http cache https://registry.npmjs.org/commander 5ms (cache hit)
2515 silly packumentCache full:https://registry.npmjs.org/commander set size:353104 disposed:false
2516 http cache https://registry.npmjs.org/mz 8ms (cache hit)
2517 silly packumentCache full:https://registry.npmjs.org/mz set size:42731 disposed:false
2518 http cache https://registry.npmjs.org/ts-interface-checker 6ms (cache hit)
2519 silly packumentCache full:https://registry.npmjs.org/ts-interface-checker set size:58946 disposed:false
2520 silly placeDep ROOT commander@4.1.1 OK for: sucrase@3.35.0 want: ^4.0.0
2521 silly placeDep node_modules/sucrase glob@10.5.0 OK for: sucrase@3.35.0 want: ^10.3.10
2522 silly placeDep ROOT lines-and-columns@1.2.4 OK for: sucrase@3.35.0 want: ^1.1.6
2523 silly placeDep ROOT mz@2.7.0 OK for: sucrase@3.35.0 want: ^2.7.0
2524 silly placeDep ROOT pirates@4.0.7 OK for: sucrase@3.35.0 want: ^4.0.1
2525 silly placeDep ROOT ts-interface-checker@0.1.13 OK for: sucrase@3.35.0 want: ^0.1.9
2526 silly fetch manifest any-promise@^1.0.0
2527 silly packumentCache full:https://registry.npmjs.org/any-promise cache-miss
2528 silly fetch manifest object-assign@^4.0.1
2529 silly packumentCache full:https://registry.npmjs.org/object-assign cache-miss
2530 silly fetch manifest thenify-all@^1.0.0
2531 silly packumentCache full:https://registry.npmjs.org/thenify-all cache-miss
2532 http cache https://registry.npmjs.org/any-promise 1ms (cache hit)
2533 silly packumentCache full:https://registry.npmjs.org/any-promise set size:20233 disposed:false
2534 http cache https://registry.npmjs.org/object-assign 1ms (cache hit)
2535 silly packumentCache full:https://registry.npmjs.org/object-assign set size:28988 disposed:false
2536 http cache https://registry.npmjs.org/thenify-all 1ms (cache hit)
2537 silly packumentCache full:https://registry.npmjs.org/thenify-all set size:18488 disposed:false
2538 silly placeDep ROOT any-promise@1.3.0 OK for: mz@2.7.0 want: ^1.0.0
2539 silly placeDep ROOT object-assign@4.1.1 OK for: mz@2.7.0 want: ^4.0.1
2540 silly placeDep ROOT thenify-all@1.6.0 OK for: mz@2.7.0 want: ^1.0.0
2541 silly fetch manifest thenify@>= 3.1.0 < 4
2542 silly packumentCache full:https://registry.npmjs.org/thenify cache-miss
2543 http cache https://registry.npmjs.org/thenify 1ms (cache hit)
2544 silly packumentCache full:https://registry.npmjs.org/thenify set size:21379 disposed:false
2545 silly placeDep ROOT thenify@3.3.1 OK for: thenify-all@1.6.0 want: >= 3.1.0 < 4
2546 silly placeDep ROOT foreground-child@3.3.1 OK for: glob@10.5.0 want: ^3.1.0
2547 silly placeDep ROOT jackspeak@3.4.3 OK for: glob@10.5.0 want: ^3.1.2
2548 silly placeDep node_modules/@expo/prebuild-config minimatch@9.0.9 OK for: glob@10.5.0 want: ^9.0.4
2549 silly placeDep ROOT package-json-from-dist@1.0.1 OK for: glob@10.5.0 want: ^1.0.0
2550 silly placeDep node_modules/@expo/prebuild-config path-scurry@1.11.1 OK for: glob@10.5.0 want: ^1.11.1
2551 silly fetch manifest signal-exit@^4.0.1
2552 silly packumentCache full:https://registry.npmjs.org/signal-exit cache-hit
2553 silly fetch manifest @isaacs/cliui@^8.0.2
2554 silly packumentCache full:https://registry.npmjs.org/@isaacs%2fcliui cache-miss
2555 silly fetch manifest @pkgjs/parseargs@^0.11.0
2556 silly packumentCache full:https://registry.npmjs.org/@pkgjs%2fparseargs cache-miss
2557 silly fetch manifest lru-cache@^10.2.0
2558 silly packumentCache full:https://registry.npmjs.org/lru-cache cache-hit
2559 http cache https://registry.npmjs.org/@pkgjs%2fparseargs 5ms (cache hit)
2560 silly packumentCache full:https://registry.npmjs.org/@pkgjs%2fparseargs set size:51085 disposed:false
2561 http cache https://registry.npmjs.org/@isaacs%2fcliui 5ms (cache hit)
2562 silly packumentCache full:https://registry.npmjs.org/@isaacs%2fcliui set size:12263 disposed:false
2563 silly placeDep node_modules/foreground-child signal-exit@4.1.0 OK for: foreground-child@3.3.1 want: ^4.0.1
2564 silly placeDep ROOT @isaacs/cliui@8.0.2 OK for: jackspeak@3.4.3 want: ^8.0.2
2565 silly placeDep ROOT @pkgjs/parseargs@0.11.0 OK for: jackspeak@3.4.3 want: ^0.11.0
2566 silly fetch manifest wrap-ansi@^8.1.0
2567 silly packumentCache full:https://registry.npmjs.org/wrap-ansi cache-hit
2568 silly fetch manifest strip-ansi@^7.0.1
2569 silly packumentCache full:https://registry.npmjs.org/strip-ansi cache-hit
2570 silly fetch manifest string-width@^5.1.2
2571 silly packumentCache full:https://registry.npmjs.org/string-width cache-hit
2572 silly fetch manifest wrap-ansi-cjs@npm:wrap-ansi@^7.0.0
2573 silly packumentCache full:https://registry.npmjs.org/wrap-ansi cache-hit
2574 silly fetch manifest strip-ansi-cjs@npm:strip-ansi@^6.0.1
2575 silly packumentCache full:https://registry.npmjs.org/strip-ansi cache-hit
2576 silly fetch manifest string-width-cjs@npm:string-width@^4.2.0
2577 silly packumentCache full:https://registry.npmjs.org/string-width cache-hit
2578 silly placeDep node_modules/@isaacs/cliui string-width@5.1.2 OK for: @isaacs/cliui@8.0.2 want: ^5.1.2
2579 silly placeDep ROOT string-width-cjs@4.2.3 OK for: @isaacs/cliui@8.0.2 want: npm:string-width@^4.2.0
2580 silly placeDep node_modules/@isaacs/cliui strip-ansi@7.2.0 OK for: @isaacs/cliui@8.0.2 want: ^7.0.1
2581 silly placeDep ROOT strip-ansi-cjs@6.0.1 OK for: @isaacs/cliui@8.0.2 want: npm:strip-ansi@^6.0.1
2582 silly placeDep node_modules/@isaacs/cliui wrap-ansi@8.1.0 OK for: @isaacs/cliui@8.0.2 want: ^8.1.0
2583 silly placeDep ROOT wrap-ansi-cjs@7.0.0 OK for: @isaacs/cliui@8.0.2 want: npm:wrap-ansi@^7.0.0
2584 silly fetch manifest emoji-regex@^9.2.2
2585 silly packumentCache full:https://registry.npmjs.org/emoji-regex cache-hit
2586 silly fetch manifest eastasianwidth@^0.2.0
2587 silly packumentCache full:https://registry.npmjs.org/eastasianwidth cache-miss
2588 silly fetch manifest ansi-regex@^6.2.2
2589 silly packumentCache full:https://registry.npmjs.org/ansi-regex cache-hit
2590 silly fetch manifest ansi-styles@^6.1.0
2591 silly packumentCache full:https://registry.npmjs.org/ansi-styles cache-hit
2592 http cache https://registry.npmjs.org/eastasianwidth 2ms (cache hit)
2593 silly packumentCache full:https://registry.npmjs.org/eastasianwidth set size:7890 disposed:false
2594 silly placeDep node_modules/@expo/prebuild-config lru-cache@10.4.3 OK for: path-scurry@1.11.1 want: ^10.2.0
2595 silly placeDep ROOT eastasianwidth@0.2.0 OK for: string-width@5.1.2 want: ^0.2.0
2596 silly placeDep node_modules/@isaacs/cliui emoji-regex@9.2.2 OK for: string-width@5.1.2 want: ^9.2.2
2597 silly placeDep node_modules/@isaacs/cliui ansi-regex@6.4.0 OK for: strip-ansi@7.2.0 want: ^6.2.2
2598 silly placeDep node_modules/@isaacs/cliui ansi-styles@6.2.3 OK for: wrap-ansi@8.1.0 want: ^6.1.0
2599 silly placeDep node_modules/@oclif/core brace-expansion@5.0.12 OK for: minimatch@10.2.6 want: ^5.0.8
2600 silly fetch manifest balanced-match@^4.0.2
2601 silly packumentCache full:https://registry.npmjs.org/balanced-match cache-hit
2602 silly placeDep node_modules/@oclif/core balanced-match@4.0.4 OK for: brace-expansion@5.0.12 want: ^4.0.2
2603 silly placeDep node_modules/@sentry/node agent-base@6.0.2 OK for: https-proxy-agent@5.0.1 want: 6
2604 silly placeDep node_modules/glob brace-expansion@5.0.12 OK for: minimatch@10.2.6 want: ^5.0.8
2605 silly placeDep node_modules/glob balanced-match@4.0.4 OK for: brace-expansion@5.0.12 want: ^4.0.2
2606 silly placeDep ROOT inflight@1.0.6 OK for: glob@6.0.4 want: ^1.0.4
2607 silly placeDep ROOT inherits@2.0.4 OK for: glob@6.0.4 want: 2
2608 silly placeDep node_modules/rimraf minimatch@3.1.5 OK for: glob@6.0.4 want: 2 || 3
2609 silly placeDep ROOT once@1.4.0 OK for: glob@6.0.4 want: ^1.3.0
2610 silly placeDep ROOT path-is-absolute@1.0.1 OK for: glob@6.0.4 want: ^1.0.0
2611 silly fetch manifest wrappy@1
2612 silly packumentCache full:https://registry.npmjs.org/wrappy cache-miss
2613 silly fetch manifest brace-expansion@^1.1.7
2614 silly packumentCache full:https://registry.npmjs.org/brace-expansion cache-hit
2615 silly fetch manifest wrappy@1
2616 silly packumentCache full:https://registry.npmjs.org/wrappy cache-miss
2617 http cache https://registry.npmjs.org/wrappy 1ms (cache hit)
2618 silly packumentCache full:https://registry.npmjs.org/wrappy set size:7682 disposed:false
2619 http cache https://registry.npmjs.org/wrappy 1ms (cache hit)
2620 silly packumentCache full:https://registry.npmjs.org/wrappy set size:7682 disposed:false
2621 silly packumentCache full:https://registry.npmjs.org/wrappy dispose
2622 silly placeDep ROOT wrappy@1.0.2 OK for: inflight@1.0.6 want: 1
2623 silly placeDep node_modules/rimraf brace-expansion@1.1.21 OK for: minimatch@3.1.5 want: ^1.1.7
2624 silly fetch manifest concat-map@0.0.1
2625 silly packumentCache full:https://registry.npmjs.org/concat-map cache-miss
2626 http cache https://registry.npmjs.org/concat-map 1ms (cache hit)
2627 silly packumentCache full:https://registry.npmjs.org/concat-map set size:9290 disposed:false
2628 silly placeDep ROOT concat-map@0.0.1 OK for: brace-expansion@1.1.21 want: 0.0.1
2629 silly placeDep node_modules/semver yallist@4.0.0 OK for: lru-cache@6.0.0 want: ^4.0.0
2630 silly placeDep node_modules/sucrase minimatch@9.0.9 OK for: glob@10.5.0 want: ^9.0.4
2631 silly placeDep node_modules/sucrase path-scurry@1.11.1 OK for: glob@10.5.0 want: ^1.11.1
2632 silly placeDep node_modules/sucrase lru-cache@10.4.3 OK for: path-scurry@1.11.1 want: ^10.2.0
2633 silly placeDep ROOT is-inside-container@1.0.0 OK for: is-wsl@3.1.1 want: ^1.0.0
2634 silly fetch manifest is-docker@^3.0.0
2635 silly packumentCache full:https://registry.npmjs.org/is-docker cache-hit
2636 silly placeDep node_modules/is-inside-container is-docker@3.0.0 OK for: is-inside-container@1.0.0 want: ^3.0.0
2637 silly placeDep node_modules/@expo/package-manager ansi-styles@3.2.1 OK for: chalk@2.4.2 want: ^3.2.1
2638 silly placeDep node_modules/@expo/package-manager escape-string-regexp@1.0.5 OK for: chalk@2.4.2 want: ^1.0.5
2639 silly placeDep node_modules/@expo/package-manager supports-color@5.5.0 OK for: chalk@2.4.2 want: ^5.3.0
2640 silly placeDep node_modules/@expo/package-manager color-convert@1.9.3 OK for: ansi-styles@3.2.1 want: ^1.9.0
2641 silly placeDep node_modules/@expo/package-manager color-name@1.1.3 OK for: color-convert@1.9.3 want: 1.1.3
2642 silly placeDep node_modules/@expo/package-manager has-flag@3.0.0 OK for: supports-color@5.5.0 want: ^3.0.0
2643 silly reify moves {}
2644 silly audit bulk request {
2644 silly audit   'eas-cli': [ '24.11.0' ],
2644 silly audit   '@expo/apple-utils': [ '2.2.1' ],
2644 silly audit   '@expo/code-signing-certificates': [ '0.0.5' ],
2644 silly audit   '@expo/config': [ '55.0.10', '11.0.13' ],
2644 silly audit   '@expo/config-plugins': [ '55.0.7', '10.1.2' ],
2644 silly audit   '@expo/eas-build-job': [ '24.9.0' ],
2644 silly audit   '@expo/eas-json': [ '24.9.0' ],
2644 silly audit   '@expo/env': [ '1.0.7' ],
2644 silly audit   '@expo/json-file': [ '8.3.3', '10.2.0', '10.0.16', '9.1.5' ],
2644 silly audit   '@expo/logger': [ '24.8.0' ],
2644 silly audit   '@expo/multipart-body-parser': [ '2.0.0' ],
2644 silly audit   '@expo/osascript': [ '2.1.4' ],
2644 silly audit   '@expo/package-manager': [ '1.9.10' ],
2644 silly audit   '@expo/pkcs12': [ '0.1.3' ],
2644 silly audit   '@expo/plist': [ '0.3.5', '0.5.4' ],
2644 silly audit   '@expo/plugin-help': [ '5.1.23' ],
2644 silly audit   '@expo/plugin-warn-if-update-available': [ '2.5.1' ],
2644 silly audit   '@expo/prebuild-config': [ '9.0.12' ],
2644 silly audit   '@expo/results': [ '1.0.0' ],
2644 silly audit   '@expo/rudder-sdk-node': [ '1.1.1' ],
2644 silly audit   '@expo/spawn-async': [ '1.7.2' ],
2644 silly audit   '@expo/steps': [ '24.9.0' ],
2644 silly audit   '@expo/timeago.js': [ '1.0.0' ],
2644 silly audit   '@oclif/core': [ '4.14.0', '2.16.0' ],
2644 silly audit   '@oclif/plugin-autocomplete': [ '3.3.0' ],
2644 silly audit   '@segment/ajv-human-errors': [ '2.16.0' ],
2644 silly audit   ajv: [ '8.11.0' ],
2644 silly audit   '@sentry/node': [ '7.77.0' ],
2644 silly audit   '@urql/core': [ '4.0.11' ],
2644 silly audit   '@urql/exchange-retry': [ '1.2.0' ],
2644 silly audit   'agent-cli-detector': [ '0.1.7' ],
2644 silly audit   'ajv-formats': [ '2.1.1' ],
2644 silly audit   'better-opn': [ '3.0.2' ],
2644 silly audit   'bplist-parser': [ '0.3.2', '0.3.1' ],
2644 silly audit   centrifuge: [ '5.7.1' ],
2644 silly audit   chalk: [ '4.1.2', '2.4.2' ],
2644 silly audit   'cli-progress': [ '3.12.0' ],
2644 silly audit   dateformat: [ '4.6.3' ],
2644 silly audit   debug: [ '4.4.3' ],
2644 silly audit   diff: [ '7.0.0', '4.0.4' ],
2644 silly audit   dotenv: [ '16.3.1', '16.4.7', '16.6.1' ],
2644 silly audit   'env-paths': [ '2.2.0' ],
2644 silly audit   envinfo: [ '7.11.0' ],
2644 silly audit   'fast-deep-equal': [ '3.1.3' ],
2644 silly audit   'fast-glob': [ '3.3.2' ],
2644 silly audit   figures: [ '3.2.0' ],
2644 silly audit   'form-data': [ '4.0.6' ],
2644 silly audit   'fs-extra': [ '11.2.0', '10.1.0' ],
2644 silly audit   getenv: [ '1.0.0', '2.0.0' ],
2644 silly audit   'gradle-to-js': [ '2.0.1' ],
2644 silly audit   graphql: [ '16.8.1' ],
2644 silly audit   'graphql-tag': [ '2.12.6' ],
2644 silly audit   'https-proxy-agent': [ '7.0.6', '5.0.1' ],
2644 silly audit   ignore: [ '5.3.0' ],
2644 silly audit   'indent-string': [ '4.0.0' ],
2644 silly audit   invariant: [ '2.2.4' ],
2644 silly audit   'jks-js': [ '1.1.0' ],
2644 silly audit   joi: [ '17.11.0', '17.13.8' ],
2644 silly audit   keychain: [ '1.5.0' ],
2644 silly audit   'log-symbols': [ '4.1.0', '2.2.0' ],
2644 silly audit   mime: [ '3.0.0' ],
2644 silly audit   minimatch: [ '5.1.2', '10.2.6', '9.0.9', '3.1.5' ],
2644 silly audit   minizlib: [ '3.1.0' ],
2644 silly audit   nanoid: [ '3.3.8' ],
2644 silly audit   'node-fetch': [ '2.6.7' ],
2644 silly audit   'node-forge': [ '1.4.0' ],
2644 silly audit   'node-stream-zip': [ '1.15.0' ],
2644 silly audit   nullthrows: [ '1.1.1' ],
2644 silly audit   open: [ '8.4.0' ],
2644 silly audit   ora: [ '5.1.0', '3.4.0' ],
2644 silly audit   'pkg-dir': [ '4.2.0' ],
2644 silly audit   pngjs: [ '7.0.0', '3.4.0' ],
2644 silly audit   'promise-limit': [ '2.7.0' ],
2644 silly audit   'promise-retry': [ '2.0.1' ],
2644 silly audit   prompts: [ '2.4.2' ],
2644 silly audit   'qrcode-terminal': [ '0.12.0' ],
2644 silly audit   'resolve-from': [ '5.0.0' ],
2644 silly audit   'sandbox-cli-detector': [ '0.2.0' ],
2644 silly audit   semver: [ '7.5.4', '7.8.5', '7.5.2', '6.3.1' ],
2644 silly audit   'set-interval-async': [ '3.0.3' ],
2644 silly audit   slash: [ '3.0.0' ],
2644 silly audit   tar: [ '7.5.19' ],
2644 silly audit   'tar-stream': [ '3.1.7' ],
2644 silly audit   'terminal-link': [ '2.1.1' ],
2644 silly audit   'ts-deepmerge': [ '6.2.0' ],
2644 silly audit   tslib: [ '2.6.2', '2.4.1' ],
2644 silly audit   turndown: [ '7.1.2' ],
2644 silly audit   untildify: [ '4.0.0' ],
2644 silly audit   uuid: [ '11.1.1', '8.3.2', '7.0.3' ],
2644 silly audit   'wrap-ansi': [ '7.0.0', '8.1.0' ],
2644 silly audit   ws: [ '8.21.1' ],
2644 silly audit   yaml: [ '2.6.0' ],
2644 silly audit   zod: [ '4.6.5' ],
2644 silly audit   '@expo/config-types': [ '55.0.6', '53.0.5' ],
2644 silly audit   '@expo/require-utils': [ '55.0.8' ],
2644 silly audit   deepmerge: [ '4.3.1' ],
2644 silly audit   glob: [ '13.0.6', '6.0.4', '10.5.0' ],
2644 silly audit   'resolve-workspace-root': [ '2.0.1' ],
2644 silly audit   slugify: [ '1.6.9' ],
2644 silly audit   '@expo/sdk-runtime-versions': [ '1.0.1' ],
2644 silly audit   xcode: [ '3.0.1' ],
2644 silly audit   xml2js: [ '0.6.0' ],
2644 silly audit   '@expo/turtle-spawn': [ '24.8.0' ],
2644 silly audit   '@babel/code-frame': [ '7.23.5', '7.10.4', '7.29.7' ],
2644 silly audit   'env-string': [ '1.0.1' ],
2644 silly audit   'golden-fleece': [ '1.0.9' ],
2644 silly audit   '@babel/highlight': [ '7.25.9' ],
2644 silly audit   '@babel/helper-validator-identifier': [ '7.29.7' ],
2644 silly audit   'js-tokens': [ '4.0.0' ],
2644 silly audit   picocolors: [ '1.1.1' ],
2644 silly audit   'dotenv-expand': [ '11.0.7' ],
2644 silly audit   json5: [ '2.2.3' ],
2644 silly audit   'write-file-atomic': [ '2.4.3' ],
2644 silly audit   '@types/bunyan': [ '1.8.11' ],
2644 silly audit   bunyan: [ '1.8.15' ],
2644 silly audit   multipasta: [ '0.2.8' ],
2644 silly audit   'exec-async': [ '2.2.0' ],
2644 silly audit   'npm-package-arg': [ '11.0.3' ],
2644 silly audit   '@xmldom/xmldom': [ '0.8.15', '0.9.12' ],
2644 silly audit   'base64-js': [ '1.5.1' ],
2644 silly audit   xmlbuilder: [ '15.1.1', '11.0.1' ],
2644 silly audit   ejs: [ '3.1.10', '6.0.1' ],
2644 silly audit   'http-call': [ '5.3.0' ],
2644 silly audit   '@expo/image-utils': [ '0.7.6' ],
2644 silly audit   '@react-native/normalize-colors': [ '0.79.6' ],
2644 silly audit   'jimp-compact': [ '0.16.1' ],
2644 silly audit   'parse-png': [ '2.1.0' ],
2644 silly audit   'temp-dir': [ '2.0.0' ],
2644 silly audit   'unique-string': [ '2.0.0' ],
2644 silly audit   '@babel/core': [ '7.29.7' ],
2644 silly audit   '@babel/plugin-transform-modules-commonjs': [ '7.29.7' ],
2644 silly audit   '@babel/generator': [ '7.29.8' ],
2644 silly audit   '@babel/helper-compilation-targets': [ '7.29.7' ],
2644 silly audit   '@babel/helper-module-transforms': [ '7.29.7' ],
2644 silly audit   '@babel/helpers': [ '7.29.10' ],
2644 silly audit   '@babel/parser': [ '7.29.9' ],
2644 silly audit   '@babel/template': [ '7.29.7' ],
2644 silly audit   '@babel/traverse': [ '7.29.10' ],
2644 silly audit   '@babel/types': [ '7.29.8' ],
2644 silly audit   '@jridgewell/remapping': [ '2.3.5' ],
2644 silly audit   'convert-source-map': [ '2.0.0' ],
2644 silly audit   gensync: [ '1.0.0-beta.2' ],
2644 silly audit   '@jridgewell/gen-mapping': [ '0.3.13' ],
2644 silly audit   '@jridgewell/trace-mapping': [ '0.3.31', '0.3.9' ],
2644 silly audit   jsesc: [ '3.1.0' ],
2644 silly audit   '@babel/compat-data': [ '7.29.7' ],
2644 silly audit   '@babel/helper-validator-option': [ '7.29.7' ],
2644 silly audit   browserslist: [ '4.29.3' ],
2644 silly audit   'lru-cache': [ '5.1.1', '10.4.3', '11.5.3', '6.0.0' ],
2644 silly audit   '@babel/helper-module-imports': [ '7.29.7' ],
2644 silly audit   '@babel/helper-plugin-utils': [ '7.29.7' ],
2644 silly audit   '@babel/helper-globals': [ '7.29.7' ],
2644 silly audit   '@babel/helper-string-parser': [ '7.29.7' ],
2644 silly audit   '@expo/bunyan': [ '4.0.1' ],
2644 silly audit   '@segment/loosely-validate-event': [ '2.0.0' ],
2644 silly audit   'fetch-retry': [ '4.1.1' ],
2644 silly audit   md5: [ '2.3.0' ],
2644 silly audit   'remove-trailing-slash': [ '0.1.1' ],
2644 silly audit   'cross-spawn': [ '7.0.6' ],
2644 silly audit   arg: [ '5.0.2', '4.1.3' ],
2644 silly audit   jsep: [ '1.4.0' ],
2644 silly audit   'lodash.clonedeep': [ '4.5.0' ],
2644 silly audit   '@jridgewell/sourcemap-codec': [ '1.6.0' ],
2644 silly audit   '@jridgewell/resolve-uri': [ '3.1.2' ],
2644 silly audit   'ansi-escapes': [ '4.3.2' ],
2644 silly audit   ansis: [ '3.17.0' ],
2644 silly audit   'clean-stack': [ '3.0.1' ],
2644 silly audit   'cli-spinners': [ '2.9.2' ],
2644 silly audit   'get-package-type': [ '0.1.0' ],
2644 silly audit   lilconfig: [ '3.1.3' ],
2644 silly audit   'string-width': [ '4.2.3', '5.1.2' ],
2644 silly audit   'supports-color': [ '8.1.1', '7.2.0', '5.5.0' ],
2644 silly audit   tinyglobby: [ '0.2.17' ],
2644 silly audit   'widest-line': [ '3.1.0' ],
2644 silly audit   wordwrap: [ '1.0.0' ],
2644 silly audit   'wsl-utils': [ '0.4.0' ],
2644 silly audit   'component-type': [ '1.2.2' ],
2644 silly audit   'join-component': [ '1.1.0' ],
2644 silly audit   '@sentry-internal/tracing': [ '7.77.0' ],
2644 silly audit   '@sentry/core': [ '7.77.0' ],
2644 silly audit   '@sentry/types': [ '7.77.0' ],
2644 silly audit   '@sentry/utils': [ '7.77.0' ],
2644 silly audit   '@types/node': [ '26.6.4' ],
2644 silly audit   'undici-types': [ '8.9.0' ],
2644 silly audit   '@0no-co/graphql.web': [ '1.3.4' ],
2644 silly audit   wonka: [ '6.3.6' ],
2644 silly audit   'json-schema-traverse': [ '1.0.0' ],
2644 silly audit   'require-from-string': [ '2.0.2' ],
2644 silly audit   'uri-js': [ '4.4.1' ],
2644 silly audit   'type-fest': [ '0.21.3' ],
2644 silly audit   'big-integer': [ '1.6.52' ],
2644 silly audit   'baseline-browser-mapping': [ '2.11.27' ],
2644 silly audit   'caniuse-lite': [ '1.0.30001815' ],
2644 silly audit   'electron-to-chromium': [ '1.5.449' ],
2644 silly audit   'node-releases': [ '2.0.57' ],
2644 silly audit   'update-browserslist-db': [ '1.3.3' ],
2644 silly audit   'dtrace-provider': [ '0.8.8' ],
2644 silly audit   moment: [ '2.31.0' ],
2644 silly audit   mv: [ '2.1.1' ],
2644 silly audit   'safe-json-stringify': [ '1.2.0' ],
2644 silly audit   events: [ '3.3.0' ],
2644 silly audit   protobufjs: [ '7.6.6' ],
2644 silly audit   'ansi-styles': [ '4.3.0', '3.2.1', '6.2.3' ],
2644 silly audit   'color-convert': [ '2.0.1', '1.9.3' ],
2644 silly audit   'escape-string-regexp': [ '4.0.0', '1.0.5' ],
2644 silly audit   'color-name': [ '1.1.4', '1.1.3' ],
2644 silly audit   'path-key': [ '3.1.1' ],
2644 silly audit   'shebang-command': [ '2.0.0' ],
2644 silly audit   which: [ '2.0.2' ],
2644 silly audit   ms: [ '2.1.3' ],
2644 silly audit   nan: [ '2.29.0' ],
2644 silly audit   jake: [ '10.9.4' ],
2644 silly audit   '@nodelib/fs.stat': [ '2.0.5' ],
2644 silly audit   '@nodelib/fs.walk': [ '1.2.8' ],
2644 silly audit   'glob-parent': [ '5.1.2' ],
2644 silly audit   merge2: [ '1.4.1' ],
2644 silly audit   micromatch: [ '4.0.8' ],
2644 silly audit   '@nodelib/fs.scandir': [ '2.1.5' ],
2644 silly audit   fastq: [ '1.20.3' ],
2644 silly audit   'run-parallel': [ '1.2.0' ],
2644 silly audit   reusify: [ '1.1.0' ],
2644 silly audit   asynckit: [ '0.4.0' ],
2644 silly audit   'combined-stream': [ '1.0.8' ],
2644 silly audit   'es-set-tostringtag': [ '2.1.0' ],
2644 silly audit   hasown: [ '2.0.4' ],
2644 silly audit   'mime-types': [ '2.1.35' ],
2644 silly audit   'delayed-stream': [ '1.0.0' ],
2644 silly audit   'es-errors': [ '1.3.0' ],
2644 silly audit   'get-intrinsic': [ '1.3.0' ],
2644 silly audit   'has-tostringtag': [ '1.0.2' ],
2644 silly audit   'graceful-fs': [ '4.2.11' ],
2644 silly audit   jsonfile: [ '6.2.1' ],
2644 silly audit   universalify: [ '2.0.1' ],
2644 silly audit   'call-bind-apply-helpers': [ '1.0.2' ],
2644 silly audit   'es-define-property': [ '1.0.1' ],
2644 silly audit   'es-object-atoms': [ '1.1.2' ],
2644 silly audit   'function-bind': [ '1.1.2' ],
2644 silly audit   'get-proto': [ '1.0.1' ],
2644 silly audit   gopd: [ '1.2.0' ],
2644 silly audit   'has-symbols': [ '1.1.0' ],
2644 silly audit   'math-intrinsics': [ '1.1.0' ],
2644 silly audit   'dunder-proto': [ '1.0.1' ],
2644 silly audit   minipass: [ '7.1.3' ],
2644 silly audit   'path-scurry': [ '2.0.2', '1.11.1' ],
2644 silly audit   'is-glob': [ '4.0.3' ],
2644 silly audit   'lodash.merge': [ '4.6.2' ],
2644 silly audit   'content-type': [ '1.0.5' ],
2644 silly audit   'is-retry-allowed': [ '1.2.0' ],
2644 silly audit   'is-stream': [ '2.0.1' ],
2644 silly audit   'parse-json': [ '4.0.0' ],
2644 silly audit   'tunnel-agent': [ '0.6.0' ],
2644 silly audit   'agent-base': [ '7.1.4', '6.0.2' ],
2644 silly audit   'loose-envify': [ '1.4.0' ],
2644 silly audit   'is-extglob': [ '2.1.1' ],
2644 silly audit   async: [ '3.2.6' ],
2644 silly audit   filelist: [ '1.0.6' ],
2644 silly audit   'node-int64': [ '0.4.0' ],
2644 silly audit   'node-rsa': [ '1.1.1' ],
2644 silly audit   '@hapi/hoek': [ '9.3.0' ],
2644 silly audit   '@hapi/topo': [ '5.1.0' ],
2644 silly audit   '@sideway/address': [ '4.1.5' ],
2644 silly audit   '@sideway/formula': [ '3.0.1' ],
2644 silly audit   '@sideway/pinpoint': [ '2.0.0' ],
2644 silly audit   'is-unicode-supported': [ '0.1.0' ],
2644 silly audit   yallist: [ '3.1.1', '5.0.0', '4.0.0' ],
2644 silly audit   charenc: [ '0.0.2' ],
2644 silly audit   crypt: [ '0.0.2' ],
2644 silly audit   'is-buffer': [ '1.1.6' ],
2644 silly audit   braces: [ '3.0.3' ],
2644 silly audit   picomatch: [ '2.3.2', '4.0.7' ],
2644 silly audit   'fill-range': [ '7.1.1' ],
2644 silly audit   'to-regex-range': [ '5.0.1' ],
2644 silly audit   'mime-db': [ '1.52.0' ],
2644 silly audit   'brace-expansion': [ '2.1.7', '5.0.12', '1.1.21' ],
2644 silly audit   'balanced-match': [ '1.0.2', '4.0.4' ],
2644 silly audit   mkdirp: [ '0.5.6' ],
2644 silly audit   ncp: [ '2.0.0' ],
2644 silly audit   rimraf: [ '2.4.5' ],
2644 silly audit   minimist: [ '1.2.8' ],
2644 silly audit   'whatwg-url': [ '5.0.0' ],
2644 silly audit   asn1: [ '0.2.6' ],
2644 silly audit   'safer-buffer': [ '2.1.2' ],
2644 silly audit   'hosted-git-info': [ '7.0.2' ],
2644 silly audit   'proc-log': [ '4.2.0' ],
2644 silly audit   'validate-npm-package-name': [ '5.0.1' ],
2644 silly audit   'define-lazy-prop': [ '2.0.0' ],
2644 silly audit   'is-docker': [ '2.2.1', '3.0.0' ],
2644 silly audit   'is-wsl': [ '2.2.0', '3.1.1' ],
2644 silly audit   'cli-cursor': [ '3.1.0', '2.1.0' ],
2644 silly audit   'is-interactive': [ '1.0.0' ],
2644 silly audit   'mute-stream': [ '0.0.8' ],
2644 silly audit   'strip-ansi': [ '6.0.1', '5.2.0', '7.2.0' ],
2644 silly audit   wcwidth: [ '1.0.1' ],
2644 silly audit   'restore-cursor': [ '3.1.0', '2.0.0' ],
2644 silly audit   'error-ex': [ '1.3.4' ],
2644 silly audit   'json-parse-better-errors': [ '1.0.2' ],
2644 silly audit   'is-arrayish': [ '0.2.1' ],
2644 silly audit   'find-up': [ '4.1.0' ],
2644 silly audit   'locate-path': [ '5.0.0' ],
2644 silly audit   'path-exists': [ '4.0.0' ],
2644 silly audit   'p-locate': [ '4.1.0' ],
2644 silly audit   'p-limit': [ '2.3.0' ],
2644 silly audit   'p-try': [ '2.2.0' ],
2644 silly audit   'err-code': [ '2.0.3' ],
2644 silly audit   retry: [ '0.12.0' ],
2644 silly audit   kleur: [ '3.0.3' ],
2644 silly audit   sisteransi: [ '1.0.5' ],
2644 silly audit   '@protobufjs/aspromise': [ '1.1.2' ],
2644 silly audit   '@protobufjs/base64': [ '1.1.2' ],
2644 silly audit   '@protobufjs/codegen': [ '2.0.5' ],
2644 silly audit   '@protobufjs/eventemitter': [ '1.1.1' ],
2644 silly audit   '@protobufjs/fetch': [ '1.1.1' ],
2644 silly audit   '@protobufjs/float': [ '1.0.2' ],
2644 silly audit   '@protobufjs/path': [ '1.1.2' ],
2644 silly audit   '@protobufjs/pool': [ '1.1.0' ],
2644 silly audit   '@protobufjs/utf8': [ '1.1.2' ],
2644 silly audit   long: [ '5.3.2' ],
2644 silly audit   onetime: [ '5.1.2', '2.0.1' ],
2644 silly audit   'signal-exit': [ '3.0.7', '4.1.0' ],
2644 silly audit   'mimic-fn': [ '2.1.0', '1.2.0' ],
2644 silly audit   'queue-microtask': [ '1.2.3' ],
2644 silly audit   'shebang-regex': [ '3.0.0' ],
2644 silly audit   'emoji-regex': [ '8.0.0', '9.2.2' ],
2644 silly audit   'is-fullwidth-code-point': [ '3.0.0' ],
2644 silly audit   'ansi-regex': [ '5.0.1', '4.1.1', '6.4.0' ],
2644 silly audit   'has-flag': [ '4.0.0', '3.0.0' ],
2644 silly audit   '@isaacs/fs-minipass': [ '4.0.1' ],
2644 silly audit   chownr: [ '3.0.0' ],
2644 silly audit   b4a: [ '1.9.0' ],
2644 silly audit   'fast-fifo': [ '1.3.2' ],
2644 silly audit   streamx: [ '2.28.1' ],
2644 silly audit   'events-universal': [ '1.0.1' ],
2644 silly audit   'text-decoder': [ '1.2.7' ],
2644 silly audit   'bare-events': [ '2.9.2' ],
2644 silly audit   'supports-hyperlinks': [ '2.3.0' ],
2644 silly audit   fdir: [ '6.5.0' ],
2644 silly audit   'is-number': [ '7.0.0' ],
2644 silly audit   'safe-buffer': [ '5.2.1' ],
2644 silly audit   domino: [ '2.1.8' ],
2644 silly audit   'crypto-random-string': [ '2.0.0' ],
2644 silly audit   escalade: [ '3.2.0' ],
2644 silly audit   punycode: [ '2.3.1' ],
2644 silly audit   defaults: [ '1.0.4' ],
2644 silly audit   clone: [ '1.0.4' ],
2644 silly audit   tr46: [ '0.0.3' ],
2644 silly audit   'webidl-conversions': [ '3.0.1' ],
2644 silly audit   isexe: [ '2.0.0' ],
2644 silly audit   imurmurhash: [ '0.1.4' ],
2644 silly audit   'powershell-utils': [ '0.1.0' ],
2644 silly audit   'simple-plist': [ '1.3.1' ],
2644 silly audit   'bplist-creator': [ '0.1.0' ],
2644 silly audit   plist: [ '3.1.1' ],
2644 silly audit   'stream-buffers': [ '2.2.0' ],
2644 silly audit   sax: [ '1.6.1' ],
2644 silly audit   '@types/cli-progress': [ '3.11.6' ],
2644 silly audit   cardinal: [ '2.1.1' ],
2644 silly audit   globby: [ '11.1.0' ],
2644 silly audit   hyperlinker: [ '1.0.0' ],
2644 silly audit   'js-yaml': [ '3.15.2' ],
2644 silly audit   'natural-orderby': [ '2.0.3' ],
2644 silly audit   'object-treeify': [ '1.1.33' ],
2644 silly audit   'password-prompt': [ '1.1.3' ],
2644 silly audit   'slice-ansi': [ '4.0.0' ],
2644 silly audit   'ts-node': [ '10.9.2' ],
2644 silly audit   typescript: [ '5.9.3' ],
2644 silly audit   ansicolors: [ '0.3.2' ],
2644 silly audit   redeyed: [ '2.1.1' ],
2644 silly audit   'array-union': [ '2.1.0' ],
2644 silly audit   'dir-glob': [ '3.0.1' ],
2644 silly audit   'path-type': [ '4.0.0' ],
2644 silly audit   argparse: [ '1.0.10' ],
2644 silly audit   esprima: [ '4.0.1' ],
2644 silly audit   'sprintf-js': [ '1.0.3' ],
2644 silly audit   'astral-regex': [ '2.0.0' ],
2644 silly audit   '@cspotcode/source-map-support': [ '0.8.1' ],
2644 silly audit   '@tsconfig/node10': [ '1.0.13' ],
2644 silly audit   '@tsconfig/node12': [ '1.0.11' ],
2644 silly audit   '@tsconfig/node14': [ '1.0.3' ],
2644 silly audit   '@tsconfig/node16': [ '1.0.4' ],
2644 silly audit   acorn: [ '8.19.0' ],
2644 silly audit   'acorn-walk': [ '8.3.5' ],
2644 silly audit   'create-require': [ '1.1.1' ],
2644 silly audit   'make-error': [ '1.3.6' ],
2644 silly audit   'v8-compile-cache-lib': [ '3.0.1' ],
2644 silly audit   yn: [ '3.1.1' ],
2644 silly audit   sucrase: [ '3.35.0' ],
2644 silly audit   commander: [ '4.1.1' ],
2644 silly audit   'lines-and-columns': [ '1.2.4' ],
2644 silly audit   mz: [ '2.7.0' ],
2644 silly audit   pirates: [ '4.0.7' ],
2644 silly audit   'ts-interface-checker': [ '0.1.13' ],
2644 silly audit   'any-promise': [ '1.3.0' ],
2644 silly audit   'object-assign': [ '4.1.1' ],
2644 silly audit   'thenify-all': [ '1.6.0' ],
2644 silly audit   thenify: [ '3.3.1' ],
2644 silly audit   'foreground-child': [ '3.3.1' ],
2644 silly audit   jackspeak: [ '3.4.3' ],
2644 silly audit   'package-json-from-dist': [ '1.0.1' ],
2644 silly audit   '@isaacs/cliui': [ '8.0.2' ],
2644 silly audit   '@pkgjs/parseargs': [ '0.11.0' ],
2644 silly audit   eastasianwidth: [ '0.2.0' ],
2644 silly audit   inflight: [ '1.0.6' ],
2644 silly audit   inherits: [ '2.0.4' ],
2644 silly audit   once: [ '1.4.0' ],
2644 silly audit   'path-is-absolute': [ '1.0.1' ],
2644 silly audit   wrappy: [ '1.0.2' ],
2644 silly audit   'concat-map': [ '0.0.1' ],
2644 silly audit   'is-inside-container': [ '1.0.0' ]
2644 silly audit }
2645 http cache is-inside-container@https://registry.npmjs.org/is-inside-container/-/is-inside-container-1.0.0.tgz 0ms (cache hit)
2646 http cache path-is-absolute@https://registry.npmjs.org/path-is-absolute/-/path-is-absolute-1.0.1.tgz 0ms (cache hit)
2647 http cache once@https://registry.npmjs.org/once/-/once-1.4.0.tgz 0ms (cache hit)
2648 http cache wrappy@https://registry.npmjs.org/wrappy/-/wrappy-1.0.2.tgz 0ms (cache hit)
2649 http cache inherits@https://registry.npmjs.org/inherits/-/inherits-2.0.4.tgz 0ms (cache hit)
2650 http cache concat-map@https://registry.npmjs.org/concat-map/-/concat-map-0.0.1.tgz 0ms (cache hit)
2651 http cache strip-ansi-cjs@https://registry.npmjs.org/strip-ansi/-/strip-ansi-6.0.1.tgz 0ms (cache hit)
2652 http cache eastasianwidth@https://registry.npmjs.org/eastasianwidth/-/eastasianwidth-0.2.0.tgz 0ms (cache hit)
2653 http cache @pkgjs/parseargs@https://registry.npmjs.org/@pkgjs/parseargs/-/parseargs-0.11.0.tgz 0ms (cache hit)
2654 http cache @isaacs/cliui@https://registry.npmjs.org/@isaacs/cliui/-/cliui-8.0.2.tgz 0ms (cache hit)
2655 http cache inflight@https://registry.npmjs.org/inflight/-/inflight-1.0.6.tgz 0ms (cache hit)
2656 http cache string-width-cjs@https://registry.npmjs.org/string-width/-/string-width-4.2.3.tgz 0ms (cache hit)
2657 http cache foreground-child@https://registry.npmjs.org/foreground-child/-/foreground-child-3.3.1.tgz 0ms (cache hit)
2658 http cache thenify@https://registry.npmjs.org/thenify/-/thenify-3.3.1.tgz 0ms (cache hit)
2659 http cache jackspeak@https://registry.npmjs.org/jackspeak/-/jackspeak-3.4.3.tgz 0ms (cache hit)
2660 http cache package-json-from-dist@https://registry.npmjs.org/package-json-from-dist/-/package-json-from-dist-1.0.1.tgz 0ms (cache hit)
2661 http cache wrap-ansi-cjs@https://registry.npmjs.org/wrap-ansi/-/wrap-ansi-7.0.0.tgz 0ms (cache hit)
2662 http cache thenify-all@https://registry.npmjs.org/thenify-all/-/thenify-all-1.6.0.tgz 0ms (cache hit)
2663 http cache any-promise@https://registry.npmjs.org/any-promise/-/any-promise-1.3.0.tgz 0ms (cache hit)
2664 http cache object-assign@https://registry.npmjs.org/object-assign/-/object-assign-4.1.1.tgz 0ms (cache hit)
2665 http cache lines-and-columns@https://registry.npmjs.org/lines-and-columns/-/lines-and-columns-1.2.4.tgz 0ms (cache hit)
2666 http cache pirates@https://registry.npmjs.org/pirates/-/pirates-4.0.7.tgz 0ms (cache hit)
2667 http cache ts-interface-checker@https://registry.npmjs.org/ts-interface-checker/-/ts-interface-checker-0.1.13.tgz 0ms (cache hit)
2668 http cache mz@https://registry.npmjs.org/mz/-/mz-2.7.0.tgz 0ms (cache hit)
2669 http cache commander@https://registry.npmjs.org/commander/-/commander-4.1.1.tgz 0ms (cache hit)
2670 http cache yn@https://registry.npmjs.org/yn/-/yn-3.1.1.tgz 0ms (cache hit)
2671 http cache acorn-walk@https://registry.npmjs.org/acorn-walk/-/acorn-walk-8.3.5.tgz 0ms (cache hit)
2672 http cache sucrase@https://registry.npmjs.org/sucrase/-/sucrase-3.35.0.tgz 0ms (cache hit)
2673 http cache make-error@https://registry.npmjs.org/make-error/-/make-error-1.3.6.tgz 0ms (cache hit)
2674 http cache create-require@https://registry.npmjs.org/create-require/-/create-require-1.1.1.tgz 0ms (cache hit)
2675 http cache acorn@https://registry.npmjs.org/acorn/-/acorn-8.19.0.tgz 0ms (cache hit)
2676 http cache @tsconfig/node14@https://registry.npmjs.org/@tsconfig/node14/-/node14-1.0.3.tgz 0ms (cache hit)
2677 http cache @tsconfig/node16@https://registry.npmjs.org/@tsconfig/node16/-/node16-1.0.4.tgz 0ms (cache hit)
2678 http cache v8-compile-cache-lib@https://registry.npmjs.org/v8-compile-cache-lib/-/v8-compile-cache-lib-3.0.1.tgz 0ms (cache hit)
2679 http cache @tsconfig/node12@https://registry.npmjs.org/@tsconfig/node12/-/node12-1.0.11.tgz 0ms (cache hit)
2680 http cache @cspotcode/source-map-support@https://registry.npmjs.org/@cspotcode/source-map-support/-/source-map-support-0.8.1.tgz 0ms (cache hit)
2681 http cache @tsconfig/node10@https://registry.npmjs.org/@tsconfig/node10/-/node10-1.0.13.tgz 0ms (cache hit)
2682 http cache esprima@https://registry.npmjs.org/esprima/-/esprima-4.0.1.tgz 0ms (cache hit)
2683 http cache argparse@https://registry.npmjs.org/argparse/-/argparse-1.0.10.tgz 0ms (cache hit)
2684 http cache sprintf-js@https://registry.npmjs.org/sprintf-js/-/sprintf-js-1.0.3.tgz 0ms (cache hit)
2685 http cache path-type@https://registry.npmjs.org/path-type/-/path-type-4.0.0.tgz 0ms (cache hit)
2686 http cache dir-glob@https://registry.npmjs.org/dir-glob/-/dir-glob-3.0.1.tgz 0ms (cache hit)
2687 http cache typescript@https://registry.npmjs.org/typescript/-/typescript-5.9.3.tgz 0ms (cache hit)
2688 http cache array-union@https://registry.npmjs.org/array-union/-/array-union-2.1.0.tgz 0ms (cache hit)
2689 http cache ansicolors@https://registry.npmjs.org/ansicolors/-/ansicolors-0.3.2.tgz 0ms (cache hit)
2690 http cache slice-ansi@https://registry.npmjs.org/slice-ansi/-/slice-ansi-4.0.0.tgz 0ms (cache hit)
2691 http cache ts-node@https://registry.npmjs.org/ts-node/-/ts-node-10.9.2.tgz 0ms (cache hit)
2692 http cache object-treeify@https://registry.npmjs.org/object-treeify/-/object-treeify-1.1.33.tgz 0ms (cache hit)
2693 http cache password-prompt@https://registry.npmjs.org/password-prompt/-/password-prompt-1.1.3.tgz 0ms (cache hit)
2694 http cache natural-orderby@https://registry.npmjs.org/natural-orderby/-/natural-orderby-2.0.3.tgz 0ms (cache hit)
2695 http cache hyperlinker@https://registry.npmjs.org/hyperlinker/-/hyperlinker-1.0.0.tgz 0ms (cache hit)
2696 http cache astral-regex@https://registry.npmjs.org/astral-regex/-/astral-regex-2.0.0.tgz 0ms (cache hit)
2697 http cache js-yaml@https://registry.npmjs.org/js-yaml/-/js-yaml-3.15.2.tgz 0ms (cache hit)
2698 http cache redeyed@https://registry.npmjs.org/redeyed/-/redeyed-2.1.1.tgz 0ms (cache hit)
2699 http cache cardinal@https://registry.npmjs.org/cardinal/-/cardinal-2.1.1.tgz 0ms (cache hit)
2700 http cache globby@https://registry.npmjs.org/globby/-/globby-11.1.0.tgz 0ms (cache hit)
2701 http cache @types/cli-progress@https://registry.npmjs.org/@types/cli-progress/-/cli-progress-3.11.6.tgz 0ms (cache hit)
2702 http cache sax@https://registry.npmjs.org/sax/-/sax-1.6.1.tgz 0ms (cache hit)
2703 http cache stream-buffers@https://registry.npmjs.org/stream-buffers/-/stream-buffers-2.2.0.tgz 0ms (cache hit)
2704 http cache plist@https://registry.npmjs.org/plist/-/plist-3.1.1.tgz 0ms (cache hit)
2705 http cache bplist-creator@https://registry.npmjs.org/bplist-creator/-/bplist-creator-0.1.0.tgz 0ms (cache hit)
2706 http cache imurmurhash@https://registry.npmjs.org/imurmurhash/-/imurmurhash-0.1.4.tgz 0ms (cache hit)
2707 http cache isexe@https://registry.npmjs.org/isexe/-/isexe-2.0.0.tgz 0ms (cache hit)
2708 http cache clone@https://registry.npmjs.org/clone/-/clone-1.0.4.tgz 0ms (cache hit)
2709 http cache webidl-conversions@https://registry.npmjs.org/webidl-conversions/-/webidl-conversions-3.0.1.tgz 0ms (cache hit)
2710 http cache tr46@https://registry.npmjs.org/tr46/-/tr46-0.0.3.tgz 0ms (cache hit)
2711 http cache defaults@https://registry.npmjs.org/defaults/-/defaults-1.0.4.tgz 0ms (cache hit)
2712 http cache punycode@https://registry.npmjs.org/punycode/-/punycode-2.3.1.tgz 0ms (cache hit)
2713 http cache escalade@https://registry.npmjs.org/escalade/-/escalade-3.2.0.tgz 0ms (cache hit)
2714 http cache domino@https://registry.npmjs.org/domino/-/domino-2.1.8.tgz 0ms (cache hit)
2715 http cache powershell-utils@https://registry.npmjs.org/powershell-utils/-/powershell-utils-0.1.0.tgz 0ms (cache hit)
2716 http cache supports-hyperlinks@https://registry.npmjs.org/supports-hyperlinks/-/supports-hyperlinks-2.3.0.tgz 0ms (cache hit)
2717 http cache is-number@https://registry.npmjs.org/is-number/-/is-number-7.0.0.tgz 0ms (cache hit)
2718 http cache bare-events@https://registry.npmjs.org/bare-events/-/bare-events-2.9.2.tgz 0ms (cache hit)
2719 http cache safe-buffer@https://registry.npmjs.org/safe-buffer/-/safe-buffer-5.2.1.tgz 0ms (cache hit)
2720 http cache text-decoder@https://registry.npmjs.org/text-decoder/-/text-decoder-1.2.7.tgz 0ms (cache hit)
2721 http cache events-universal@https://registry.npmjs.org/events-universal/-/events-universal-1.0.1.tgz 0ms (cache hit)
2722 http cache streamx@https://registry.npmjs.org/streamx/-/streamx-2.28.1.tgz 0ms (cache hit)
2723 http cache b4a@https://registry.npmjs.org/b4a/-/b4a-1.9.0.tgz 0ms (cache hit)
2724 http cache fast-fifo@https://registry.npmjs.org/fast-fifo/-/fast-fifo-1.3.2.tgz 0ms (cache hit)
2725 http cache @isaacs/fs-minipass@https://registry.npmjs.org/@isaacs/fs-minipass/-/fs-minipass-4.0.1.tgz 0ms (cache hit)
2726 http cache has-flag@https://registry.npmjs.org/has-flag/-/has-flag-4.0.0.tgz 0ms (cache hit)
2727 http cache crypto-random-string@https://registry.npmjs.org/crypto-random-string/-/crypto-random-string-2.0.0.tgz 0ms (cache hit)
2728 http cache chownr@https://registry.npmjs.org/chownr/-/chownr-3.0.0.tgz 0ms (cache hit)
2729 http cache ansi-regex@https://registry.npmjs.org/ansi-regex/-/ansi-regex-5.0.1.tgz 0ms (cache hit)
2730 http cache emoji-regex@https://registry.npmjs.org/emoji-regex/-/emoji-regex-8.0.0.tgz 0ms (cache hit)
2731 http cache simple-plist@https://registry.npmjs.org/simple-plist/-/simple-plist-1.3.1.tgz 0ms (cache hit)
2732 http cache mimic-fn@https://registry.npmjs.org/mimic-fn/-/mimic-fn-2.1.0.tgz 0ms (cache hit)
2733 http cache is-fullwidth-code-point@https://registry.npmjs.org/is-fullwidth-code-point/-/is-fullwidth-code-point-3.0.0.tgz 0ms (cache hit)
2734 http cache queue-microtask@https://registry.npmjs.org/queue-microtask/-/queue-microtask-1.2.3.tgz 0ms (cache hit)
2735 http cache onetime@https://registry.npmjs.org/onetime/-/onetime-5.1.2.tgz 0ms (cache hit)
2736 http cache shebang-regex@https://registry.npmjs.org/shebang-regex/-/shebang-regex-3.0.0.tgz 0ms (cache hit)
2737 http cache @protobufjs/utf8@https://registry.npmjs.org/@protobufjs/utf8/-/utf8-1.1.2.tgz 0ms (cache hit)
2738 http cache @protobufjs/path@https://registry.npmjs.org/@protobufjs/path/-/path-1.1.2.tgz 0ms (cache hit)
2739 http cache @protobufjs/pool@https://registry.npmjs.org/@protobufjs/pool/-/pool-1.1.0.tgz 0ms (cache hit)
2740 http cache @protobufjs/float@https://registry.npmjs.org/@protobufjs/float/-/float-1.0.2.tgz 0ms (cache hit)
2741 http cache @protobufjs/fetch@https://registry.npmjs.org/@protobufjs/fetch/-/fetch-1.1.1.tgz 0ms (cache hit)
2742 http cache @protobufjs/eventemitter@https://registry.npmjs.org/@protobufjs/eventemitter/-/eventemitter-1.1.1.tgz 0ms (cache hit)
2743 http cache signal-exit@https://registry.npmjs.org/signal-exit/-/signal-exit-3.0.7.tgz 0ms (cache hit)
2744 http cache @protobufjs/aspromise@https://registry.npmjs.org/@protobufjs/aspromise/-/aspromise-1.1.2.tgz 0ms (cache hit)
2745 http cache long@https://registry.npmjs.org/long/-/long-5.3.2.tgz 0ms (cache hit)
2746 http cache sisteransi@https://registry.npmjs.org/sisteransi/-/sisteransi-1.0.5.tgz 0ms (cache hit)
2747 http cache kleur@https://registry.npmjs.org/kleur/-/kleur-3.0.3.tgz 0ms (cache hit)
2748 http cache retry@https://registry.npmjs.org/retry/-/retry-0.12.0.tgz 0ms (cache hit)
2749 http cache @protobufjs/base64@https://registry.npmjs.org/@protobufjs/base64/-/base64-1.1.2.tgz 0ms (cache hit)
2750 http cache p-limit@https://registry.npmjs.org/p-limit/-/p-limit-2.3.0.tgz 0ms (cache hit)
2751 http cache p-locate@https://registry.npmjs.org/p-locate/-/p-locate-4.1.0.tgz 0ms (cache hit)
2752 http cache p-try@https://registry.npmjs.org/p-try/-/p-try-2.2.0.tgz 0ms (cache hit)
2753 http cache locate-path@https://registry.npmjs.org/locate-path/-/locate-path-5.0.0.tgz 0ms (cache hit)
2754 http cache path-exists@https://registry.npmjs.org/path-exists/-/path-exists-4.0.0.tgz 0ms (cache hit)
2755 http cache find-up@https://registry.npmjs.org/find-up/-/find-up-4.1.0.tgz 0ms (cache hit)
2756 http cache err-code@https://registry.npmjs.org/err-code/-/err-code-2.0.3.tgz 0ms (cache hit)
2757 http cache json-parse-better-errors@https://registry.npmjs.org/json-parse-better-errors/-/json-parse-better-errors-1.0.2.tgz 0ms (cache hit)
2758 http cache is-arrayish@https://registry.npmjs.org/is-arrayish/-/is-arrayish-0.2.1.tgz 0ms (cache hit)
2759 http cache error-ex@https://registry.npmjs.org/error-ex/-/error-ex-1.3.4.tgz 0ms (cache hit)
2760 http cache restore-cursor@https://registry.npmjs.org/restore-cursor/-/restore-cursor-3.1.0.tgz 0ms (cache hit)
2761 http cache wcwidth@https://registry.npmjs.org/wcwidth/-/wcwidth-1.0.1.tgz 0ms (cache hit)
2762 http cache cli-cursor@https://registry.npmjs.org/cli-cursor/-/cli-cursor-3.1.0.tgz 0ms (cache hit)
2763 http cache strip-ansi@https://registry.npmjs.org/strip-ansi/-/strip-ansi-6.0.1.tgz 0ms (cache hit)
2764 http cache mute-stream@https://registry.npmjs.org/mute-stream/-/mute-stream-0.0.8.tgz 0ms (cache hit)
2765 http cache is-wsl@https://registry.npmjs.org/is-wsl/-/is-wsl-2.2.0.tgz 0ms (cache hit)
2766 http cache define-lazy-prop@https://registry.npmjs.org/define-lazy-prop/-/define-lazy-prop-2.0.0.tgz 0ms (cache hit)
2767 http cache is-docker@https://registry.npmjs.org/is-docker/-/is-docker-2.2.1.tgz 0ms (cache hit)
2768 http cache validate-npm-package-name@https://registry.npmjs.org/validate-npm-package-name/-/validate-npm-package-name-5.0.1.tgz 0ms (cache hit)
2769 http cache proc-log@https://registry.npmjs.org/proc-log/-/proc-log-4.2.0.tgz 0ms (cache hit)
2770 http cache safer-buffer@https://registry.npmjs.org/safer-buffer/-/safer-buffer-2.1.2.tgz 0ms (cache hit)
2771 http cache hosted-git-info@https://registry.npmjs.org/hosted-git-info/-/hosted-git-info-7.0.2.tgz 0ms (cache hit)
2772 http cache rimraf@https://registry.npmjs.org/rimraf/-/rimraf-2.4.5.tgz 0ms (cache hit)
2773 http cache asn1@https://registry.npmjs.org/asn1/-/asn1-0.2.6.tgz 0ms (cache hit)
2774 http cache whatwg-url@https://registry.npmjs.org/whatwg-url/-/whatwg-url-5.0.0.tgz 0ms (cache hit)
2775 http cache is-interactive@https://registry.npmjs.org/is-interactive/-/is-interactive-1.0.0.tgz 0ms (cache hit)
2776 http cache minimist@https://registry.npmjs.org/minimist/-/minimist-1.2.8.tgz 0ms (cache hit)
2777 http cache ncp@https://registry.npmjs.org/ncp/-/ncp-2.0.0.tgz 0ms (cache hit)
2778 http cache balanced-match@https://registry.npmjs.org/balanced-match/-/balanced-match-1.0.2.tgz 0ms (cache hit)
2779 http cache brace-expansion@https://registry.npmjs.org/brace-expansion/-/brace-expansion-2.1.7.tgz 0ms (cache hit)
2780 http cache mkdirp@https://registry.npmjs.org/mkdirp/-/mkdirp-0.5.6.tgz 0ms (cache hit)
2781 http cache mime-db@https://registry.npmjs.org/mime-db/-/mime-db-1.52.0.tgz 0ms (cache hit)
2782 http cache to-regex-range@https://registry.npmjs.org/to-regex-range/-/to-regex-range-5.0.1.tgz 0ms (cache hit)
2783 http cache fill-range@https://registry.npmjs.org/fill-range/-/fill-range-7.1.1.tgz 0ms (cache hit)
2784 http cache picomatch@https://registry.npmjs.org/picomatch/-/picomatch-2.3.2.tgz 0ms (cache hit)
2785 http cache is-buffer@https://registry.npmjs.org/is-buffer/-/is-buffer-1.1.6.tgz 0ms (cache hit)
2786 http cache braces@https://registry.npmjs.org/braces/-/braces-3.0.3.tgz 0ms (cache hit)
2787 http cache yallist@https://registry.npmjs.org/yallist/-/yallist-3.1.1.tgz 0ms (cache hit)
2788 http cache charenc@https://registry.npmjs.org/charenc/-/charenc-0.0.2.tgz 0ms (cache hit)
2789 http cache is-unicode-supported@https://registry.npmjs.org/is-unicode-supported/-/is-unicode-supported-0.1.0.tgz 0ms (cache hit)
2790 http cache @sideway/formula@https://registry.npmjs.org/@sideway/formula/-/formula-3.0.1.tgz 0ms (cache hit)
2791 http cache @sideway/pinpoint@https://registry.npmjs.org/@sideway/pinpoint/-/pinpoint-2.0.0.tgz 0ms (cache hit)
2792 http cache @hapi/topo@https://registry.npmjs.org/@hapi/topo/-/topo-5.1.0.tgz 0ms (cache hit)
2793 http cache crypt@https://registry.npmjs.org/crypt/-/crypt-0.0.2.tgz 0ms (cache hit)
2794 http cache @hapi/hoek@https://registry.npmjs.org/@hapi/hoek/-/hoek-9.3.0.tgz 0ms (cache hit)
2795 http cache node-rsa@https://registry.npmjs.org/node-rsa/-/node-rsa-1.1.1.tgz 0ms (cache hit)
2796 http cache node-int64@https://registry.npmjs.org/node-int64/-/node-int64-0.4.0.tgz 0ms (cache hit)
2797 http cache async@https://registry.npmjs.org/async/-/async-3.2.6.tgz 0ms (cache hit)
2798 http cache is-extglob@https://registry.npmjs.org/is-extglob/-/is-extglob-2.1.1.tgz 0ms (cache hit)
2799 http cache loose-envify@https://registry.npmjs.org/loose-envify/-/loose-envify-1.4.0.tgz 0ms (cache hit)
2800 http cache filelist@https://registry.npmjs.org/filelist/-/filelist-1.0.6.tgz 0ms (cache hit)
2801 http cache @sideway/address@https://registry.npmjs.org/@sideway/address/-/address-4.1.5.tgz 0ms (cache hit)
2802 http cache is-stream@https://registry.npmjs.org/is-stream/-/is-stream-2.0.1.tgz 0ms (cache hit)
2803 http cache parse-json@https://registry.npmjs.org/parse-json/-/parse-json-4.0.0.tgz 0ms (cache hit)
2804 http cache is-retry-allowed@https://registry.npmjs.org/is-retry-allowed/-/is-retry-allowed-1.2.0.tgz 0ms (cache hit)
2805 http cache lodash.merge@https://registry.npmjs.org/lodash.merge/-/lodash.merge-4.6.2.tgz 0ms (cache hit)
2806 http cache is-glob@https://registry.npmjs.org/is-glob/-/is-glob-4.0.3.tgz 0ms (cache hit)
2807 http cache content-type@https://registry.npmjs.org/content-type/-/content-type-1.0.5.tgz 0ms (cache hit)
2808 http cache dunder-proto@https://registry.npmjs.org/dunder-proto/-/dunder-proto-1.0.1.tgz 0ms (cache hit)
2809 http cache path-scurry@https://registry.npmjs.org/path-scurry/-/path-scurry-2.0.2.tgz 0ms (cache hit)
2810 http cache tunnel-agent@https://registry.npmjs.org/tunnel-agent/-/tunnel-agent-0.6.0.tgz 0ms (cache hit)
2811 http cache has-symbols@https://registry.npmjs.org/has-symbols/-/has-symbols-1.1.0.tgz 0ms (cache hit)
2812 http cache get-proto@https://registry.npmjs.org/get-proto/-/get-proto-1.0.1.tgz 0ms (cache hit)
2813 http cache gopd@https://registry.npmjs.org/gopd/-/gopd-1.2.0.tgz 0ms (cache hit)
2814 http cache minipass@https://registry.npmjs.org/minipass/-/minipass-7.1.3.tgz 0ms (cache hit)
2815 http cache es-object-atoms@https://registry.npmjs.org/es-object-atoms/-/es-object-atoms-1.1.2.tgz 0ms (cache hit)
2816 http cache es-define-property@https://registry.npmjs.org/es-define-property/-/es-define-property-1.0.1.tgz 0ms (cache hit)
2817 http cache function-bind@https://registry.npmjs.org/function-bind/-/function-bind-1.1.2.tgz 0ms (cache hit)
2818 http cache call-bind-apply-helpers@https://registry.npmjs.org/call-bind-apply-helpers/-/call-bind-apply-helpers-1.0.2.tgz 0ms (cache hit)
2819 http cache math-intrinsics@https://registry.npmjs.org/math-intrinsics/-/math-intrinsics-1.1.0.tgz 0ms (cache hit)
2820 http cache agent-base@https://registry.npmjs.org/agent-base/-/agent-base-7.1.4.tgz 0ms (cache hit)
2821 http cache get-intrinsic@https://registry.npmjs.org/get-intrinsic/-/get-intrinsic-1.3.0.tgz 0ms (cache hit)
2822 http cache universalify@https://registry.npmjs.org/universalify/-/universalify-2.0.1.tgz 0ms (cache hit)
2823 http cache has-tostringtag@https://registry.npmjs.org/has-tostringtag/-/has-tostringtag-1.0.2.tgz 0ms (cache hit)
2824 http cache delayed-stream@https://registry.npmjs.org/delayed-stream/-/delayed-stream-1.0.0.tgz 0ms (cache hit)
2825 http cache hasown@https://registry.npmjs.org/hasown/-/hasown-2.0.4.tgz 0ms (cache hit)
2826 http cache es-set-tostringtag@https://registry.npmjs.org/es-set-tostringtag/-/es-set-tostringtag-2.1.0.tgz 0ms (cache hit)
2827 http cache combined-stream@https://registry.npmjs.org/combined-stream/-/combined-stream-1.0.8.tgz 0ms (cache hit)
2828 http cache es-errors@https://registry.npmjs.org/es-errors/-/es-errors-1.3.0.tgz 0ms (cache hit)
2829 http cache mime-types@https://registry.npmjs.org/mime-types/-/mime-types-2.1.35.tgz 0ms (cache hit)
2830 http cache asynckit@https://registry.npmjs.org/asynckit/-/asynckit-0.4.0.tgz 0ms (cache hit)
2831 http cache reusify@https://registry.npmjs.org/reusify/-/reusify-1.1.0.tgz 0ms (cache hit)
2832 http cache jsonfile@https://registry.npmjs.org/jsonfile/-/jsonfile-6.2.1.tgz 0ms (cache hit)
2833 http cache @nodelib/fs.scandir@https://registry.npmjs.org/@nodelib/fs.scandir/-/fs.scandir-2.1.5.tgz 0ms (cache hit)
2834 http cache micromatch@https://registry.npmjs.org/micromatch/-/micromatch-4.0.8.tgz 0ms (cache hit)
2835 http cache fastq@https://registry.npmjs.org/fastq/-/fastq-1.20.3.tgz 0ms (cache hit)
2836 http cache run-parallel@https://registry.npmjs.org/run-parallel/-/run-parallel-1.2.0.tgz 0ms (cache hit)
2837 http cache @nodelib/fs.walk@https://registry.npmjs.org/@nodelib/fs.walk/-/fs.walk-1.2.8.tgz 0ms (cache hit)
2838 http cache jake@https://registry.npmjs.org/jake/-/jake-10.9.4.tgz 0ms (cache hit)
2839 http cache glob-parent@https://registry.npmjs.org/glob-parent/-/glob-parent-5.1.2.tgz 0ms (cache hit)
2840 http cache merge2@https://registry.npmjs.org/merge2/-/merge2-1.4.1.tgz 0ms (cache hit)
2841 http cache path-key@https://registry.npmjs.org/path-key/-/path-key-3.1.1.tgz 0ms (cache hit)
2842 http cache ms@https://registry.npmjs.org/ms/-/ms-2.1.3.tgz 0ms (cache hit)
2843 http cache shebang-command@https://registry.npmjs.org/shebang-command/-/shebang-command-2.0.0.tgz 0ms (cache hit)
2844 http cache nan@https://registry.npmjs.org/nan/-/nan-2.29.0.tgz 0ms (cache hit)
2845 http cache color-name@https://registry.npmjs.org/color-name/-/color-name-1.1.4.tgz 0ms (cache hit)
2846 http cache escape-string-regexp@https://registry.npmjs.org/escape-string-regexp/-/escape-string-regexp-4.0.0.tgz 0ms (cache hit)
2847 http cache which@https://registry.npmjs.org/which/-/which-2.0.2.tgz 0ms (cache hit)
2848 http cache ansi-styles@https://registry.npmjs.org/ansi-styles/-/ansi-styles-4.3.0.tgz 0ms (cache hit)
2849 http cache protobufjs@https://registry.npmjs.org/protobufjs/-/protobufjs-7.6.6.tgz 0ms (cache hit)
2850 http cache @nodelib/fs.stat@https://registry.npmjs.org/@nodelib/fs.stat/-/fs.stat-2.0.5.tgz 0ms (cache hit)
2851 http cache graceful-fs@https://registry.npmjs.org/graceful-fs/-/graceful-fs-4.2.11.tgz 0ms (cache hit)
2852 http cache mv@https://registry.npmjs.org/mv/-/mv-2.1.1.tgz 0ms (cache hit)
2853 http cache events@https://registry.npmjs.org/events/-/events-3.3.0.tgz 0ms (cache hit)
2854 http cache safe-json-stringify@https://registry.npmjs.org/safe-json-stringify/-/safe-json-stringify-1.2.0.tgz 0ms (cache hit)
2855 http cache dtrace-provider@https://registry.npmjs.org/dtrace-provider/-/dtrace-provider-0.8.8.tgz 0ms (cache hit)
2856 http cache moment@https://registry.npmjs.org/moment/-/moment-2.31.0.tgz 0ms (cache hit)
2857 http cache node-releases@https://registry.npmjs.org/node-releases/-/node-releases-2.0.57.tgz 0ms (cache hit)
2858 http cache update-browserslist-db@https://registry.npmjs.org/update-browserslist-db/-/update-browserslist-db-1.3.3.tgz 0ms (cache hit)
2859 http cache electron-to-chromium@https://registry.npmjs.org/electron-to-chromium/-/electron-to-chromium-1.5.449.tgz 0ms (cache hit)
2860 http cache big-integer@https://registry.npmjs.org/big-integer/-/big-integer-1.6.52.tgz 0ms (cache hit)
2861 http cache baseline-browser-mapping@https://registry.npmjs.org/baseline-browser-mapping/-/baseline-browser-mapping-2.11.27.tgz 0ms (cache hit)
2862 http cache require-from-string@https://registry.npmjs.org/require-from-string/-/require-from-string-2.0.2.tgz 0ms (cache hit)
2863 http cache caniuse-lite@https://registry.npmjs.org/caniuse-lite/-/caniuse-lite-1.0.30001815.tgz 0ms (cache hit)
2864 http cache type-fest@https://registry.npmjs.org/type-fest/-/type-fest-0.21.3.tgz 0ms (cache hit)
2865 http cache uri-js@https://registry.npmjs.org/uri-js/-/uri-js-4.4.1.tgz 0ms (cache hit)
2866 http cache wonka@https://registry.npmjs.org/wonka/-/wonka-6.3.6.tgz 0ms (cache hit)
2867 http cache @0no-co/graphql.web@https://registry.npmjs.org/@0no-co/graphql.web/-/graphql.web-1.3.4.tgz 0ms (cache hit)
2868 http cache json-schema-traverse@https://registry.npmjs.org/json-schema-traverse/-/json-schema-traverse-1.0.0.tgz 0ms (cache hit)
2869 http cache undici-types@https://registry.npmjs.org/undici-types/-/undici-types-8.9.0.tgz 0ms (cache hit)
2870 http cache @sentry/utils@https://registry.npmjs.org/@sentry/utils/-/utils-7.77.0.tgz 0ms (cache hit)
2871 http cache @types/node@https://registry.npmjs.org/@types/node/-/node-26.6.4.tgz 0ms (cache hit)
2872 http cache join-component@https://registry.npmjs.org/join-component/-/join-component-1.1.0.tgz 0ms (cache hit)
2873 http cache @sentry/core@https://registry.npmjs.org/@sentry/core/-/core-7.77.0.tgz 0ms (cache hit)
2874 http cache component-type@https://registry.npmjs.org/component-type/-/component-type-1.2.2.tgz 0ms (cache hit)
2875 http cache wsl-utils@https://registry.npmjs.org/wsl-utils/-/wsl-utils-0.4.0.tgz 0ms (cache hit)
2876 http cache color-convert@https://registry.npmjs.org/color-convert/-/color-convert-2.0.1.tgz 0ms (cache hit)
2877 http cache wordwrap@https://registry.npmjs.org/wordwrap/-/wordwrap-1.0.0.tgz 0ms (cache hit)
2878 http cache @sentry-internal/tracing@https://registry.npmjs.org/@sentry-internal/tracing/-/tracing-7.77.0.tgz 0ms (cache hit)
2879 http cache tinyglobby@https://registry.npmjs.org/tinyglobby/-/tinyglobby-0.2.17.tgz 0ms (cache hit)
2880 http cache @sentry/types@https://registry.npmjs.org/@sentry/types/-/types-7.77.0.tgz 0ms (cache hit)
2881 http cache widest-line@https://registry.npmjs.org/widest-line/-/widest-line-3.1.0.tgz 0ms (cache hit)
2882 http cache lilconfig@https://registry.npmjs.org/lilconfig/-/lilconfig-3.1.3.tgz 0ms (cache hit)
2883 http cache cli-spinners@https://registry.npmjs.org/cli-spinners/-/cli-spinners-2.9.2.tgz 0ms (cache hit)
2884 http cache clean-stack@https://registry.npmjs.org/clean-stack/-/clean-stack-3.0.1.tgz 0ms (cache hit)
2885 http cache ansis@https://registry.npmjs.org/ansis/-/ansis-3.17.0.tgz 0ms (cache hit)
2886 http cache @jridgewell/resolve-uri@https://registry.npmjs.org/@jridgewell/resolve-uri/-/resolve-uri-3.1.2.tgz 0ms (cache hit)
2887 http cache supports-color@https://registry.npmjs.org/supports-color/-/supports-color-8.1.1.tgz 0ms (cache hit)
2888 http cache @jridgewell/sourcemap-codec@https://registry.npmjs.org/@jridgewell/sourcemap-codec/-/sourcemap-codec-1.6.0.tgz 0ms (cache hit)
2889 http cache get-package-type@https://registry.npmjs.org/get-package-type/-/get-package-type-0.1.0.tgz 0ms (cache hit)
2890 http cache string-width@https://registry.npmjs.org/string-width/-/string-width-4.2.3.tgz 0ms (cache hit)
2891 http cache lodash.clonedeep@https://registry.npmjs.org/lodash.clonedeep/-/lodash.clonedeep-4.5.0.tgz 0ms (cache hit)
2892 http cache jsep@https://registry.npmjs.org/jsep/-/jsep-1.4.0.tgz 0ms (cache hit)
2893 http cache ansi-escapes@https://registry.npmjs.org/ansi-escapes/-/ansi-escapes-4.3.2.tgz 0ms (cache hit)
2894 http cache cross-spawn@https://registry.npmjs.org/cross-spawn/-/cross-spawn-7.0.6.tgz 0ms (cache hit)
2895 http cache remove-trailing-slash@https://registry.npmjs.org/remove-trailing-slash/-/remove-trailing-slash-0.1.1.tgz 0ms (cache hit)
2896 http cache md5@https://registry.npmjs.org/md5/-/md5-2.3.0.tgz 0ms (cache hit)
2897 http cache fetch-retry@https://registry.npmjs.org/fetch-retry/-/fetch-retry-4.1.1.tgz 0ms (cache hit)
2898 http cache @expo/bunyan@https://registry.npmjs.org/@expo/bunyan/-/bunyan-4.0.1.tgz 0ms (cache hit)
2899 http cache @segment/loosely-validate-event@https://registry.npmjs.org/@segment/loosely-validate-event/-/loosely-validate-event-2.0.0.tgz 0ms (cache hit)
2900 http cache @babel/helper-string-parser@https://registry.npmjs.org/@babel/helper-string-parser/-/helper-string-parser-7.29.7.tgz 0ms (cache hit)
2901 http cache @babel/helper-globals@https://registry.npmjs.org/@babel/helper-globals/-/helper-globals-7.29.7.tgz 0ms (cache hit)
2902 http cache arg@https://registry.npmjs.org/arg/-/arg-5.0.2.tgz 0ms (cache hit)
2903 http cache @babel/helper-module-imports@https://registry.npmjs.org/@babel/helper-module-imports/-/helper-module-imports-7.29.7.tgz 0ms (cache hit)
2904 http cache lru-cache@https://registry.npmjs.org/lru-cache/-/lru-cache-5.1.1.tgz 0ms (cache hit)
2905 http cache @babel/helper-validator-option@https://registry.npmjs.org/@babel/helper-validator-option/-/helper-validator-option-7.29.7.tgz 0ms (cache hit)
2906 http cache @babel/compat-data@https://registry.npmjs.org/@babel/compat-data/-/compat-data-7.29.7.tgz 0ms (cache hit)
2907 http cache jsesc@https://registry.npmjs.org/jsesc/-/jsesc-3.1.0.tgz 0ms (cache hit)
2908 http cache @babel/helper-plugin-utils@https://registry.npmjs.org/@babel/helper-plugin-utils/-/helper-plugin-utils-7.29.7.tgz 0ms (cache hit)
2909 http cache @jridgewell/trace-mapping@https://registry.npmjs.org/@jridgewell/trace-mapping/-/trace-mapping-0.3.31.tgz 0ms (cache hit)
2910 http cache gensync@https://registry.npmjs.org/gensync/-/gensync-1.0.0-beta.2.tgz 0ms (cache hit)
2911 http cache browserslist@https://registry.npmjs.org/browserslist/-/browserslist-4.29.3.tgz 0ms (cache hit)
2912 http cache convert-source-map@https://registry.npmjs.org/convert-source-map/-/convert-source-map-2.0.0.tgz 0ms (cache hit)
2913 http cache @jridgewell/remapping@https://registry.npmjs.org/@jridgewell/remapping/-/remapping-2.3.5.tgz 0ms (cache hit)
2914 http cache @babel/template@https://registry.npmjs.org/@babel/template/-/template-7.29.7.tgz 0ms (cache hit)
2915 http cache @babel/types@https://registry.npmjs.org/@babel/types/-/types-7.29.8.tgz 0ms (cache hit)
2916 http cache @babel/parser@https://registry.npmjs.org/@babel/parser/-/parser-7.29.9.tgz 0ms (cache hit)
2917 http cache @babel/helpers@https://registry.npmjs.org/@babel/helpers/-/helpers-7.29.10.tgz 1ms (cache hit)
2918 http cache @jridgewell/gen-mapping@https://registry.npmjs.org/@jridgewell/gen-mapping/-/gen-mapping-0.3.13.tgz 0ms (cache hit)
2919 http cache @babel/generator@https://registry.npmjs.org/@babel/generator/-/generator-7.29.8.tgz 0ms (cache hit)
2920 http cache @babel/plugin-transform-modules-commonjs@https://registry.npmjs.org/@babel/plugin-transform-modules-commonjs/-/plugin-transform-modules-commonjs-7.29.7.tgz 0ms (cache hit)
2921 http cache @babel/helper-module-transforms@https://registry.npmjs.org/@babel/helper-module-transforms/-/helper-module-transforms-7.29.7.tgz 0ms (cache hit)
2922 http cache @babel/helper-compilation-targets@https://registry.npmjs.org/@babel/helper-compilation-targets/-/helper-compilation-targets-7.29.7.tgz 0ms (cache hit)
2923 http cache @babel/traverse@https://registry.npmjs.org/@babel/traverse/-/traverse-7.29.10.tgz 0ms (cache hit)
2924 http cache @babel/core@https://registry.npmjs.org/@babel/core/-/core-7.29.7.tgz 0ms (cache hit)
2925 http cache temp-dir@https://registry.npmjs.org/temp-dir/-/temp-dir-2.0.0.tgz 0ms (cache hit)
2926 http cache @react-native/normalize-colors@https://registry.npmjs.org/@react-native/normalize-colors/-/normalize-colors-0.79.6.tgz 0ms (cache hit)
2927 http cache jimp-compact@https://registry.npmjs.org/jimp-compact/-/jimp-compact-0.16.1.tgz 0ms (cache hit)
2928 http cache @protobufjs/codegen@https://registry.npmjs.org/@protobufjs/codegen/-/codegen-2.0.5.tgz 0ms (cache hit)
2929 http cache @expo/image-utils@https://registry.npmjs.org/@expo/image-utils/-/image-utils-0.7.6.tgz 0ms (cache hit)
2930 http cache parse-png@https://registry.npmjs.org/parse-png/-/parse-png-2.1.0.tgz 0ms (cache hit)
2931 http cache http-call@https://registry.npmjs.org/http-call/-/http-call-5.3.0.tgz 0ms (cache hit)
2932 http cache xmlbuilder@https://registry.npmjs.org/xmlbuilder/-/xmlbuilder-15.1.1.tgz 0ms (cache hit)
2933 http cache ejs@https://registry.npmjs.org/ejs/-/ejs-3.1.10.tgz 0ms (cache hit)
2934 http cache @xmldom/xmldom@https://registry.npmjs.org/@xmldom/xmldom/-/xmldom-0.8.15.tgz 0ms (cache hit)
2935 http cache exec-async@https://registry.npmjs.org/exec-async/-/exec-async-2.2.0.tgz 0ms (cache hit)
2936 http cache npm-package-arg@https://registry.npmjs.org/npm-package-arg/-/npm-package-arg-11.0.3.tgz 0ms (cache hit)
2937 http cache multipasta@https://registry.npmjs.org/multipasta/-/multipasta-0.2.8.tgz 0ms (cache hit)
2938 http cache @types/bunyan@https://registry.npmjs.org/@types/bunyan/-/bunyan-1.8.11.tgz 0ms (cache hit)
2939 http cache bunyan@https://registry.npmjs.org/bunyan/-/bunyan-1.8.15.tgz 0ms (cache hit)
2940 http cache write-file-atomic@https://registry.npmjs.org/write-file-atomic/-/write-file-atomic-2.4.3.tgz 0ms (cache hit)
2941 http cache base64-js@https://registry.npmjs.org/base64-js/-/base64-js-1.5.1.tgz 0ms (cache hit)
2942 http cache dotenv-expand@https://registry.npmjs.org/dotenv-expand/-/dotenv-expand-11.0.7.tgz 0ms (cache hit)
2943 http cache json5@https://registry.npmjs.org/json5/-/json5-2.2.3.tgz 0ms (cache hit)
2944 http cache js-tokens@https://registry.npmjs.org/js-tokens/-/js-tokens-4.0.0.tgz 0ms (cache hit)
2945 http cache @babel/helper-validator-identifier@https://registry.npmjs.org/@babel/helper-validator-identifier/-/helper-validator-identifier-7.29.7.tgz 0ms (cache hit)
2946 http cache golden-fleece@https://registry.npmjs.org/golden-fleece/-/golden-fleece-1.0.9.tgz 0ms (cache hit)
2947 http cache picocolors@https://registry.npmjs.org/picocolors/-/picocolors-1.1.1.tgz 0ms (cache hit)
2948 http cache @babel/code-frame@https://registry.npmjs.org/@babel/code-frame/-/code-frame-7.23.5.tgz 0ms (cache hit)
2949 http cache unique-string@https://registry.npmjs.org/unique-string/-/unique-string-2.0.0.tgz 0ms (cache hit)
2950 http cache env-string@https://registry.npmjs.org/env-string/-/env-string-1.0.1.tgz 0ms (cache hit)
2951 http cache @expo/turtle-spawn@https://registry.npmjs.org/@expo/turtle-spawn/-/turtle-spawn-24.8.0.tgz 0ms (cache hit)
2952 http cache xcode@https://registry.npmjs.org/xcode/-/xcode-3.0.1.tgz 0ms (cache hit)
2953 http cache @expo/sdk-runtime-versions@https://registry.npmjs.org/@expo/sdk-runtime-versions/-/sdk-runtime-versions-1.0.1.tgz 0ms (cache hit)
2954 http cache resolve-workspace-root@https://registry.npmjs.org/resolve-workspace-root/-/resolve-workspace-root-2.0.1.tgz 0ms (cache hit)
2955 http cache glob@https://registry.npmjs.org/glob/-/glob-13.0.6.tgz 0ms (cache hit)
2956 http cache deepmerge@https://registry.npmjs.org/deepmerge/-/deepmerge-4.3.1.tgz 0ms (cache hit)
2957 http cache slugify@https://registry.npmjs.org/slugify/-/slugify-1.6.9.tgz 0ms (cache hit)
2958 http cache @expo/require-utils@https://registry.npmjs.org/@expo/require-utils/-/require-utils-55.0.8.tgz 0ms (cache hit)
2959 http cache @expo/config-types@https://registry.npmjs.org/@expo/config-types/-/config-types-55.0.6.tgz 0ms (cache hit)
2960 http cache xml2js@https://registry.npmjs.org/xml2js/-/xml2js-0.6.0.tgz 0ms (cache hit)
2961 http cache zod@https://registry.npmjs.org/zod/-/zod-4.6.5.tgz 0ms (cache hit)
2962 http cache yaml@https://registry.npmjs.org/yaml/-/yaml-2.6.0.tgz 0ms (cache hit)
2963 http cache ws@https://registry.npmjs.org/ws/-/ws-8.21.1.tgz 0ms (cache hit)
2964 http cache uuid@https://registry.npmjs.org/uuid/-/uuid-11.1.1.tgz 0ms (cache hit)
2965 http cache turndown@https://registry.npmjs.org/turndown/-/turndown-7.1.2.tgz 0ms (cache hit)
2966 http cache untildify@https://registry.npmjs.org/untildify/-/untildify-4.0.0.tgz 0ms (cache hit)
2967 http cache tslib@https://registry.npmjs.org/tslib/-/tslib-2.6.2.tgz 0ms (cache hit)
2968 http cache ts-deepmerge@https://registry.npmjs.org/ts-deepmerge/-/ts-deepmerge-6.2.0.tgz 0ms (cache hit)
2969 http cache tar-stream@https://registry.npmjs.org/tar-stream/-/tar-stream-3.1.7.tgz 0ms (cache hit)
2970 http cache wrap-ansi@https://registry.npmjs.org/wrap-ansi/-/wrap-ansi-7.0.0.tgz 0ms (cache hit)
2971 http cache slash@https://registry.npmjs.org/slash/-/slash-3.0.0.tgz 0ms (cache hit)
2972 http cache set-interval-async@https://registry.npmjs.org/set-interval-async/-/set-interval-async-3.0.3.tgz 0ms (cache hit)
2973 http cache sandbox-cli-detector@https://registry.npmjs.org/sandbox-cli-detector/-/sandbox-cli-detector-0.2.0.tgz 0ms (cache hit)
2974 http cache semver@https://registry.npmjs.org/semver/-/semver-7.5.4.tgz 0ms (cache hit)
2975 http cache tar@https://registry.npmjs.org/tar/-/tar-7.5.19.tgz 0ms (cache hit)
2976 http cache qrcode-terminal@https://registry.npmjs.org/qrcode-terminal/-/qrcode-terminal-0.12.0.tgz 0ms (cache hit)
2977 http cache @babel/highlight@https://registry.npmjs.org/@babel/highlight/-/highlight-7.25.9.tgz 0ms (cache hit)
2978 http cache promise-retry@https://registry.npmjs.org/promise-retry/-/promise-retry-2.0.1.tgz 0ms (cache hit)
2979 http cache promise-limit@https://registry.npmjs.org/promise-limit/-/promise-limit-2.7.0.tgz 0ms (cache hit)
2980 http cache prompts@https://registry.npmjs.org/prompts/-/prompts-2.4.2.tgz 0ms (cache hit)
2981 http cache open@https://registry.npmjs.org/open/-/open-8.4.0.tgz 0ms (cache hit)
2982 http cache pkg-dir@https://registry.npmjs.org/pkg-dir/-/pkg-dir-4.2.0.tgz 0ms (cache hit)
2983 http cache pngjs@https://registry.npmjs.org/pngjs/-/pngjs-7.0.0.tgz 0ms (cache hit)
2984 http cache nullthrows@https://registry.npmjs.org/nullthrows/-/nullthrows-1.1.1.tgz 0ms (cache hit)
2985 http cache node-forge@https://registry.npmjs.org/node-forge/-/node-forge-1.4.0.tgz 0ms (cache hit)
2986 http cache nanoid@https://registry.npmjs.org/nanoid/-/nanoid-3.3.8.tgz 0ms (cache hit)
2987 http cache ora@https://registry.npmjs.org/ora/-/ora-5.1.0.tgz 0ms (cache hit)
2988 http cache minizlib@https://registry.npmjs.org/minizlib/-/minizlib-3.1.0.tgz 0ms (cache hit)
2989 http cache minimatch@https://registry.npmjs.org/minimatch/-/minimatch-5.1.2.tgz 0ms (cache hit)
2990 http cache node-fetch@https://registry.npmjs.org/node-fetch/-/node-fetch-2.6.7.tgz 0ms (cache hit)
2991 http cache log-symbols@https://registry.npmjs.org/log-symbols/-/log-symbols-4.1.0.tgz 0ms (cache hit)
2992 http cache keychain@https://registry.npmjs.org/keychain/-/keychain-1.5.0.tgz 0ms (cache hit)
2993 http cache node-stream-zip@https://registry.npmjs.org/node-stream-zip/-/node-stream-zip-1.15.0.tgz 0ms (cache hit)
2994 http cache mime@https://registry.npmjs.org/mime/-/mime-3.0.0.tgz 0ms (cache hit)
2995 http cache joi@https://registry.npmjs.org/joi/-/joi-17.11.0.tgz 0ms (cache hit)
2996 http cache invariant@https://registry.npmjs.org/invariant/-/invariant-2.2.4.tgz 0ms (cache hit)
2997 http cache indent-string@https://registry.npmjs.org/indent-string/-/indent-string-4.0.0.tgz 0ms (cache hit)
2998 http cache resolve-from@https://registry.npmjs.org/resolve-from/-/resolve-from-5.0.0.tgz 0ms (cache hit)
2999 http cache ignore@https://registry.npmjs.org/ignore/-/ignore-5.3.0.tgz 0ms (cache hit)
3000 http cache https-proxy-agent@https://registry.npmjs.org/https-proxy-agent/-/https-proxy-agent-7.0.6.tgz 0ms (cache hit)
3001 http cache graphql-tag@https://registry.npmjs.org/graphql-tag/-/graphql-tag-2.12.6.tgz 0ms (cache hit)
3002 http cache graphql@https://registry.npmjs.org/graphql/-/graphql-16.8.1.tgz 0ms (cache hit)
3003 http cache gradle-to-js@https://registry.npmjs.org/gradle-to-js/-/gradle-to-js-2.0.1.tgz 0ms (cache hit)
3004 http cache getenv@https://registry.npmjs.org/getenv/-/getenv-1.0.0.tgz 0ms (cache hit)
3005 http cache fs-extra@https://registry.npmjs.org/fs-extra/-/fs-extra-11.2.0.tgz 0ms (cache hit)
3006 http cache form-data@https://registry.npmjs.org/form-data/-/form-data-4.0.6.tgz 0ms (cache hit)
3007 http cache figures@https://registry.npmjs.org/figures/-/figures-3.2.0.tgz 0ms (cache hit)
3008 http cache fast-glob@https://registry.npmjs.org/fast-glob/-/fast-glob-3.3.2.tgz 0ms (cache hit)
3009 http cache fast-deep-equal@https://registry.npmjs.org/fast-deep-equal/-/fast-deep-equal-3.1.3.tgz 0ms (cache hit)
3010 http cache envinfo@https://registry.npmjs.org/envinfo/-/envinfo-7.11.0.tgz 0ms (cache hit)
3011 http cache env-paths@https://registry.npmjs.org/env-paths/-/env-paths-2.2.0.tgz 0ms (cache hit)
3012 http cache dotenv@https://registry.npmjs.org/dotenv/-/dotenv-16.3.1.tgz 0ms (cache hit)
3013 http cache debug@https://registry.npmjs.org/debug/-/debug-4.4.3.tgz 0ms (cache hit)
3014 http cache diff@https://registry.npmjs.org/diff/-/diff-7.0.0.tgz 0ms (cache hit)
3015 http cache dateformat@https://registry.npmjs.org/dateformat/-/dateformat-4.6.3.tgz 0ms (cache hit)
3016 http cache cli-progress@https://registry.npmjs.org/cli-progress/-/cli-progress-3.12.0.tgz 0ms (cache hit)
3017 http cache centrifuge@https://registry.npmjs.org/centrifuge/-/centrifuge-5.7.1.tgz 0ms (cache hit)
3018 http cache chalk@https://registry.npmjs.org/chalk/-/chalk-4.1.2.tgz 0ms (cache hit)
3019 http cache bplist-parser@https://registry.npmjs.org/bplist-parser/-/bplist-parser-0.3.2.tgz 0ms (cache hit)
3020 http cache better-opn@https://registry.npmjs.org/better-opn/-/better-opn-3.0.2.tgz 0ms (cache hit)
3021 http cache ajv-formats@https://registry.npmjs.org/ajv-formats/-/ajv-formats-2.1.1.tgz 0ms (cache hit)
3022 http cache agent-cli-detector@https://registry.npmjs.org/agent-cli-detector/-/agent-cli-detector-0.1.7.tgz 0ms (cache hit)
3023 http cache @urql/exchange-retry@https://registry.npmjs.org/@urql/exchange-retry/-/exchange-retry-1.2.0.tgz 0ms (cache hit)
3024 http cache @sentry/node@https://registry.npmjs.org/@sentry/node/-/node-7.77.0.tgz 0ms (cache hit)
3025 http cache ajv@https://registry.npmjs.org/ajv/-/ajv-8.11.0.tgz 0ms (cache hit)
3026 http cache @segment/ajv-human-errors@https://registry.npmjs.org/@segment/ajv-human-errors/-/ajv-human-errors-2.16.0.tgz 0ms (cache hit)
3027 http cache @oclif/plugin-autocomplete@https://registry.npmjs.org/@oclif/plugin-autocomplete/-/plugin-autocomplete-3.3.0.tgz 0ms (cache hit)
3028 http cache @oclif/core@https://registry.npmjs.org/@oclif/core/-/core-4.14.0.tgz 0ms (cache hit)
3029 http cache @expo/timeago.js@https://registry.npmjs.org/@expo/timeago.js/-/timeago.js-1.0.0.tgz 0ms (cache hit)
3030 http cache @expo/steps@https://registry.npmjs.org/@expo/steps/-/steps-24.9.0.tgz 0ms (cache hit)
3031 http cache @expo/rudder-sdk-node@https://registry.npmjs.org/@expo/rudder-sdk-node/-/rudder-sdk-node-1.1.1.tgz 0ms (cache hit)
3032 http cache @expo/spawn-async@https://registry.npmjs.org/@expo/spawn-async/-/spawn-async-1.7.2.tgz 0ms (cache hit)
3033 http cache @expo/results@https://registry.npmjs.org/@expo/results/-/results-1.0.0.tgz 0ms (cache hit)
3034 http cache @expo/plugin-warn-if-update-available@https://registry.npmjs.org/@expo/plugin-warn-if-update-available/-/plugin-warn-if-update-available-2.5.1.tgz 0ms (cache hit)
3035 http cache @expo/plugin-help@https://registry.npmjs.org/@expo/plugin-help/-/plugin-help-5.1.23.tgz 0ms (cache hit)
3036 http cache @expo/plist@https://registry.npmjs.org/@expo/plist/-/plist-0.3.5.tgz 0ms (cache hit)
3037 http cache @expo/prebuild-config@https://registry.npmjs.org/@expo/prebuild-config/-/prebuild-config-9.0.12.tgz 0ms (cache hit)
3038 http cache @expo/pkcs12@https://registry.npmjs.org/@expo/pkcs12/-/pkcs12-0.1.3.tgz 0ms (cache hit)
3039 http cache @expo/package-manager@https://registry.npmjs.org/@expo/package-manager/-/package-manager-1.9.10.tgz 0ms (cache hit)
3040 http cache @expo/logger@https://registry.npmjs.org/@expo/logger/-/logger-24.8.0.tgz 0ms (cache hit)
3041 http cache @urql/core@https://registry.npmjs.org/@urql/core/-/core-4.0.11.tgz 0ms (cache hit)
3042 http cache @expo/osascript@https://registry.npmjs.org/@expo/osascript/-/osascript-2.1.4.tgz 0ms (cache hit)
3043 http cache @expo/env@https://registry.npmjs.org/@expo/env/-/env-1.0.7.tgz 0ms (cache hit)
3044 http cache @expo/config-plugins@https://registry.npmjs.org/@expo/config-plugins/-/config-plugins-55.0.7.tgz 0ms (cache hit)
3045 http cache jks-js@https://registry.npmjs.org/jks-js/-/jks-js-1.1.0.tgz 0ms (cache hit)
3046 http cache @expo/config@https://registry.npmjs.org/@expo/config/-/config-55.0.10.tgz 0ms (cache hit)
3047 http cache @expo/eas-build-job@https://registry.npmjs.org/@expo/eas-build-job/-/eas-build-job-24.9.0.tgz 0ms (cache hit)
3048 http cache @expo/code-signing-certificates@https://registry.npmjs.org/@expo/code-signing-certificates/-/code-signing-certificates-0.0.5.tgz 0ms (cache hit)
3049 http cache @expo/apple-utils@https://registry.npmjs.org/@expo/apple-utils/-/apple-utils-2.2.1.tgz 0ms (cache hit)
3050 http cache @expo/json-file@https://registry.npmjs.org/@expo/json-file/-/json-file-8.3.3.tgz 0ms (cache hit)
3051 http cache eas-cli@https://registry.npmjs.org/eas-cli/-/eas-cli-24.11.0.tgz 0ms (cache hit)
3052 http cache is-docker@https://registry.npmjs.org/is-docker/-/is-docker-3.0.0.tgz 0ms (cache hit)
3053 http cache ansi-regex@https://registry.npmjs.org/ansi-regex/-/ansi-regex-6.4.0.tgz 0ms (cache hit)
3054 http cache ansi-styles@https://registry.npmjs.org/ansi-styles/-/ansi-styles-6.2.3.tgz 0ms (cache hit)
3055 http cache emoji-regex@https://registry.npmjs.org/emoji-regex/-/emoji-regex-9.2.2.tgz 0ms (cache hit)
3056 http cache wrap-ansi@https://registry.npmjs.org/wrap-ansi/-/wrap-ansi-8.1.0.tgz 0ms (cache hit)
3057 http cache string-width@https://registry.npmjs.org/string-width/-/string-width-5.1.2.tgz 0ms (cache hit)
3058 http cache terminal-link@https://registry.npmjs.org/terminal-link/-/terminal-link-2.1.1.tgz 0ms (cache hit)
3059 http cache strip-ansi@https://registry.npmjs.org/strip-ansi/-/strip-ansi-7.2.0.tgz 0ms (cache hit)
3060 http cache signal-exit@https://registry.npmjs.org/signal-exit/-/signal-exit-4.1.0.tgz 0ms (cache hit)
3061 http cache path-scurry@https://registry.npmjs.org/path-scurry/-/path-scurry-1.11.1.tgz 0ms (cache hit)
3062 http cache minimatch@https://registry.npmjs.org/minimatch/-/minimatch-9.0.9.tgz 0ms (cache hit)
3063 http cache glob@https://registry.npmjs.org/glob/-/glob-10.5.0.tgz 0ms (cache hit)
3064 http cache diff@https://registry.npmjs.org/diff/-/diff-4.0.4.tgz 0ms (cache hit)
3065 http cache @jridgewell/trace-mapping@https://registry.npmjs.org/@jridgewell/trace-mapping/-/trace-mapping-0.3.9.tgz 0ms (cache hit)
3066 http cache lru-cache@https://registry.npmjs.org/lru-cache/-/lru-cache-10.4.3.tgz 0ms (cache hit)
3067 http cache bplist-parser@https://registry.npmjs.org/bplist-parser/-/bplist-parser-0.3.1.tgz 0ms (cache hit)
3068 http cache arg@https://registry.npmjs.org/arg/-/arg-4.1.3.tgz 0ms (cache hit)
3069 http cache supports-color@https://registry.npmjs.org/supports-color/-/supports-color-7.2.0.tgz 0ms (cache hit)
3070 http cache @xmldom/xmldom@https://registry.npmjs.org/@xmldom/xmldom/-/xmldom-0.9.12.tgz 0ms (cache hit)
3071 http cache lru-cache@https://registry.npmjs.org/lru-cache/-/lru-cache-10.4.3.tgz 0ms (cache hit)
3072 http cache lru-cache@https://registry.npmjs.org/lru-cache/-/lru-cache-11.5.3.tgz 0ms (cache hit)
3073 http cache brace-expansion@https://registry.npmjs.org/brace-expansion/-/brace-expansion-1.1.21.tgz 0ms (cache hit)
3074 http cache picomatch@https://registry.npmjs.org/picomatch/-/picomatch-4.0.7.tgz 0ms (cache hit)
3075 http cache glob@https://registry.npmjs.org/glob/-/glob-6.0.4.tgz 0ms (cache hit)
3076 http cache is-wsl@https://registry.npmjs.org/is-wsl/-/is-wsl-3.1.1.tgz 0ms (cache hit)
3077 http cache minimatch@https://registry.npmjs.org/minimatch/-/minimatch-3.1.5.tgz 0ms (cache hit)
3078 http cache fdir@https://registry.npmjs.org/fdir/-/fdir-6.5.0.tgz 0ms (cache hit)
3079 http cache uuid@https://registry.npmjs.org/uuid/-/uuid-8.3.2.tgz 0ms (cache hit)
3080 http cache semver@https://registry.npmjs.org/semver/-/semver-6.3.1.tgz 0ms (cache hit)
3081 http cache @babel/code-frame@https://registry.npmjs.org/@babel/code-frame/-/code-frame-7.29.7.tgz 0ms (cache hit)
3082 http cache @babel/code-frame@https://registry.npmjs.org/@babel/code-frame/-/code-frame-7.29.7.tgz 0ms (cache hit)
3083 http cache @babel/code-frame@https://registry.npmjs.org/@babel/code-frame/-/code-frame-7.29.7.tgz 0ms (cache hit)
3084 http cache semver@https://registry.npmjs.org/semver/-/semver-6.3.1.tgz 0ms (cache hit)
3085 http cache getenv@https://registry.npmjs.org/getenv/-/getenv-2.0.0.tgz 0ms (cache hit)
3086 http cache dotenv@https://registry.npmjs.org/dotenv/-/dotenv-16.6.1.tgz 0ms (cache hit)
3087 http cache semver@https://registry.npmjs.org/semver/-/semver-7.8.5.tgz 0ms (cache hit)
3088 http cache pngjs@https://registry.npmjs.org/pngjs/-/pngjs-3.4.0.tgz 0ms (cache hit)
3089 http cache supports-color@https://registry.npmjs.org/supports-color/-/supports-color-5.5.0.tgz 0ms (cache hit)
3090 http cache has-flag@https://registry.npmjs.org/has-flag/-/has-flag-3.0.0.tgz 0ms (cache hit)
3091 http cache color-convert@https://registry.npmjs.org/color-convert/-/color-convert-1.9.3.tgz 0ms (cache hit)
3092 http cache escape-string-regexp@https://registry.npmjs.org/escape-string-regexp/-/escape-string-regexp-1.0.5.tgz 0ms (cache hit)
3093 http cache color-name@https://registry.npmjs.org/color-name/-/color-name-1.1.3.tgz 0ms (cache hit)
3094 http cache @expo/eas-json@https://registry.npmjs.org/@expo/eas-json/-/eas-json-24.9.0.tgz 0ms (cache hit)
3095 http cache ansi-styles@https://registry.npmjs.org/ansi-styles/-/ansi-styles-3.2.1.tgz 0ms (cache hit)
3096 http cache color-name@https://registry.npmjs.org/color-name/-/color-name-1.1.3.tgz 0ms (cache hit)
3097 http cache supports-color@https://registry.npmjs.org/supports-color/-/supports-color-5.5.0.tgz 1ms (cache hit)
3098 http cache color-convert@https://registry.npmjs.org/color-convert/-/color-convert-1.9.3.tgz 0ms (cache hit)
3099 http cache chalk@https://registry.npmjs.org/chalk/-/chalk-2.4.2.tgz 0ms (cache hit)
3100 http cache ansi-styles@https://registry.npmjs.org/ansi-styles/-/ansi-styles-3.2.1.tgz 0ms (cache hit)
3101 http cache has-flag@https://registry.npmjs.org/has-flag/-/has-flag-3.0.0.tgz 0ms (cache hit)
3102 http cache @expo/multipart-body-parser@https://registry.npmjs.org/@expo/multipart-body-parser/-/multipart-body-parser-2.0.0.tgz 0ms (cache hit)
3103 http cache escape-string-regexp@https://registry.npmjs.org/escape-string-regexp/-/escape-string-regexp-1.0.5.tgz 0ms (cache hit)
3104 http cache balanced-match@https://registry.npmjs.org/balanced-match/-/balanced-match-4.0.4.tgz 0ms (cache hit)
3105 http cache xmlbuilder@https://registry.npmjs.org/xmlbuilder/-/xmlbuilder-11.0.1.tgz 0ms (cache hit)
3106 http cache brace-expansion@https://registry.npmjs.org/brace-expansion/-/brace-expansion-5.0.12.tgz 0ms (cache hit)
3107 http cache uuid@https://registry.npmjs.org/uuid/-/uuid-7.0.3.tgz 0ms (cache hit)
3108 http cache chalk@https://registry.npmjs.org/chalk/-/chalk-2.4.2.tgz 0ms (cache hit)
3109 http cache minimatch@https://registry.npmjs.org/minimatch/-/minimatch-10.2.6.tgz 0ms (cache hit)
3110 http cache escape-string-regexp@https://registry.npmjs.org/escape-string-regexp/-/escape-string-regexp-1.0.5.tgz 0ms (cache hit)
3111 http cache yallist@https://registry.npmjs.org/yallist/-/yallist-4.0.0.tgz 0ms (cache hit)
3112 http cache supports-color@https://registry.npmjs.org/supports-color/-/supports-color-7.2.0.tgz 0ms (cache hit)
3113 http cache https-proxy-agent@https://registry.npmjs.org/https-proxy-agent/-/https-proxy-agent-5.0.1.tgz 0ms (cache hit)
3114 http cache yallist@https://registry.npmjs.org/yallist/-/yallist-5.0.0.tgz 0ms (cache hit)
3115 http cache agent-base@https://registry.npmjs.org/agent-base/-/agent-base-6.0.2.tgz 0ms (cache hit)
3116 http cache brace-expansion@https://registry.npmjs.org/brace-expansion/-/brace-expansion-5.0.12.tgz 0ms (cache hit)
3117 http cache semver@https://registry.npmjs.org/semver/-/semver-7.8.5.tgz 0ms (cache hit)
3118 http cache ejs@https://registry.npmjs.org/ejs/-/ejs-6.0.1.tgz 0ms (cache hit)
3119 http cache minimatch@https://registry.npmjs.org/minimatch/-/minimatch-10.2.6.tgz 0ms (cache hit)
3120 http cache joi@https://registry.npmjs.org/joi/-/joi-17.13.8.tgz 0ms (cache hit)
3121 http cache balanced-match@https://registry.npmjs.org/balanced-match/-/balanced-match-4.0.4.tgz 0ms (cache hit)
3122 http cache lru-cache@https://registry.npmjs.org/lru-cache/-/lru-cache-6.0.0.tgz 0ms (cache hit)
3123 http cache minimatch@https://registry.npmjs.org/minimatch/-/minimatch-9.0.9.tgz 0ms (cache hit)
3124 http cache getenv@https://registry.npmjs.org/getenv/-/getenv-2.0.0.tgz 0ms (cache hit)
3125 http cache semver@https://registry.npmjs.org/semver/-/semver-7.8.5.tgz 0ms (cache hit)
3126 http cache lru-cache@https://registry.npmjs.org/lru-cache/-/lru-cache-10.4.3.tgz 0ms (cache hit)
3127 http cache uuid@https://registry.npmjs.org/uuid/-/uuid-8.3.2.tgz 0ms (cache hit)
3128 http cache @babel/code-frame@https://registry.npmjs.org/@babel/code-frame/-/code-frame-7.10.4.tgz 0ms (cache hit)
3129 http cache @expo/config-types@https://registry.npmjs.org/@expo/config-types/-/config-types-53.0.5.tgz 0ms (cache hit)
3130 http cache glob@https://registry.npmjs.org/glob/-/glob-10.5.0.tgz 0ms (cache hit)
3131 http cache path-scurry@https://registry.npmjs.org/path-scurry/-/path-scurry-1.11.1.tgz 0ms (cache hit)
3132 http cache @expo/config-plugins@https://registry.npmjs.org/@expo/config-plugins/-/config-plugins-10.1.2.tgz 0ms (cache hit)
3133 http cache @expo/json-file@https://registry.npmjs.org/@expo/json-file/-/json-file-9.1.5.tgz 0ms (cache hit)
3134 http cache fs-extra@https://registry.npmjs.org/fs-extra/-/fs-extra-10.1.0.tgz 0ms (cache hit)
3135 http cache @expo/config@https://registry.npmjs.org/@expo/config/-/config-11.0.13.tgz 0ms (cache hit)
3136 http cache @oclif/core@https://registry.npmjs.org/@oclif/core/-/core-2.16.0.tgz 0ms (cache hit)
3137 http cache escape-string-regexp@https://registry.npmjs.org/escape-string-regexp/-/escape-string-regexp-1.0.5.tgz 0ms (cache hit)
3138 http cache color-convert@https://registry.npmjs.org/color-convert/-/color-convert-1.9.3.tgz 0ms (cache hit)
3139 http cache color-name@https://registry.npmjs.org/color-name/-/color-name-1.1.3.tgz 0ms (cache hit)
3140 http cache has-flag@https://registry.npmjs.org/has-flag/-/has-flag-3.0.0.tgz 0ms (cache hit)
3141 http cache ansi-regex@https://registry.npmjs.org/ansi-regex/-/ansi-regex-4.1.1.tgz 0ms (cache hit)
3142 http cache supports-color@https://registry.npmjs.org/supports-color/-/supports-color-5.5.0.tgz 0ms (cache hit)
3143 http cache ansi-styles@https://registry.npmjs.org/ansi-styles/-/ansi-styles-3.2.1.tgz 0ms (cache hit)
3144 http cache @oclif/core@https://registry.npmjs.org/@oclif/core/-/core-2.16.0.tgz 0ms (cache hit)
3145 http cache strip-ansi@https://registry.npmjs.org/strip-ansi/-/strip-ansi-5.2.0.tgz 0ms (cache hit)
3146 http cache restore-cursor@https://registry.npmjs.org/restore-cursor/-/restore-cursor-2.0.0.tgz 0ms (cache hit)
3147 http cache mimic-fn@https://registry.npmjs.org/mimic-fn/-/mimic-fn-1.2.0.tgz 0ms (cache hit)
3148 http cache onetime@https://registry.npmjs.org/onetime/-/onetime-2.0.1.tgz 0ms (cache hit)
3149 http cache chalk@https://registry.npmjs.org/chalk/-/chalk-2.4.2.tgz 0ms (cache hit)
3150 http cache @expo/json-file@https://registry.npmjs.org/@expo/json-file/-/json-file-10.2.0.tgz 0ms (cache hit)
3151 http cache cli-cursor@https://registry.npmjs.org/cli-cursor/-/cli-cursor-2.1.0.tgz 0ms (cache hit)
3152 http cache log-symbols@https://registry.npmjs.org/log-symbols/-/log-symbols-2.2.0.tgz 0ms (cache hit)
3153 http cache chalk@https://registry.npmjs.org/chalk/-/chalk-2.4.2.tgz 0ms (cache hit)
3154 http cache dotenv@https://registry.npmjs.org/dotenv/-/dotenv-16.4.7.tgz 0ms (cache hit)
3155 http cache yallist@https://registry.npmjs.org/yallist/-/yallist-4.0.0.tgz 0ms (cache hit)
3156 http cache lru-cache@https://registry.npmjs.org/lru-cache/-/lru-cache-6.0.0.tgz 0ms (cache hit)
3157 http cache getenv@https://registry.npmjs.org/getenv/-/getenv-2.0.0.tgz 0ms (cache hit)
3158 http cache ora@https://registry.npmjs.org/ora/-/ora-3.4.0.tgz 0ms (cache hit)
3159 http cache semver@https://registry.npmjs.org/semver/-/semver-7.5.2.tgz 0ms (cache hit)
3160 http cache tslib@https://registry.npmjs.org/tslib/-/tslib-2.4.1.tgz 0ms (cache hit)
3161 http cache semver@https://registry.npmjs.org/semver/-/semver-7.8.5.tgz 0ms (cache hit)
3162 http cache @babel/code-frame@https://registry.npmjs.org/@babel/code-frame/-/code-frame-7.10.4.tgz 0ms (cache hit)
3163 http cache getenv@https://registry.npmjs.org/getenv/-/getenv-2.0.0.tgz 0ms (cache hit)
3164 http cache @expo/plist@https://registry.npmjs.org/@expo/plist/-/plist-0.5.4.tgz 0ms (cache hit)
3165 http cache semver@https://registry.npmjs.org/semver/-/semver-7.8.5.tgz 0ms (cache hit)
3166 http cache @babel/code-frame@https://registry.npmjs.org/@babel/code-frame/-/code-frame-7.10.4.tgz 0ms (cache hit)
3167 http cache joi@https://registry.npmjs.org/joi/-/joi-17.13.8.tgz 0ms (cache hit)
3168 http cache @expo/json-file@https://registry.npmjs.org/@expo/json-file/-/json-file-10.0.16.tgz 0ms (cache hit)
3169 http cache getenv@https://registry.npmjs.org/getenv/-/getenv-2.0.0.tgz 0ms (cache hit)
3170 http cache @expo/json-file@https://registry.npmjs.org/@expo/json-file/-/json-file-10.2.0.tgz 0ms (cache hit)
3171 http fetch POST 200 https://registry.npmjs.org/-/npm/v1/security/advisories/bulk 606ms
3172 silly audit report {
3172 silly audit report   ajv: [
3172 silly audit report     {
3172 silly audit report       id: 1113715,
3172 silly audit report       url: 'https://github.com/advisories/GHSA-2g4f-4pwh-qvx6',
3172 silly audit report       title: 'ajv has ReDoS when using `$data` option',
3172 silly audit report       severity: 'moderate',
3172 silly audit report       vulnerable_versions: '>=7.0.0-alpha.0 <8.18.0',
3172 silly audit report       cwe: [Array],
3172 silly audit report       cvss: [Object]
3172 silly audit report     }
3172 silly audit report   ],
3172 silly audit report   diff: [
3172 silly audit report     {
3172 silly audit report       id: 1112706,
3172 silly audit report       url: 'https://github.com/advisories/GHSA-73rr-hh4g-fpgx',
3172 silly audit report       title: 'jsdiff has a Denial of Service vulnerability in parsePatch and applyPatch',
3172 silly audit report       severity: 'low',
3172 silly audit report       vulnerable_versions: '>=6.0.0 <8.0.3',
3172 silly audit report       cwe: [Array],
3172 silly audit report       cvss: [Object]
3172 silly audit report     }
3172 silly audit report   ],
3172 silly audit report   joi: [
3172 silly audit report     {
3172 silly audit report       id: 1120656,
3172 silly audit report       url: 'https://github.com/advisories/GHSA-q7cg-457f-vx79',
3172 silly audit report       title: 'joi has an uncaught RangeError on deeply nested input through recursive `link()` schemas',
3172 silly audit report       severity: 'moderate',
3172 silly audit report       vulnerable_versions: '<17.13.4',
3172 silly audit report       cwe: [Array],
3172 silly audit report       cvss: [Object]
3172 silly audit report     },
3172 silly audit report     {
3172 silly audit report       id: 1193674,
3172 silly audit report       url: 'https://github.com/advisories/GHSA-6w3j-5fw6-r9vr',
3172 silly audit report       title: 'joi: Prototype pollution via a `__proto__` language key in custom messages',
3172 silly audit report       severity: 'low',
3172 silly audit report       vulnerable_versions: '>=17.2.0 <17.13.6',
3172 silly audit report       cwe: [Array],
3172 silly audit report       cvss: [Object]
3172 silly audit report     },
3172 silly audit report     {
3172 silly audit report       id: 1193679,
3172 silly audit report       url: 'https://github.com/advisories/GHSA-gg4h-3hg2-grpc',
3172 silly audit report       title: "joi: object().rename() with a template target can set the validated object's prototype",
3172 silly audit report       severity: 'low',
3172 silly audit report       vulnerable_versions: '>=16.0.0 <17.13.5',
3172 silly audit report       cwe: [Array],
3172 silly audit report       cvss: [Object]
3172 silly audit report     },
3172 silly audit report     {
3172 silly audit report       id: 1241212,
3172 silly audit report       url: 'https://github.com/advisories/GHSA-wr44-6hxh-3jwq',
3172 silly audit report       title: 'joi messages compilation allows prototype replacement through __proto__ error codes',
3172 silly audit report       severity: 'moderate',
3172 silly audit report       vulnerable_versions: '<17.13.8',
3172 silly audit report       cwe: [Array],
3172 silly audit report       cvss: [Object]
3172 silly audit report     },
3172 silly audit report     {
3172 silly audit report       id: 1241279,
3172 silly audit report       url: 'https://github.com/advisories/GHSA-6h2x-m376-mqjq',
3172 silly audit report       title: 'joi: Quadratic regular-expression backtracking in `Joi.string().isoDate()`',
3172 silly audit report       severity: 'high',
3172 silly audit report       vulnerable_versions: '>=17.2.0 <17.13.7',
3172 silly audit report       cwe: [Array],
3172 silly audit report       cvss: [Object]
3172 silly audit report     }
3172 silly audit report   ],
3172 silly audit report   minimatch: [
3172 silly audit report     {
3172 silly audit report       id: 1113461,
3172 silly audit report       url: 'https://github.com/advisories/GHSA-3ppc-4f35-3m26',
3172 silly audit report       title: 'minimatch has a ReDoS via repeated wildcards with non-matching literal in pattern',
3172 silly audit report       severity: 'high',
3172 silly audit report       vulnerable_versions: '>=5.0.0 <5.1.7',
3172 silly audit report       cwe: [Array],
3172 silly audit report       cvss: [Object]
3172 silly audit report     },
3172 silly audit report     {
3172 silly audit report       id: 1113540,
3172 silly audit report       url: 'https://github.com/advisories/GHSA-7r86-cg39-jmmj',
3172 silly audit report       title: 'minimatch has ReDoS: matchOne() combinatorial backtracking via multiple non-adjacent GLOBSTAR segments',
3172 silly audit report       severity: 'high',
3172 silly audit report       vulnerable_versions: '>=5.0.0 <5.1.8',
3172 silly audit report       cwe: [Array],
3172 silly audit report       cvss: [Object]
3172 silly audit report     },
3172 silly audit report     {
3172 silly audit report       id: 1113548,
3172 silly audit report       url: 'https://github.com/advisories/GHSA-23c5-xmqv-rm74',
3172 silly audit report       title: 'minimatch ReDoS: nested *() extglobs generate catastrophically backtracking regular expressions',
3172 silly audit report       severity: 'high',
3172 silly audit report       vulnerable_versions: '>=5.0.0 <5.1.8',
3172 silly audit report       cwe: [Array],
3172 silly audit report       cvss: [Object]
3172 silly audit report     }
3172 silly audit report   ],
3172 silly audit report   nanoid: [
3172 silly audit report     {
3172 silly audit report       id: 1138811,
3172 silly audit report       url: 'https://github.com/advisories/GHSA-28wg-ghj8-5hjv',
3172 silly audit report       title: 'nanoid: non-secure generators can loop indefinitely with negative size',
3172 silly audit report       severity: 'high',
3172 silly audit report       vulnerable_versions: '<3.3.16',
3172 silly audit report       cwe: [Array],
3172 silly audit report       cvss: [Object]
3172 silly audit report     },
3172 silly audit report     {
3172 silly audit report       id: 1139427,
3172 silly audit report       url: 'https://github.com/advisories/GHSA-2v37-7h3g-55p8',
3172 silly audit report       title: 'nanoid: custom generators can loop indefinitely when size is zero',
3172 silly audit report       severity: 'high',
3172 silly audit report       vulnerable_versions: '<3.3.18',
3172 silly audit report       cwe: [Array],
3172 silly audit report       cvss: [Object]
3172 silly audit report     },
3172 silly audit report     {
3172 silly audit report       id: 1153189,
3172 silly audit report       url: 'https://github.com/advisories/GHSA-xwg4-73v4-xw9w',
3172 silly audit report       title: 'nanoid: Integer Overflow or Wraparound',
3172 silly audit report       severity: 'high',
3172 silly audit report       vulnerable_versions: '<3.3.12',
3172 silly audit report       cwe: [Array],
3172 silly audit report       cvss: [Object]
3172 silly audit report     }
3172 silly audit report   ],
3172 silly audit report   'node-forge': [
3172 silly audit report     {
3172 silly audit report       id: 1240912,
3172 silly audit report       url: 'https://github.com/advisories/GHSA-86w9-cpqp-85rv',
3172 silly audit report       title: 'node-forge RSA PKCS#1 v1.5 signature verification accepts extra nested DigestAlgorithm elements',
3172 silly audit report       severity: 'high',
3172 silly audit report       vulnerable_versions: '<=1.4.0',
3172 silly audit report       cwe: [Array],
3172 silly audit report       cvss: [Object]
3172 silly audit report     }
3172 silly audit report   ],
3172 silly audit report   tar: [
3172 silly audit report     {
3172 silly audit report       id: 1145647,
3172 silly audit report       url: 'https://github.com/advisories/GHSA-r292-9mhp-454m',
3172 silly audit report       title: 'node-tar: Uncontrolled recursion in mapHas/filesFilter allows uncatchable stack-overflow DoS via crafted long-path tar with member selection',
3172 silly audit report       severity: 'high',
3172 silly audit report       vulnerable_versions: '<=7.5.20',
3172 silly audit report       cwe: [Array],
3172 silly audit report       cvss: [Object]
3172 silly audit report     }
3172 silly audit report   ],
3172 silly audit report   'ts-deepmerge': [
3172 silly audit report     {
3172 silly audit report       id: 1121318,
3172 silly audit report       url: 'https://github.com/advisories/GHSA-87mf-gv2c-c62c',
3172 silly audit report       title: 'ts-deepmerge: Prototype Method Override leads to DoS',
3172 silly audit report       severity: 'moderate',
3172 silly audit report       vulnerable_versions: '<8.0.0',
3172 silly audit report       cwe: [Array],
3172 silly audit report       cvss: [Object]
3172 silly audit report     }
3172 silly audit report   ],
3172 silly audit report   uuid: [
3172 silly audit report     {
3172 silly audit report       id: 1119441,
3172 silly audit report       url: 'https://github.com/advisories/GHSA-w5hq-g745-h8pq',
3172 silly audit report       title: 'uuid: Missing buffer bounds check in v3/v5/v6 when buf is provided',
3172 silly audit report       severity: 'moderate',
3172 silly audit report       vulnerable_versions: '<11.1.1',
3172 silly audit report       cwe: [Array],
3172 silly audit report       cvss: [Object]
3172 silly audit report     }
3172 silly audit report   ],
3172 silly audit report   yaml: [
3172 silly audit report     {
3172 silly audit report       id: 1115556,
3172 silly audit report       url: 'https://github.com/advisories/GHSA-48c2-rrv3-qjmp',
3172 silly audit report       title: 'yaml is vulnerable to Stack Overflow via deeply nested YAML collections',
3172 silly audit report       severity: 'moderate',
3172 silly audit report       vulnerable_versions: '>=2.0.0 <2.8.3',
3172 silly audit report       cwe: [Array],
3172 silly audit report       cvss: [Object]
3172 silly audit report     }
3172 silly audit report   ],
3172 silly audit report   braces: [
3172 silly audit report     {
3172 silly audit report       id: 1240992,
3172 silly audit report       url: 'https://github.com/advisories/GHSA-vfj7-8cjw-p6xm',
3172 silly audit report       title: 'braces vulnerable to stack-exhaustion denial of service through deeply nested patterns',
3172 silly audit report       severity: 'high',
3172 silly audit report       vulnerable_versions: '<=3.0.3',
3172 silly audit report       cwe: [Array],
3172 silly audit report       cvss: [Object]
3172 silly audit report     }
3172 silly audit report   ],
3172 silly audit report   'sprintf-js': [
3172 silly audit report     {
3172 silly audit report       id: 1241202,
3172 silly audit report       url: 'https://github.com/advisories/GHSA-hp3w-g68c-fv3c',
3172 silly audit report       title: 'sprintf-js vulnerable to denial of service through unbounded precision specifiers',
3172 silly audit report       severity: 'moderate',
3172 silly audit report       vulnerable_versions: '<=1.1.3',
3172 silly audit report       cwe: [Array],
3172 silly audit report       cvss: [Object]
3172 silly audit report     }
3172 silly audit report   ]
3172 silly audit report }
3173 silly packumentCache corgi:https://registry.npmjs.org/ajv cache-miss
3174 silly packumentCache corgi:https://registry.npmjs.org/diff cache-miss
3175 silly packumentCache corgi:https://registry.npmjs.org/joi cache-miss
3176 silly packumentCache corgi:https://registry.npmjs.org/minimatch cache-miss
3177 silly packumentCache corgi:https://registry.npmjs.org/nanoid cache-miss
3178 silly packumentCache corgi:https://registry.npmjs.org/node-forge cache-miss
3179 silly packumentCache corgi:https://registry.npmjs.org/tar cache-miss
3180 silly packumentCache corgi:https://registry.npmjs.org/ts-deepmerge cache-miss
3181 silly packumentCache corgi:https://registry.npmjs.org/uuid cache-miss
3182 silly packumentCache corgi:https://registry.npmjs.org/yaml cache-miss
3183 silly packumentCache corgi:https://registry.npmjs.org/braces cache-miss
3184 silly packumentCache corgi:https://registry.npmjs.org/sprintf-js cache-miss
3185 warn deprecated inflight@1.0.6: This module is not supported, and leaks memory. Do not use it. Check out lru-cache if you want a good and tested way to coalesce async requests by a key value, which is much more comprehensive and powerful.
3186 warn deprecated rimraf@2.4.5: Rimraf versions prior to v4 are no longer supported
3187 warn deprecated glob@6.0.4: Old versions of glob are not supported, and contain widely publicized security vulnerabilities, which have been fixed in the current version. Please update. Support for old versions may be purchased (at exorbitant rates) by contacting i@izs.me
3188 http fetch GET 200 https://registry.npmjs.org/tar 572ms (cache revalidated)
3189 silly packumentCache corgi:https://registry.npmjs.org/tar set size:208035 disposed:false
3190 http fetch GET 200 https://registry.npmjs.org/nanoid 575ms (cache revalidated)
3191 silly packumentCache corgi:https://registry.npmjs.org/nanoid set size:160846 disposed:false
3192 http fetch GET 200 https://registry.npmjs.org/yaml 576ms (cache revalidated)
3193 silly packumentCache corgi:https://registry.npmjs.org/yaml set size:166311 disposed:false
3194 http fetch GET 200 https://registry.npmjs.org/braces 578ms (cache revalidated)
3195 silly packumentCache corgi:https://registry.npmjs.org/braces set size:35919 disposed:false
3196 http fetch GET 200 https://registry.npmjs.org/node-forge 578ms (cache revalidated)
3197 silly packumentCache corgi:https://registry.npmjs.org/node-forge set size:106633 disposed:false
3198 http fetch GET 200 https://registry.npmjs.org/diff 584ms (cache revalidated)
3199 silly packumentCache corgi:https://registry.npmjs.org/diff set size:67741 disposed:false
3200 http fetch GET 200 https://registry.npmjs.org/minimatch 586ms (cache revalidated)
3201 silly packumentCache corgi:https://registry.npmjs.org/minimatch set size:169442 disposed:false
3202 http fetch GET 200 https://registry.npmjs.org/ts-deepmerge 589ms (cache revalidated)
3203 silly packumentCache corgi:https://registry.npmjs.org/ts-deepmerge set size:53500 disposed:false
3204 http fetch GET 200 https://registry.npmjs.org/sprintf-js 589ms (cache revalidated)
3205 silly packumentCache corgi:https://registry.npmjs.org/sprintf-js set size:6246 disposed:false
3206 http fetch GET 200 https://registry.npmjs.org/ajv 591ms (cache revalidated)
3207 silly packumentCache corgi:https://registry.npmjs.org/ajv set size:467559 disposed:false
3208 http fetch GET 200 https://registry.npmjs.org/uuid 598ms (cache revalidated)
3209 silly packumentCache corgi:https://registry.npmjs.org/uuid set size:84321 disposed:false
3210 http fetch GET 200 https://registry.npmjs.org/joi 626ms (cache revalidated)
3211 silly packumentCache corgi:https://registry.npmjs.org/joi set size:279481 disposed:false
3212 silly packumentCache corgi:https://registry.npmjs.org/eas-cli cache-miss
3213 silly packumentCache corgi:https://registry.npmjs.org/@segment%2fajv-human-errors cache-miss
3214 silly packumentCache corgi:https://registry.npmjs.org/ajv-formats cache-miss
3215 http cache https://registry.npmjs.org/eas-cli 74ms (cache hit)
3216 silly packumentCache corgi:https://registry.npmjs.org/eas-cli set size:1566555 disposed:false
3217 http fetch GET 200 https://registry.npmjs.org/ajv-formats 121ms (cache revalidated)
3218 silly packumentCache corgi:https://registry.npmjs.org/ajv-formats set size:63554 disposed:false
3219 warn deprecated uuid@7.0.3: uuid@10 and below is no longer supported.  For ESM codebases, update to uuid@latest.  For CommonJS codebases, use uuid@11 (but be aware this version will likely be deprecated in 2028).
3220 http fetch GET 200 https://registry.npmjs.org/@segment%2fajv-human-errors 489ms (cache revalidated)
3221 silly packumentCache corgi:https://registry.npmjs.org/@segment%2fajv-human-errors set size:382847 disposed:false
3222 silly packumentCache corgi:https://registry.npmjs.org/@expo%2feas-json cache-miss
3223 warn deprecated uuid@8.3.2: uuid@10 and below is no longer supported.  For ESM codebases, update to uuid@latest.  For CommonJS codebases, use uuid@11 (but be aware this version will likely be deprecated in 2028).
3224 warn deprecated uuid@8.3.2: uuid@10 and below is no longer supported.  For ESM codebases, update to uuid@latest.  For CommonJS codebases, use uuid@11 (but be aware this version will likely be deprecated in 2028).
3225 warn deprecated glob@10.5.0: Old versions of glob are not supported, and contain widely publicized security vulnerabilities, which have been fixed in the current version. Please update. Support for old versions may be purchased (at exorbitant rates) by contacting i@izs.me
3226 warn deprecated glob@10.5.0: Old versions of glob are not supported, and contain widely publicized security vulnerabilities, which have been fixed in the current version. Please update. Support for old versions may be purchased (at exorbitant rates) by contacting i@izs.me
3227 http fetch GET 200 https://registry.npmjs.org/@expo%2feas-json 234ms (cache revalidated)
3228 silly packumentCache corgi:https://registry.npmjs.org/@expo%2feas-json set size:279761 disposed:false
3229 silly packumentCache corgi:https://registry.npmjs.org/filelist cache-miss
3230 http fetch GET 200 https://registry.npmjs.org/filelist 43ms (cache revalidated)
3231 silly packumentCache corgi:https://registry.npmjs.org/filelist set size:11409 disposed:false
3232 silly packumentCache corgi:https://registry.npmjs.org/@expo%2fcode-signing-certificates cache-miss
3233 silly packumentCache corgi:https://registry.npmjs.org/@expo%2fpkcs12 cache-miss
3234 silly packumentCache corgi:https://registry.npmjs.org/jks-js cache-miss
3235 http fetch GET 200 https://registry.npmjs.org/jks-js 42ms (cache revalidated)
3236 silly packumentCache corgi:https://registry.npmjs.org/jks-js set size:17932 disposed:false
3237 http fetch GET 200 https://registry.npmjs.org/@expo%2fcode-signing-certificates 57ms (cache revalidated)
3238 silly packumentCache corgi:https://registry.npmjs.org/@expo%2fcode-signing-certificates set size:12095 disposed:false
3239 http fetch GET 200 https://registry.npmjs.org/@expo%2fpkcs12 159ms (cache revalidated)
3240 silly packumentCache corgi:https://registry.npmjs.org/@expo%2fpkcs12 set size:130131 disposed:false
3241 silly packumentCache corgi:https://registry.npmjs.org/@expo%2frudder-sdk-node cache-miss
3242 silly packumentCache corgi:https://registry.npmjs.org/@expo%2fbunyan cache-miss
3243 silly packumentCache corgi:https://registry.npmjs.org/xcode cache-miss
3244 http fetch GET 200 https://registry.npmjs.org/xcode 45ms (cache revalidated)
3245 silly packumentCache corgi:https://registry.npmjs.org/xcode set size:1850340 disposed:false
3246 http fetch GET 200 https://registry.npmjs.org/@expo%2fbunyan 63ms (cache revalidated)
3247 silly packumentCache corgi:https://registry.npmjs.org/@expo%2fbunyan set size:13464 disposed:false
3248 http fetch GET 200 https://registry.npmjs.org/@expo%2frudder-sdk-node 65ms (cache revalidated)
3249 silly packumentCache corgi:https://registry.npmjs.org/@expo%2frudder-sdk-node set size:16325 disposed:false
3250 silly packumentCache corgi:https://registry.npmjs.org/@expo%2fsteps cache-miss
3251 http fetch GET 200 https://registry.npmjs.org/@expo%2fsteps 370ms (cache revalidated)
3252 silly packumentCache corgi:https://registry.npmjs.org/@expo%2fsteps set size:199620 disposed:false
3253 silly packumentCache corgi:https://registry.npmjs.org/micromatch cache-miss
3254 http fetch GET 200 https://registry.npmjs.org/micromatch 34ms (cache revalidated)
3255 silly packumentCache corgi:https://registry.npmjs.org/micromatch set size:71776 disposed:false
3256 silly packumentCache corgi:https://registry.npmjs.org/argparse cache-miss
3257 http fetch GET 200 https://registry.npmjs.org/argparse 31ms (cache revalidated)
3258 silly packumentCache corgi:https://registry.npmjs.org/argparse set size:22280 disposed:false
3259 silly packumentCache corgi:https://registry.npmjs.org/@expo%2fconfig-plugins cache-miss
3260 http fetch GET 200 https://registry.npmjs.org/@expo%2fconfig-plugins 160ms (cache revalidated)
3261 silly packumentCache corgi:https://registry.npmjs.org/@expo%2fconfig-plugins set size:458749 disposed:false
3262 silly packumentCache corgi:https://registry.npmjs.org/fast-glob cache-miss
3263 http fetch GET 200 https://registry.npmjs.org/fast-glob 33ms (cache revalidated)
3264 silly packumentCache corgi:https://registry.npmjs.org/fast-glob set size:86036 disposed:false
3265 silly packumentCache corgi:https://registry.npmjs.org/js-yaml cache-miss
3266 http fetch GET 200 https://registry.npmjs.org/js-yaml 30ms (cache revalidated)
3267 silly packumentCache corgi:https://registry.npmjs.org/js-yaml set size:79284 disposed:false
3268 silly packumentCache corgi:https://registry.npmjs.org/@expo%2fconfig cache-miss
3269 silly packumentCache corgi:https://registry.npmjs.org/@expo%2fprebuild-config cache-miss
3270 http fetch GET 200 https://registry.npmjs.org/@expo%2fprebuild-config 148ms (cache revalidated)
3271 silly packumentCache corgi:https://registry.npmjs.org/@expo%2fprebuild-config set size:444374 disposed:false
3272 http fetch GET 200 https://registry.npmjs.org/@expo%2fconfig 158ms (cache revalidated)
3273 silly packumentCache corgi:https://registry.npmjs.org/@expo%2fconfig set size:581863 disposed:false
3274 silly packumentCache corgi:https://registry.npmjs.org/globby cache-miss
3275 info run dtrace-provider@0.8.8 install node_modules/dtrace-provider node-gyp rebuild || node suppress-error.js
3276 http fetch GET 200 https://registry.npmjs.org/globby 37ms (cache revalidated)
3277 silly packumentCache corgi:https://registry.npmjs.org/globby set size:74758 disposed:false
3278 silly packumentCache corgi:https://registry.npmjs.org/@oclif%2fcore cache-miss
3279 http fetch GET 200 https://registry.npmjs.org/@oclif%2fcore 151ms (cache revalidated)
3280 silly packumentCache corgi:https://registry.npmjs.org/@oclif%2fcore set size:1224507 disposed:false
3281 silly packumentCache corgi:https://registry.npmjs.org/@expo%2fplugin-help cache-miss
3282 silly packumentCache corgi:https://registry.npmjs.org/@expo%2fplugin-warn-if-update-available cache-miss
3283 http fetch GET 200 https://registry.npmjs.org/@expo%2fplugin-help 226ms (cache revalidated)
3284 silly packumentCache corgi:https://registry.npmjs.org/@expo%2fplugin-help set size:8582 disposed:false
3285 http fetch GET 200 https://registry.npmjs.org/@expo%2fplugin-warn-if-update-available 226ms (cache revalidated)
3286 silly packumentCache corgi:https://registry.npmjs.org/@expo%2fplugin-warn-if-update-available set size:20493 disposed:false
3287 info run dtrace-provider@0.8.8 install { code: 0, signal: null }
3288 info run protobufjs@7.6.6 postinstall node_modules/protobufjs node scripts/postinstall
3289 info run protobufjs@7.6.6 postinstall { code: 0, signal: null }
