0 verbose cli /Users/macuser/.nvm/versions/node/v22.21.1/bin/node /Users/macuser/.nvm/versions/node/v22.21.1/lib/node_modules/npm/bin/npm-cli.js
1 info using npm@11.16.0
2 info using node@v22.21.1
3 silly config load:file:/Users/macuser/.nvm/versions/node/v22.21.1/lib/node_modules/npm/npmrc
4 silly config load:file:/Users/macuser/Documents/technical-test/keppri-challenge/.npmrc
5 silly config load:file:/Users/macuser/.npmrc
6 silly config load:file:/Users/macuser/.nvm/versions/node/v22.21.1/etc/npmrc
7 verbose title npm exec eas-cli init
8 verbose argv "exec" "--" "eas-cli" "init"
9 verbose logfile logs-max:10 dir:/Users/macuser/Documents/technical-test/keppri-challenge/local_npm/_logs/2026-10-07T15_55_58_814Z-
10 verbose logfile /Users/macuser/Documents/technical-test/keppri-challenge/local_npm/_logs/2026-10-07T15_55_58_814Z-debug-0.log
11 silly logfile done cleaning log files
12 silly packumentCache heap:4345298944 maxSize:1086324736 maxEntrySize:543162368
13 http fetch GET 200 https://registry.npmjs.org/eas-cli 199ms (cache miss)
14 silly packumentCache heap:4345298944 maxSize:1086324736 maxEntrySize:543162368
15 silly packumentCache heap:4345298944 maxSize:1086324736 maxEntrySize:543162368
16 silly idealTree buildDeps
17 silly fetch manifest eas-cli@24.11.0
18 silly packumentCache full:https://registry.npmjs.org/eas-cli cache-miss
19 http fetch GET 200 https://registry.npmjs.org/eas-cli 77ms (cache miss)
20 silly packumentCache full:https://registry.npmjs.org/eas-cli set size:undefined disposed:false
21 silly placeDep ROOT eas-cli@24.11.0 OK for:  want: 24.11.0
22 silly fetch manifest ws@8.21.1
23 silly packumentCache full:https://registry.npmjs.org/ws cache-miss
24 silly fetch manifest ajv@8.11.0
25 silly packumentCache full:https://registry.npmjs.org/ajv cache-miss
26 silly fetch manifest joi@17.11.0
27 silly packumentCache full:https://registry.npmjs.org/joi cache-miss
28 silly fetch manifest ora@5.1.0
29 silly packumentCache full:https://registry.npmjs.org/ora cache-miss
30 silly fetch manifest tar@7.5.19
31 silly packumentCache full:https://registry.npmjs.org/tar cache-miss
32 silly fetch manifest zod@^4.1.3
33 silly packumentCache full:https://registry.npmjs.org/zod cache-miss
34 silly fetch manifest diff@7.0.0
35 silly packumentCache full:https://registry.npmjs.org/diff cache-miss
36 http fetch GET 200 https://registry.npmjs.org/ws 43ms (cache miss)
37 silly packumentCache full:https://registry.npmjs.org/ws set size:undefined disposed:false
38 silly fetch manifest mime@3.0.0
39 silly packumentCache full:https://registry.npmjs.org/mime cache-miss
40 http fetch GET 200 https://registry.npmjs.org/mime 32ms (cache miss)
41 silly packumentCache full:https://registry.npmjs.org/mime set size:undefined disposed:false
42 silly fetch manifest open@8.4.0
43 silly packumentCache full:https://registry.npmjs.org/open cache-miss
44 http fetch GET 200 https://registry.npmjs.org/ora 104ms (cache miss)
45 silly packumentCache full:https://registry.npmjs.org/ora set size:undefined disposed:false
46 silly fetch manifest uuid@11.1.1
47 silly packumentCache full:https://registry.npmjs.org/uuid cache-miss
48 http fetch GET 200 https://registry.npmjs.org/diff 106ms (cache miss)
49 silly packumentCache full:https://registry.npmjs.org/diff set size:undefined disposed:false
50 silly fetch manifest yaml@2.6.0
51 silly packumentCache full:https://registry.npmjs.org/yaml cache-miss
52 http fetch GET 200 https://registry.npmjs.org/open 34ms (cache miss)
53 silly packumentCache full:https://registry.npmjs.org/open set size:undefined disposed:false
54 silly fetch manifest chalk@4.1.2
55 silly packumentCache full:https://registry.npmjs.org/chalk cache-miss
56 http fetch GET 200 https://registry.npmjs.org/joi 128ms (cache miss)
57 silly packumentCache full:https://registry.npmjs.org/joi set size:undefined disposed:false
58 silly fetch manifest debug@4.4.3
59 silly packumentCache full:https://registry.npmjs.org/debug cache-miss
60 http fetch GET 200 https://registry.npmjs.org/tar 140ms (cache miss)
61 silly packumentCache full:https://registry.npmjs.org/tar set size:undefined disposed:false
62 silly fetch manifest pngjs@7.0.0
63 silly packumentCache full:https://registry.npmjs.org/pngjs cache-miss
64 http fetch GET 200 https://registry.npmjs.org/uuid 41ms (cache miss)
65 silly packumentCache full:https://registry.npmjs.org/uuid set size:undefined disposed:false
66 silly fetch manifest slash@3.0.0
67 silly packumentCache full:https://registry.npmjs.org/slash cache-miss
68 http fetch GET 200 https://registry.npmjs.org/chalk 36ms (cache miss)
69 silly packumentCache full:https://registry.npmjs.org/chalk set size:undefined disposed:false
70 silly fetch manifest tslib@2.6.2
71 silly packumentCache full:https://registry.npmjs.org/tslib cache-miss
72 http fetch GET 200 https://registry.npmjs.org/yaml 46ms (cache miss)
73 silly packumentCache full:https://registry.npmjs.org/yaml set size:undefined disposed:false
74 silly fetch manifest dotenv@16.3.1
75 silly packumentCache full:https://registry.npmjs.org/dotenv cache-miss
76 http fetch GET 200 https://registry.npmjs.org/ajv 159ms (cache miss)
77 silly packumentCache full:https://registry.npmjs.org/ajv set size:undefined disposed:false
78 silly fetch manifest getenv@1.0.0
79 silly packumentCache full:https://registry.npmjs.org/getenv cache-miss
80 http fetch GET 200 https://registry.npmjs.org/debug 38ms (cache miss)
81 silly packumentCache full:https://registry.npmjs.org/debug set size:undefined disposed:false
82 silly fetch manifest ignore@5.3.0
83 silly packumentCache full:https://registry.npmjs.org/ignore cache-miss
84 http fetch GET 200 https://registry.npmjs.org/pngjs 35ms (cache miss)
85 silly packumentCache full:https://registry.npmjs.org/pngjs set size:undefined disposed:false
86 silly fetch manifest jks-js@1.1.0
87 silly packumentCache full:https://registry.npmjs.org/jks-js cache-miss
88 http fetch GET 200 https://registry.npmjs.org/slash 33ms (cache miss)
89 silly packumentCache full:https://registry.npmjs.org/slash set size:undefined disposed:false
90 silly fetch manifest nanoid@3.3.8
91 silly packumentCache full:https://registry.npmjs.org/nanoid cache-miss
92 http fetch GET 200 https://registry.npmjs.org/tslib 34ms (cache miss)
93 silly packumentCache full:https://registry.npmjs.org/tslib set size:undefined disposed:false
94 silly fetch manifest semver@7.5.4
95 silly packumentCache full:https://registry.npmjs.org/semver cache-miss
96 http fetch GET 200 https://registry.npmjs.org/getenv 33ms (cache miss)
97 silly packumentCache full:https://registry.npmjs.org/getenv set size:undefined disposed:false
98 silly fetch manifest envinfo@7.11.0
99 silly packumentCache full:https://registry.npmjs.org/envinfo cache-miss
100 http fetch GET 200 https://registry.npmjs.org/dotenv 42ms (cache miss)
101 silly packumentCache full:https://registry.npmjs.org/dotenv set size:undefined disposed:false
102 silly fetch manifest figures@3.2.0
103 silly packumentCache full:https://registry.npmjs.org/figures cache-miss
104 http fetch GET 200 https://registry.npmjs.org/ignore 38ms (cache miss)
105 silly packumentCache full:https://registry.npmjs.org/ignore set size:undefined disposed:false
106 silly fetch manifest graphql@16.8.1
107 silly packumentCache full:https://registry.npmjs.org/graphql cache-miss
108 http fetch GET 200 https://registry.npmjs.org/zod 220ms (cache miss)
109 silly packumentCache full:https://registry.npmjs.org/zod set size:undefined disposed:false
110 silly fetch manifest pkg-dir@4.2.0
111 silly packumentCache full:https://registry.npmjs.org/pkg-dir cache-miss
112 http fetch GET 200 https://registry.npmjs.org/figures 39ms (cache miss)
113 silly packumentCache full:https://registry.npmjs.org/figures set size:undefined disposed:false
114 silly fetch manifest prompts@2.4.2
115 silly packumentCache full:https://registry.npmjs.org/prompts cache-miss
116 http fetch GET 200 https://registry.npmjs.org/semver 55ms (cache miss)
117 silly packumentCache full:https://registry.npmjs.org/semver set size:undefined disposed:false
118 silly fetch manifest fs-extra@11.2.0
119 silly packumentCache full:https://registry.npmjs.org/fs-extra cache-miss
120 http fetch GET 200 https://registry.npmjs.org/nanoid 63ms (cache miss)
121 silly packumentCache full:https://registry.npmjs.org/nanoid set size:undefined disposed:false
122 silly fetch manifest keychain@1.5.0
123 silly packumentCache full:https://registry.npmjs.org/keychain cache-miss
124 http fetch GET 200 https://registry.npmjs.org/pkg-dir 37ms (cache miss)
125 silly packumentCache full:https://registry.npmjs.org/pkg-dir set size:undefined disposed:false
126 silly fetch manifest minizlib@3.1.0
127 silly packumentCache full:https://registry.npmjs.org/minizlib cache-miss
128 http fetch GET 200 https://registry.npmjs.org/graphql 60ms (cache miss)
129 silly packumentCache full:https://registry.npmjs.org/graphql set size:undefined disposed:false
130 silly fetch manifest turndown@7.1.2
131 silly packumentCache full:https://registry.npmjs.org/turndown cache-miss
132 http fetch GET 200 https://registry.npmjs.org/prompts 41ms (cache miss)
133 silly packumentCache full:https://registry.npmjs.org/prompts set size:undefined disposed:false
134 silly fetch manifest @expo/env@^1.0.0
135 silly packumentCache full:https://registry.npmjs.org/@expo%2fenv cache-miss
136 http fetch GET 200 https://registry.npmjs.org/fs-extra 39ms (cache miss)
137 silly packumentCache full:https://registry.npmjs.org/fs-extra set size:undefined disposed:false
138 silly fetch manifest env-paths@2.2.0
139 silly packumentCache full:https://registry.npmjs.org/env-paths cache-miss
140 http fetch GET 200 https://registry.npmjs.org/minizlib 32ms (cache miss)
141 silly packumentCache full:https://registry.npmjs.org/minizlib set size:undefined disposed:false
142 silly fetch manifest fast-glob@3.3.2
143 silly packumentCache full:https://registry.npmjs.org/fast-glob cache-miss
144 http fetch GET 200 https://registry.npmjs.org/turndown 33ms (cache miss)
145 silly packumentCache full:https://registry.npmjs.org/turndown set size:undefined disposed:false
146 silly fetch manifest form-data@^4.0.4
147 silly packumentCache full:https://registry.npmjs.org/form-data cache-miss
148 http fetch GET 200 https://registry.npmjs.org/env-paths 30ms (cache miss)
149 silly packumentCache full:https://registry.npmjs.org/env-paths set size:undefined disposed:false
150 silly fetch manifest invariant@^2.2.2
151 silly packumentCache full:https://registry.npmjs.org/invariant cache-miss
152 http fetch GET 200 https://registry.npmjs.org/@expo%2fenv 131ms (cache miss)
153 silly packumentCache full:https://registry.npmjs.org/@expo%2fenv set size:undefined disposed:false
154 silly fetch manifest minimatch@5.1.2
155 silly packumentCache full:https://registry.npmjs.org/minimatch cache-miss
156 http fetch GET 200 https://registry.npmjs.org/keychain 177ms (cache miss)
157 silly packumentCache full:https://registry.npmjs.org/keychain set size:undefined disposed:false
158 silly fetch manifest untildify@4.0.0
159 silly packumentCache full:https://registry.npmjs.org/untildify cache-miss
160 http fetch GET 200 https://registry.npmjs.org/minimatch 43ms (cache miss)
161 silly packumentCache full:https://registry.npmjs.org/minimatch set size:undefined disposed:false
162 silly fetch manifest wrap-ansi@7.0.0
163 silly packumentCache full:https://registry.npmjs.org/wrap-ansi cache-miss
164 http fetch GET 200 https://registry.npmjs.org/wrap-ansi 30ms (cache miss)
165 silly packumentCache full:https://registry.npmjs.org/wrap-ansi set size:undefined disposed:false
166 silly fetch manifest @urql/core@4.0.11
167 silly packumentCache full:https://registry.npmjs.org/@urql%2fcore cache-miss
168 http fetch GET 200 https://registry.npmjs.org/untildify 169ms (cache miss)
169 silly packumentCache full:https://registry.npmjs.org/untildify set size:undefined disposed:false
170 silly fetch manifest better-opn@3.0.2
171 silly packumentCache full:https://registry.npmjs.org/better-opn cache-miss
172 http fetch GET 200 https://registry.npmjs.org/jks-js 465ms (cache miss)
173 silly packumentCache full:https://registry.npmjs.org/jks-js set size:undefined disposed:false
174 silly fetch manifest centrifuge@5.7.1
175 silly packumentCache full:https://registry.npmjs.org/centrifuge cache-miss
176 http fetch GET 200 https://registry.npmjs.org/envinfo 518ms (cache miss)
177 silly packumentCache full:https://registry.npmjs.org/envinfo set size:undefined disposed:false
178 silly fetch manifest dateformat@4.6.3
179 silly packumentCache full:https://registry.npmjs.org/dateformat cache-miss
180 http fetch GET 200 https://registry.npmjs.org/fast-glob 415ms (cache miss)
181 silly packumentCache full:https://registry.npmjs.org/fast-glob set size:undefined disposed:false
182 silly fetch manifest node-fetch@2.6.7
183 silly packumentCache full:https://registry.npmjs.org/node-fetch cache-miss
184 http fetch GET 200 https://registry.npmjs.org/invariant 441ms (cache miss)
185 silly packumentCache full:https://registry.npmjs.org/invariant set size:undefined disposed:false
186 silly fetch manifest node-forge@1.4.0
187 silly packumentCache full:https://registry.npmjs.org/node-forge cache-miss
188 http fetch GET 200 https://registry.npmjs.org/dateformat 40ms (cache miss)
189 silly packumentCache full:https://registry.npmjs.org/dateformat set size:undefined disposed:false
190 silly fetch manifest nullthrows@1.1.1
191 silly packumentCache full:https://registry.npmjs.org/nullthrows cache-miss
192 http fetch GET 200 https://registry.npmjs.org/better-opn 168ms (cache miss)
193 silly packumentCache full:https://registry.npmjs.org/better-opn set size:undefined disposed:false
194 silly fetch manifest tar-stream@3.1.7
195 silly packumentCache full:https://registry.npmjs.org/tar-stream cache-miss
196 http fetch GET 200 https://registry.npmjs.org/form-data 462ms (cache miss)
197 silly packumentCache full:https://registry.npmjs.org/form-data set size:undefined disposed:false
198 silly fetch manifest @expo/plist@0.3.5
199 silly packumentCache full:https://registry.npmjs.org/@expo%2fplist cache-miss
200 http fetch GET 200 https://registry.npmjs.org/node-fetch 57ms (cache miss)
201 silly packumentCache full:https://registry.npmjs.org/node-fetch set size:undefined disposed:false
202 silly fetch manifest @expo/steps@24.9.0
203 silly packumentCache full:https://registry.npmjs.org/@expo%2fsteps cache-miss
204 http fetch GET 200 https://registry.npmjs.org/nullthrows 32ms (cache miss)
205 silly packumentCache full:https://registry.npmjs.org/nullthrows set size:undefined disposed:false
206 silly fetch manifest @oclif/core@^4.8.3
207 silly packumentCache full:https://registry.npmjs.org/@oclif%2fcore cache-miss
208 http fetch GET 200 https://registry.npmjs.org/node-forge 39ms (cache miss)
209 silly packumentCache full:https://registry.npmjs.org/node-forge set size:undefined disposed:false
210 silly fetch manifest ajv-formats@2.1.1
211 silly packumentCache full:https://registry.npmjs.org/ajv-formats cache-miss
212 http fetch GET 200 https://registry.npmjs.org/tar-stream 35ms (cache miss)
213 silly packumentCache full:https://registry.npmjs.org/tar-stream set size:undefined disposed:false
214 silly fetch manifest graphql-tag@2.12.6
215 silly packumentCache full:https://registry.npmjs.org/graphql-tag cache-miss
216 http fetch GET 200 https://registry.npmjs.org/@expo%2fplist 62ms (cache miss)
217 silly packumentCache full:https://registry.npmjs.org/@expo%2fplist set size:undefined disposed:false
218 silly fetch manifest log-symbols@4.1.0
219 silly packumentCache full:https://registry.npmjs.org/log-symbols cache-miss
220 http fetch GET 200 https://registry.npmjs.org/ajv-formats 44ms (cache miss)
221 silly packumentCache full:https://registry.npmjs.org/ajv-formats set size:undefined disposed:false
222 silly fetch manifest @expo/config@55.0.10
223 silly packumentCache full:https://registry.npmjs.org/@expo%2fconfig cache-miss
224 http fetch GET 200 https://registry.npmjs.org/log-symbols 98ms (cache miss)
225 silly packumentCache full:https://registry.npmjs.org/log-symbols set size:undefined disposed:false
226 silly fetch manifest @expo/logger@24.8.0
227 silly packumentCache full:https://registry.npmjs.org/@expo%2flogger cache-miss
228 http fetch GET 200 https://registry.npmjs.org/centrifuge 290ms (cache miss)
229 silly packumentCache full:https://registry.npmjs.org/centrifuge set size:undefined disposed:false
230 silly fetch manifest @expo/pkcs12@0.1.3
231 silly packumentCache full:https://registry.npmjs.org/@expo%2fpkcs12 cache-miss
232 http fetch GET 200 https://registry.npmjs.org/@urql%2fcore 468ms (cache miss)
233 silly packumentCache full:https://registry.npmjs.org/@urql%2fcore set size:undefined disposed:false
234 silly fetch manifest @sentry/node@7.77.0
235 silly packumentCache full:https://registry.npmjs.org/@sentry%2fnode cache-miss
236 http fetch GET 200 https://registry.npmjs.org/graphql-tag 167ms (cache miss)
237 silly packumentCache full:https://registry.npmjs.org/graphql-tag set size:undefined disposed:false
238 silly fetch manifest cli-progress@3.12.0
239 silly packumentCache full:https://registry.npmjs.org/cli-progress cache-miss
240 http fetch GET 200 https://registry.npmjs.org/cli-progress 34ms (cache miss)
241 silly packumentCache full:https://registry.npmjs.org/cli-progress set size:undefined disposed:false
242 silly fetch manifest gradle-to-js@2.0.1
243 silly packumentCache full:https://registry.npmjs.org/gradle-to-js cache-miss
244 http fetch GET 200 https://registry.npmjs.org/gradle-to-js 33ms (cache miss)
245 silly packumentCache full:https://registry.npmjs.org/gradle-to-js set size:undefined disposed:false
246 silly fetch manifest resolve-from@5.0.0
247 silly packumentCache full:https://registry.npmjs.org/resolve-from cache-miss
248 http fetch GET 200 https://registry.npmjs.org/@oclif%2fcore 268ms (cache miss)
249 silly packumentCache full:https://registry.npmjs.org/@oclif%2fcore set size:undefined disposed:false
250 silly fetch manifest ts-deepmerge@6.2.0
251 silly packumentCache full:https://registry.npmjs.org/ts-deepmerge cache-miss
252 http fetch GET 200 https://registry.npmjs.org/resolve-from 38ms (cache miss)
253 silly packumentCache full:https://registry.npmjs.org/resolve-from set size:undefined disposed:false
254 silly fetch manifest @expo/results@1.0.0
255 silly packumentCache full:https://registry.npmjs.org/@expo%2fresults cache-miss
256 http fetch GET 200 https://registry.npmjs.org/@expo%2fconfig 285ms (cache miss)
257 silly packumentCache full:https://registry.npmjs.org/@expo%2fconfig set size:undefined disposed:false
258 silly fetch manifest bplist-parser@^0.3.0
259 silly packumentCache full:https://registry.npmjs.org/bplist-parser cache-miss
260 http fetch GET 200 https://registry.npmjs.org/bplist-parser 30ms (cache miss)
261 silly packumentCache full:https://registry.npmjs.org/bplist-parser set size:undefined disposed:false
262 silly fetch manifest indent-string@4.0.0
263 silly packumentCache full:https://registry.npmjs.org/indent-string cache-miss
264 http fetch GET 200 https://registry.npmjs.org/indent-string 30ms (cache miss)
265 silly packumentCache full:https://registry.npmjs.org/indent-string set size:undefined disposed:false
266 silly fetch manifest promise-limit@2.7.0
267 silly packumentCache full:https://registry.npmjs.org/promise-limit cache-miss
268 http fetch GET 200 https://registry.npmjs.org/@expo%2fsteps 430ms (cache miss)
269 silly packumentCache full:https://registry.npmjs.org/@expo%2fsteps set size:undefined disposed:false
270 silly fetch manifest promise-retry@2.0.1
271 silly packumentCache full:https://registry.npmjs.org/promise-retry cache-miss
272 http fetch GET 200 https://registry.npmjs.org/promise-limit 30ms (cache miss)
273 silly packumentCache full:https://registry.npmjs.org/promise-limit set size:undefined disposed:false
274 silly fetch manifest terminal-link@2.1.1
275 silly packumentCache full:https://registry.npmjs.org/terminal-link cache-miss
276 http fetch GET 200 https://registry.npmjs.org/ts-deepmerge 170ms (cache miss)
277 silly packumentCache full:https://registry.npmjs.org/ts-deepmerge set size:undefined disposed:false
278 silly fetch manifest @expo/eas-json@24.9.0
279 silly packumentCache full:https://registry.npmjs.org/@expo%2feas-json cache-miss
280 http fetch GET 200 https://registry.npmjs.org/promise-retry 30ms (cache miss)
281 silly packumentCache full:https://registry.npmjs.org/promise-retry set size:undefined disposed:false
282 silly fetch manifest @expo/json-file@8.3.3
283 silly packumentCache full:https://registry.npmjs.org/@expo%2fjson-file cache-miss
284 http fetch GET 200 https://registry.npmjs.org/terminal-link 28ms (cache miss)
285 silly packumentCache full:https://registry.npmjs.org/terminal-link set size:undefined disposed:false
286 silly fetch manifest @expo/osascript@2.1.4
287 silly packumentCache full:https://registry.npmjs.org/@expo%2fosascript cache-miss
288 http fetch GET 200 https://registry.npmjs.org/@expo%2fosascript 48ms (cache miss)
289 silly packumentCache full:https://registry.npmjs.org/@expo%2fosascript set size:undefined disposed:false
290 silly fetch manifest fast-deep-equal@3.1.3
291 silly packumentCache full:https://registry.npmjs.org/fast-deep-equal cache-miss
292 http fetch GET 200 https://registry.npmjs.org/@expo%2fjson-file 66ms (cache miss)
293 silly packumentCache full:https://registry.npmjs.org/@expo%2fjson-file set size:undefined disposed:false
294 silly fetch manifest node-stream-zip@1.15.0
295 silly packumentCache full:https://registry.npmjs.org/node-stream-zip cache-miss
296 http fetch GET 200 https://registry.npmjs.org/fast-deep-equal 29ms (cache miss)
297 silly packumentCache full:https://registry.npmjs.org/fast-deep-equal set size:undefined disposed:false
298 silly fetch manifest qrcode-terminal@0.12.0
299 silly packumentCache full:https://registry.npmjs.org/qrcode-terminal cache-miss
300 http fetch GET 200 https://registry.npmjs.org/@expo%2fpkcs12 413ms (cache miss)
301 silly packumentCache full:https://registry.npmjs.org/@expo%2fpkcs12 set size:undefined disposed:false
302 silly fetch manifest @expo/timeago.js@1.0.0
303 silly packumentCache full:https://registry.npmjs.org/@expo%2ftimeago.js cache-miss
304 http fetch GET 200 https://registry.npmjs.org/@expo%2flogger 523ms (cache miss)
305 silly packumentCache full:https://registry.npmjs.org/@expo%2flogger set size:undefined disposed:false
306 silly fetch manifest @expo/apple-utils@2.2.1
307 silly packumentCache full:https://registry.npmjs.org/@expo%2fapple-utils cache-miss
308 http fetch GET 200 https://registry.npmjs.org/node-stream-zip 157ms (cache miss)
309 silly packumentCache full:https://registry.npmjs.org/node-stream-zip set size:undefined disposed:false
310 silly fetch manifest @expo/plugin-help@5.1.23
311 silly packumentCache full:https://registry.npmjs.org/@expo%2fplugin-help cache-miss
312 http fetch GET 200 https://registry.npmjs.org/@expo%2fresults 399ms (cache miss)
313 silly packumentCache full:https://registry.npmjs.org/@expo%2fresults set size:undefined disposed:false
314 silly fetch manifest @expo/spawn-async@1.7.2
315 silly packumentCache full:https://registry.npmjs.org/@expo%2fspawn-async cache-miss
316 http fetch GET 200 https://registry.npmjs.org/qrcode-terminal 166ms (cache miss)
317 silly packumentCache full:https://registry.npmjs.org/qrcode-terminal set size:undefined disposed:false
318 silly fetch manifest https-proxy-agent@7.0.6
319 silly packumentCache full:https://registry.npmjs.org/https-proxy-agent cache-miss
320 http fetch GET 200 https://registry.npmjs.org/@expo%2fspawn-async 38ms (cache miss)
321 silly packumentCache full:https://registry.npmjs.org/@expo%2fspawn-async set size:undefined disposed:false
322 silly fetch manifest agent-cli-detector@0.1.7
323 silly packumentCache full:https://registry.npmjs.org/agent-cli-detector cache-miss
324 http fetch GET 200 https://registry.npmjs.org/https-proxy-agent 31ms (cache miss)
325 silly packumentCache full:https://registry.npmjs.org/https-proxy-agent set size:undefined disposed:false
326 silly fetch manifest set-interval-async@3.0.3
327 silly packumentCache full:https://registry.npmjs.org/set-interval-async cache-miss
328 http fetch GET 200 https://registry.npmjs.org/agent-cli-detector 30ms (cache miss)
329 silly packumentCache full:https://registry.npmjs.org/agent-cli-detector set size:undefined disposed:false
330 silly fetch manifest @expo/eas-build-job@24.9.0
331 silly packumentCache full:https://registry.npmjs.org/@expo%2feas-build-job cache-miss
332 http fetch GET 200 https://registry.npmjs.org/@sentry%2fnode 586ms (cache miss)
333 silly packumentCache full:https://registry.npmjs.org/@sentry%2fnode set size:undefined disposed:false
334 silly fetch manifest @expo/config-plugins@55.0.7
335 silly packumentCache full:https://registry.npmjs.org/@expo%2fconfig-plugins cache-miss
336 http fetch GET 200 https://registry.npmjs.org/set-interval-async 162ms (cache miss)
337 silly packumentCache full:https://registry.npmjs.org/set-interval-async set size:undefined disposed:false
338 silly fetch manifest @urql/exchange-retry@1.2.0
339 silly packumentCache full:https://registry.npmjs.org/@urql%2fexchange-retry cache-miss
340 http fetch GET 200 https://registry.npmjs.org/@expo%2feas-json 463ms (cache miss)
341 silly packumentCache full:https://registry.npmjs.org/@expo%2feas-json set size:undefined disposed:false
342 silly fetch manifest sandbox-cli-detector@0.2.0
343 silly packumentCache full:https://registry.npmjs.org/sandbox-cli-detector cache-miss
344 http fetch GET 200 https://registry.npmjs.org/sandbox-cli-detector 31ms (cache miss)
345 silly packumentCache full:https://registry.npmjs.org/sandbox-cli-detector set size:undefined disposed:false
346 silly fetch manifest @expo/package-manager@1.9.10
347 silly packumentCache full:https://registry.npmjs.org/@expo%2fpackage-manager cache-miss
348 http fetch GET 200 https://registry.npmjs.org/@expo%2fconfig-plugins 203ms (cache miss)
349 silly packumentCache full:https://registry.npmjs.org/@expo%2fconfig-plugins set size:undefined disposed:false
350 silly fetch manifest @expo/prebuild-config@9.0.12
351 silly packumentCache full:https://registry.npmjs.org/@expo%2fprebuild-config cache-miss
352 http fetch GET 200 https://registry.npmjs.org/@expo%2ftimeago.js 422ms (cache miss)
353 silly packumentCache full:https://registry.npmjs.org/@expo%2ftimeago.js set size:undefined disposed:false
354 silly fetch manifest @expo/rudder-sdk-node@1.1.1
355 silly packumentCache full:https://registry.npmjs.org/@expo%2frudder-sdk-node cache-miss
356 http fetch GET 200 https://registry.npmjs.org/@expo%2fpackage-manager 71ms (cache miss)
357 silly packumentCache full:https://registry.npmjs.org/@expo%2fpackage-manager set size:undefined disposed:false
358 silly fetch manifest @segment/ajv-human-errors@^2.1.2
359 silly packumentCache full:https://registry.npmjs.org/@segment%2fajv-human-errors cache-miss
360 http fetch GET 200 https://registry.npmjs.org/@expo%2fprebuild-config 76ms (cache miss)
361 silly packumentCache full:https://registry.npmjs.org/@expo%2fprebuild-config set size:undefined disposed:false
362 silly fetch manifest @oclif/plugin-autocomplete@^3.2.40
363 silly packumentCache full:https://registry.npmjs.org/@oclif%2fplugin-autocomplete cache-miss
364 http fetch GET 200 https://registry.npmjs.org/@expo%2fapple-utils 412ms (cache miss)
365 silly packumentCache full:https://registry.npmjs.org/@expo%2fapple-utils set size:undefined disposed:false
366 silly fetch manifest @expo/multipart-body-parser@2.0.0
367 silly packumentCache full:https://registry.npmjs.org/@expo%2fmultipart-body-parser cache-miss
368 http fetch GET 200 https://registry.npmjs.org/@expo%2feas-build-job 470ms (cache miss)
369 silly packumentCache full:https://registry.npmjs.org/@expo%2feas-build-job set size:undefined disposed:false
370 silly fetch manifest @expo/code-signing-certificates@0.0.5
371 silly packumentCache full:https://registry.npmjs.org/@expo%2fcode-signing-certificates cache-miss
372 http fetch GET 200 https://registry.npmjs.org/@expo%2fcode-signing-certificates 36ms (cache miss)
373 silly packumentCache full:https://registry.npmjs.org/@expo%2fcode-signing-certificates set size:undefined disposed:false
374 silly fetch manifest @expo/plugin-warn-if-update-available@2.5.1
375 silly packumentCache full:https://registry.npmjs.org/@expo%2fplugin-warn-if-update-available cache-miss
376 http fetch GET 200 https://registry.npmjs.org/@expo%2fplugin-help 608ms (cache miss)
377 silly packumentCache full:https://registry.npmjs.org/@expo%2fplugin-help set size:undefined disposed:false
378 http fetch GET 200 https://registry.npmjs.org/@urql%2fexchange-retry 402ms (cache miss)
379 silly packumentCache full:https://registry.npmjs.org/@urql%2fexchange-retry set size:undefined disposed:false
380 http fetch GET 200 https://registry.npmjs.org/@oclif%2fplugin-autocomplete 277ms (cache miss)
381 silly packumentCache full:https://registry.npmjs.org/@oclif%2fplugin-autocomplete set size:undefined disposed:false
382 http fetch GET 200 https://registry.npmjs.org/@expo%2frudder-sdk-node 408ms (cache miss)
383 silly packumentCache full:https://registry.npmjs.org/@expo%2frudder-sdk-node set size:undefined disposed:false
384 http fetch GET 200 https://registry.npmjs.org/@expo%2fmultipart-body-parser 405ms (cache miss)
385 silly packumentCache full:https://registry.npmjs.org/@expo%2fmultipart-body-parser set size:undefined disposed:false
386 http fetch GET 200 https://registry.npmjs.org/@segment%2fajv-human-errors 503ms (cache miss)
387 silly packumentCache full:https://registry.npmjs.org/@segment%2fajv-human-errors set size:undefined disposed:false
388 http fetch GET 200 https://registry.npmjs.org/@expo%2fplugin-warn-if-update-available 456ms (cache miss)
389 silly packumentCache full:https://registry.npmjs.org/@expo%2fplugin-warn-if-update-available set size:undefined disposed:false
390 silly fetch manifest bufferutil@^4.0.1
391 silly packumentCache full:https://registry.npmjs.org/bufferutil cache-miss
392 http fetch GET 200 https://registry.npmjs.org/bufferutil 33ms (cache miss)
393 silly packumentCache full:https://registry.npmjs.org/bufferutil set size:undefined disposed:false
394 silly fetch manifest utf-8-validate@>=5.0.2
395 silly packumentCache full:https://registry.npmjs.org/utf-8-validate cache-miss
396 http fetch GET 200 https://registry.npmjs.org/utf-8-validate 34ms (cache miss)
397 silly packumentCache full:https://registry.npmjs.org/utf-8-validate set size:undefined disposed:false
398 silly fetch manifest encoding@^0.1.0
399 silly packumentCache full:https://registry.npmjs.org/encoding cache-miss
400 http fetch GET 200 https://registry.npmjs.org/encoding 33ms (cache miss)
401 silly packumentCache full:https://registry.npmjs.org/encoding set size:undefined disposed:false
402 silly placeDep ROOT @expo/apple-utils@2.2.1 OK for: eas-cli@24.11.0 want: 2.2.1
403 silly placeDep ROOT @expo/code-signing-certificates@0.0.5 OK for: eas-cli@24.11.0 want: 0.0.5
404 silly placeDep ROOT @expo/config@55.0.10 OK for: eas-cli@24.11.0 want: 55.0.10
405 silly placeDep ROOT @expo/config-plugins@55.0.7 OK for: eas-cli@24.11.0 want: 55.0.7
406 silly placeDep ROOT @expo/eas-build-job@24.9.0 OK for: eas-cli@24.11.0 want: 24.9.0
407 silly placeDep ROOT @expo/eas-json@24.9.0 OK for: eas-cli@24.11.0 want: 24.9.0
408 silly placeDep ROOT @expo/env@1.0.7 OK for: eas-cli@24.11.0 want: ^1.0.0
409 silly placeDep ROOT @expo/json-file@8.3.3 OK for: eas-cli@24.11.0 want: 8.3.3
410 silly placeDep ROOT @expo/logger@24.8.0 OK for: eas-cli@24.11.0 want: 24.8.0
411 silly placeDep ROOT @expo/multipart-body-parser@2.0.0 OK for: eas-cli@24.11.0 want: 2.0.0
412 silly placeDep ROOT @expo/osascript@2.1.4 OK for: eas-cli@24.11.0 want: 2.1.4
413 silly placeDep ROOT @expo/package-manager@1.9.10 OK for: eas-cli@24.11.0 want: 1.9.10
414 silly placeDep ROOT @expo/pkcs12@0.1.3 OK for: eas-cli@24.11.0 want: 0.1.3
415 silly placeDep ROOT @expo/plist@0.3.5 OK for: eas-cli@24.11.0 want: 0.3.5
416 silly placeDep ROOT @expo/plugin-help@5.1.23 OK for: eas-cli@24.11.0 want: 5.1.23
417 silly placeDep ROOT @expo/plugin-warn-if-update-available@2.5.1 OK for: eas-cli@24.11.0 want: 2.5.1
418 silly placeDep ROOT @expo/prebuild-config@9.0.12 OK for: eas-cli@24.11.0 want: 9.0.12
419 silly placeDep ROOT @expo/results@1.0.0 OK for: eas-cli@24.11.0 want: 1.0.0
420 silly placeDep ROOT @expo/rudder-sdk-node@1.1.1 OK for: eas-cli@24.11.0 want: 1.1.1
421 silly placeDep ROOT @expo/spawn-async@1.7.2 OK for: eas-cli@24.11.0 want: 1.7.2
422 silly placeDep ROOT @expo/steps@24.9.0 OK for: eas-cli@24.11.0 want: 24.9.0
423 silly placeDep ROOT @expo/timeago.js@1.0.0 OK for: eas-cli@24.11.0 want: 1.0.0
424 silly placeDep ROOT @oclif/core@4.14.0 OK for: eas-cli@24.11.0 want: ^4.8.3
425 silly placeDep ROOT @oclif/plugin-autocomplete@3.3.0 OK for: eas-cli@24.11.0 want: ^3.2.40
426 silly placeDep ROOT @segment/ajv-human-errors@2.16.0 OK for: eas-cli@24.11.0 want: ^2.1.2
427 silly placeDep ROOT ajv@8.11.0 OK for: @segment/ajv-human-errors@2.16.0 want: ^8.0.0
428 silly placeDep ROOT @sentry/node@7.77.0 OK for: eas-cli@24.11.0 want: 7.77.0
429 silly placeDep ROOT @urql/core@4.0.11 OK for: eas-cli@24.11.0 want: 4.0.11
430 silly placeDep ROOT @urql/exchange-retry@1.2.0 OK for: eas-cli@24.11.0 want: 1.2.0
431 silly placeDep ROOT agent-cli-detector@0.1.7 OK for: eas-cli@24.11.0 want: 0.1.7
432 silly placeDep ROOT ajv-formats@2.1.1 OK for: eas-cli@24.11.0 want: 2.1.1
433 silly placeDep ROOT better-opn@3.0.2 OK for: eas-cli@24.11.0 want: 3.0.2
434 silly placeDep ROOT bplist-parser@0.3.2 OK for: eas-cli@24.11.0 want: ^0.3.0
435 silly placeDep ROOT centrifuge@5.7.1 OK for: eas-cli@24.11.0 want: 5.7.1
436 silly placeDep ROOT chalk@4.1.2 OK for: eas-cli@24.11.0 want: 4.1.2
437 silly placeDep ROOT cli-progress@3.12.0 OK for: eas-cli@24.11.0 want: 3.12.0
438 silly placeDep ROOT dateformat@4.6.3 OK for: eas-cli@24.11.0 want: 4.6.3
439 silly placeDep ROOT debug@4.4.3 OK for: eas-cli@24.11.0 want: 4.4.3
440 silly placeDep ROOT diff@7.0.0 OK for: eas-cli@24.11.0 want: 7.0.0
441 silly placeDep ROOT dotenv@16.3.1 OK for: eas-cli@24.11.0 want: 16.3.1
442 silly placeDep ROOT env-paths@2.2.0 OK for: eas-cli@24.11.0 want: 2.2.0
443 silly placeDep ROOT envinfo@7.11.0 OK for: eas-cli@24.11.0 want: 7.11.0
444 silly placeDep ROOT fast-deep-equal@3.1.3 OK for: eas-cli@24.11.0 want: 3.1.3
445 silly placeDep ROOT fast-glob@3.3.2 OK for: eas-cli@24.11.0 want: 3.3.2
446 silly placeDep ROOT figures@3.2.0 OK for: eas-cli@24.11.0 want: 3.2.0
447 silly placeDep ROOT form-data@4.0.6 OK for: eas-cli@24.11.0 want: ^4.0.4
448 silly placeDep ROOT fs-extra@11.2.0 OK for: eas-cli@24.11.0 want: 11.2.0
449 silly placeDep ROOT getenv@1.0.0 OK for: eas-cli@24.11.0 want: 1.0.0
450 silly placeDep ROOT gradle-to-js@2.0.1 OK for: eas-cli@24.11.0 want: 2.0.1
451 silly placeDep ROOT graphql@16.8.1 OK for: eas-cli@24.11.0 want: 16.8.1
452 silly placeDep ROOT graphql-tag@2.12.6 OK for: eas-cli@24.11.0 want: 2.12.6
453 silly placeDep ROOT https-proxy-agent@7.0.6 OK for: eas-cli@24.11.0 want: 7.0.6
454 silly placeDep ROOT ignore@5.3.0 OK for: eas-cli@24.11.0 want: 5.3.0
455 silly placeDep ROOT indent-string@4.0.0 OK for: eas-cli@24.11.0 want: 4.0.0
456 silly placeDep ROOT invariant@2.2.4 OK for: eas-cli@24.11.0 want: ^2.2.2
457 silly placeDep ROOT jks-js@1.1.0 OK for: eas-cli@24.11.0 want: 1.1.0
458 silly placeDep ROOT joi@17.11.0 OK for: eas-cli@24.11.0 want: 17.11.0
459 silly placeDep ROOT keychain@1.5.0 OK for: eas-cli@24.11.0 want: 1.5.0
460 silly placeDep ROOT log-symbols@4.1.0 OK for: eas-cli@24.11.0 want: 4.1.0
461 silly placeDep ROOT mime@3.0.0 OK for: eas-cli@24.11.0 want: 3.0.0
462 silly placeDep ROOT minimatch@5.1.2 OK for: eas-cli@24.11.0 want: 5.1.2
463 silly placeDep ROOT minizlib@3.1.0 OK for: eas-cli@24.11.0 want: 3.1.0
464 silly placeDep ROOT nanoid@3.3.8 OK for: eas-cli@24.11.0 want: 3.3.8
465 silly placeDep ROOT node-fetch@2.6.7 OK for: eas-cli@24.11.0 want: 2.6.7
466 silly placeDep ROOT node-forge@1.4.0 OK for: eas-cli@24.11.0 want: 1.4.0
467 silly placeDep ROOT node-stream-zip@1.15.0 OK for: eas-cli@24.11.0 want: 1.15.0
468 silly placeDep ROOT nullthrows@1.1.1 OK for: eas-cli@24.11.0 want: 1.1.1
469 silly placeDep ROOT open@8.4.0 OK for: eas-cli@24.11.0 want: 8.4.0
470 silly placeDep ROOT ora@5.1.0 OK for: eas-cli@24.11.0 want: 5.1.0
471 silly placeDep ROOT pkg-dir@4.2.0 OK for: eas-cli@24.11.0 want: 4.2.0
472 silly placeDep ROOT pngjs@7.0.0 OK for: eas-cli@24.11.0 want: 7.0.0
473 silly placeDep ROOT promise-limit@2.7.0 OK for: eas-cli@24.11.0 want: 2.7.0
474 silly placeDep ROOT promise-retry@2.0.1 OK for: eas-cli@24.11.0 want: 2.0.1
475 silly placeDep ROOT prompts@2.4.2 OK for: eas-cli@24.11.0 want: 2.4.2
476 silly placeDep ROOT qrcode-terminal@0.12.0 OK for: eas-cli@24.11.0 want: 0.12.0
477 silly placeDep ROOT resolve-from@5.0.0 OK for: eas-cli@24.11.0 want: 5.0.0
478 silly placeDep ROOT sandbox-cli-detector@0.2.0 OK for: eas-cli@24.11.0 want: 0.2.0
479 silly placeDep ROOT semver@7.5.4 OK for: eas-cli@24.11.0 want: 7.5.4
480 silly placeDep ROOT set-interval-async@3.0.3 OK for: eas-cli@24.11.0 want: 3.0.3
481 silly placeDep ROOT slash@3.0.0 OK for: eas-cli@24.11.0 want: 3.0.0
482 silly placeDep ROOT tar@7.5.19 OK for: eas-cli@24.11.0 want: 7.5.19
483 silly placeDep ROOT tar-stream@3.1.7 OK for: eas-cli@24.11.0 want: 3.1.7
484 silly placeDep ROOT terminal-link@2.1.1 OK for: eas-cli@24.11.0 want: 2.1.1
485 silly placeDep ROOT ts-deepmerge@6.2.0 OK for: eas-cli@24.11.0 want: 6.2.0
486 silly placeDep ROOT tslib@2.6.2 OK for: eas-cli@24.11.0 want: 2.6.2
487 silly placeDep ROOT turndown@7.1.2 OK for: eas-cli@24.11.0 want: 7.1.2
488 silly placeDep ROOT untildify@4.0.0 OK for: eas-cli@24.11.0 want: 4.0.0
489 silly placeDep ROOT uuid@11.1.1 OK for: eas-cli@24.11.0 want: 11.1.1
490 silly placeDep ROOT wrap-ansi@7.0.0 OK for: eas-cli@24.11.0 want: 7.0.0
491 silly placeDep ROOT ws@8.21.1 OK for: eas-cli@24.11.0 want: 8.21.1
492 silly placeDep ROOT yaml@2.6.0 OK for: eas-cli@24.11.0 want: 2.6.0
493 silly placeDep ROOT zod@4.6.5 OK for: eas-cli@24.11.0 want: ^4.1.3
494 silly fetch manifest node-forge@^1.2.1
495 silly packumentCache full:https://registry.npmjs.org/node-forge cache-miss
496 silly fetch manifest nullthrows@^1.1.1
497 silly packumentCache full:https://registry.npmjs.org/nullthrows cache-miss
498 silly fetch manifest glob@^13.0.0
499 silly packumentCache full:https://registry.npmjs.org/glob cache-miss
500 silly fetch manifest getenv@^2.0.0
501 silly packumentCache full:https://registry.npmjs.org/getenv cache-miss
502 silly fetch manifest semver@^7.6.0
503 silly packumentCache full:https://registry.npmjs.org/semver cache-miss
504 silly fetch manifest slugify@^1.3.4
505 silly packumentCache full:https://registry.npmjs.org/slugify cache-miss
506 silly fetch manifest deepmerge@^4.3.1
507 silly packumentCache full:https://registry.npmjs.org/deepmerge cache-miss
508 http cache https://registry.npmjs.org/node-forge 6ms (cache hit)
509 silly packumentCache full:https://registry.npmjs.org/node-forge set size:394631 disposed:false
510 silly fetch manifest resolve-from@^5.0.0
511 silly packumentCache full:https://registry.npmjs.org/resolve-from cache-miss
512 http cache https://registry.npmjs.org/getenv 8ms (cache hit)
513 silly packumentCache full:https://registry.npmjs.org/getenv set size:20110 disposed:false
514 silly fetch manifest @expo/json-file@^10.0.12
515 silly packumentCache full:https://registry.npmjs.org/@expo%2fjson-file cache-miss
516 http cache https://registry.npmjs.org/semver 8ms (cache hit)
517 silly packumentCache full:https://registry.npmjs.org/semver set size:246128 disposed:false
518 silly fetch manifest @expo/config-types@^55.0.5
519 silly packumentCache full:https://registry.npmjs.org/@expo%2fconfig-types cache-miss
520 http cache https://registry.npmjs.org/nullthrows 11ms (cache hit)
521 silly packumentCache full:https://registry.npmjs.org/nullthrows set size:14885 disposed:false
522 silly fetch manifest @expo/require-utils@^55.0.3
523 silly packumentCache full:https://registry.npmjs.org/@expo%2frequire-utils cache-miss
524 http cache https://registry.npmjs.org/resolve-from 4ms (cache hit)
525 silly packumentCache full:https://registry.npmjs.org/resolve-from set size:12911 disposed:false
526 silly fetch manifest @expo/config-plugins@~55.0.7
527 silly packumentCache full:https://registry.npmjs.org/@expo%2fconfig-plugins cache-miss
528 http cache https://registry.npmjs.org/@expo%2fjson-file 5ms (cache hit)
529 silly packumentCache full:https://registry.npmjs.org/@expo%2fjson-file set size:810743 disposed:false
530 silly fetch manifest resolve-workspace-root@^2.0.0
531 silly packumentCache full:https://registry.npmjs.org/resolve-workspace-root cache-miss
532 http cache https://registry.npmjs.org/@expo%2fconfig-plugins 7ms (cache hit)
533 silly packumentCache full:https://registry.npmjs.org/@expo%2fconfig-plugins set size:1386907 disposed:false
534 silly fetch manifest glob@^13.0.0
535 silly packumentCache full:https://registry.npmjs.org/glob cache-miss
536 http fetch GET 200 https://registry.npmjs.org/slugify 35ms (cache miss)
537 silly packumentCache full:https://registry.npmjs.org/slugify set size:undefined disposed:false
538 silly fetch manifest chalk@^4.1.2
539 silly packumentCache full:https://registry.npmjs.org/chalk cache-miss
540 http fetch GET 200 https://registry.npmjs.org/deepmerge 36ms (cache miss)
541 silly packumentCache full:https://registry.npmjs.org/deepmerge set size:undefined disposed:false
542 silly fetch manifest debug@^4.3.5
543 silly packumentCache full:https://registry.npmjs.org/debug cache-miss
544 http cache https://registry.npmjs.org/chalk 3ms (cache hit)
545 silly packumentCache full:https://registry.npmjs.org/chalk set size:137439 disposed:false
546 silly fetch manifest xcode@^3.0.1
547 silly packumentCache full:https://registry.npmjs.org/xcode cache-miss
548 http cache https://registry.npmjs.org/debug 3ms (cache hit)
549 silly packumentCache full:https://registry.npmjs.org/debug set size:195840 disposed:false
550 silly fetch manifest semver@^7.5.4
551 silly packumentCache full:https://registry.npmjs.org/semver cache-hit
552 silly fetch manifest xml2js@0.6.0
553 silly packumentCache full:https://registry.npmjs.org/xml2js cache-miss
554 http fetch GET 200 https://registry.npmjs.org/glob 46ms (cache miss)
555 silly packumentCache full:https://registry.npmjs.org/glob set size:undefined disposed:false
556 silly fetch manifest slugify@^1.6.6
557 silly packumentCache full:https://registry.npmjs.org/slugify cache-miss
558 http fetch GET 200 https://registry.npmjs.org/resolve-workspace-root 31ms (cache miss)
559 silly packumentCache full:https://registry.npmjs.org/resolve-workspace-root set size:undefined disposed:false
560 silly fetch manifest @expo/plist@^0.5.2
561 silly packumentCache full:https://registry.npmjs.org/@expo%2fplist cache-miss
562 http cache https://registry.npmjs.org/slugify 2ms (cache hit)
563 silly packumentCache full:https://registry.npmjs.org/slugify set size:103522 disposed:false
564 silly fetch manifest @expo/json-file@~10.0.12
565 silly packumentCache full:https://registry.npmjs.org/@expo%2fjson-file cache-hit
566 silly fetch manifest @expo/config-types@^55.0.5
567 silly packumentCache full:https://registry.npmjs.org/@expo%2fconfig-types cache-miss
568 http cache https://registry.npmjs.org/@expo%2fplist 3ms (cache hit)
569 silly packumentCache full:https://registry.npmjs.org/@expo%2fplist set size:603901 disposed:false
570 silly fetch manifest @expo/sdk-runtime-versions@^1.0.0
571 silly packumentCache full:https://registry.npmjs.org/@expo%2fsdk-runtime-versions cache-miss
572 http fetch GET 200 https://registry.npmjs.org/@expo%2fconfig-types 56ms (cache miss)
573 silly packumentCache full:https://registry.npmjs.org/@expo%2fconfig-types set size:undefined disposed:false
574 silly fetch manifest joi@^17.13.1
575 silly packumentCache full:https://registry.npmjs.org/joi cache-miss
576 http cache https://registry.npmjs.org/joi 2ms (cache hit)
577 silly packumentCache full:https://registry.npmjs.org/joi set size:547844 disposed:false
578 silly fetch manifest zod@^4.3.5
579 silly packumentCache full:https://registry.npmjs.org/zod cache-miss
580 http fetch GET 200 https://registry.npmjs.org/glob 51ms (cache miss)
581 silly packumentCache full:https://registry.npmjs.org/glob set size:undefined disposed:false
582 silly fetch manifest semver@^7.6.2
583 silly packumentCache full:https://registry.npmjs.org/semver cache-hit
584 silly fetch manifest @expo/turtle-spawn@24.8.0
585 silly packumentCache full:https://registry.npmjs.org/@expo%2fturtle-spawn cache-miss
586 http cache https://registry.npmjs.org/zod 11ms (cache hit)
587 silly packumentCache full:https://registry.npmjs.org/zod set size:4166672 disposed:false
588 silly fetch manifest tslib@2.4.1
589 silly packumentCache full:https://registry.npmjs.org/tslib cache-miss
590 http cache https://registry.npmjs.org/tslib 8ms (cache hit)
591 silly packumentCache full:https://registry.npmjs.org/tslib set size:108843 disposed:false
592 silly fetch manifest semver@7.5.2
593 silly packumentCache full:https://registry.npmjs.org/semver cache-hit
594 silly fetch manifest env-string@1.0.1
595 silly packumentCache full:https://registry.npmjs.org/env-string cache-miss
596 http fetch GET 200 https://registry.npmjs.org/xml2js 67ms (cache miss)
597 silly packumentCache full:https://registry.npmjs.org/xml2js set size:undefined disposed:false
598 silly fetch manifest golden-fleece@1.0.9
599 silly packumentCache full:https://registry.npmjs.org/golden-fleece cache-miss
600 http fetch GET 200 https://registry.npmjs.org/@expo%2fsdk-runtime-versions 59ms (cache miss)
601 silly packumentCache full:https://registry.npmjs.org/@expo%2fsdk-runtime-versions set size:undefined disposed:false
602 silly fetch manifest @babel/code-frame@7.23.5
603 silly packumentCache full:https://registry.npmjs.org/@babel%2fcode-frame cache-miss
604 http fetch GET 200 https://registry.npmjs.org/@expo%2fconfig-types 66ms (cache miss)
605 silly packumentCache full:https://registry.npmjs.org/@expo%2fconfig-types set size:undefined disposed:false
606 silly fetch manifest chalk@^4.0.0
607 silly packumentCache full:https://registry.npmjs.org/chalk cache-hit
608 silly fetch manifest debug@^4.3.4
609 silly packumentCache full:https://registry.npmjs.org/debug cache-hit
610 silly fetch manifest dotenv@~16.4.5
611 silly packumentCache full:https://registry.npmjs.org/dotenv cache-miss
612 http cache https://registry.npmjs.org/dotenv 2ms (cache hit)
613 silly packumentCache full:https://registry.npmjs.org/dotenv set size:298088 disposed:false
614 silly fetch manifest dotenv-expand@~11.0.6
615 silly packumentCache full:https://registry.npmjs.org/dotenv-expand cache-miss
616 http fetch GET 200 https://registry.npmjs.org/@babel%2fcode-frame 38ms (cache miss)
617 silly packumentCache full:https://registry.npmjs.org/@babel%2fcode-frame set size:undefined disposed:false
618 silly fetch manifest json5@^2.2.2
619 silly packumentCache full:https://registry.npmjs.org/json5 cache-miss
620 http fetch GET 200 https://registry.npmjs.org/dotenv-expand 38ms (cache miss)
621 silly packumentCache full:https://registry.npmjs.org/dotenv-expand set size:undefined disposed:false
622 silly fetch manifest @babel/code-frame@~7.10.4
623 silly packumentCache full:https://registry.npmjs.org/@babel%2fcode-frame cache-miss
624 http cache https://registry.npmjs.org/@babel%2fcode-frame 2ms (cache hit)
625 silly packumentCache full:https://registry.npmjs.org/@babel%2fcode-frame set size:208928 disposed:false
626 silly fetch manifest write-file-atomic@^2.3.0
627 silly packumentCache full:https://registry.npmjs.org/write-file-atomic cache-miss
628 http fetch GET 200 https://registry.npmjs.org/xcode 125ms (cache miss)
629 silly packumentCache full:https://registry.npmjs.org/xcode set size:undefined disposed:false
630 silly fetch manifest bunyan@^1.8.15
631 silly packumentCache full:https://registry.npmjs.org/bunyan cache-miss
632 http fetch GET 200 https://registry.npmjs.org/json5 33ms (cache miss)
633 silly packumentCache full:https://registry.npmjs.org/json5 set size:undefined disposed:false
634 silly fetch manifest @types/bunyan@^1.8.11
635 silly packumentCache full:https://registry.npmjs.org/@types%2fbunyan cache-miss
636 http fetch GET 200 https://registry.npmjs.org/@expo%2frequire-utils 185ms (cache miss)
637 silly packumentCache full:https://registry.npmjs.org/@expo%2frequire-utils set size:undefined disposed:false
638 silly fetch manifest multipasta@^0.2.5
639 silly packumentCache full:https://registry.npmjs.org/multipasta cache-miss
640 http fetch GET 200 https://registry.npmjs.org/multipasta 36ms (cache miss)
641 silly packumentCache full:https://registry.npmjs.org/multipasta set size:undefined disposed:false
642 silly fetch manifest exec-async@^2.2.0
643 silly packumentCache full:https://registry.npmjs.org/exec-async cache-miss
644 http fetch GET 200 https://registry.npmjs.org/env-string 257ms (cache miss)
645 silly packumentCache full:https://registry.npmjs.org/env-string set size:undefined disposed:false
646 silly fetch manifest @expo/spawn-async@^1.7.2
647 silly packumentCache full:https://registry.npmjs.org/@expo%2fspawn-async cache-miss
648 http fetch GET 200 https://registry.npmjs.org/golden-fleece 259ms (cache miss)
649 silly packumentCache full:https://registry.npmjs.org/golden-fleece set size:undefined disposed:false
650 silly fetch manifest ora@^3.4.0
651 silly packumentCache full:https://registry.npmjs.org/ora cache-miss
652 http fetch GET 200 https://registry.npmjs.org/write-file-atomic 205ms (cache miss)
653 silly packumentCache full:https://registry.npmjs.org/write-file-atomic set size:undefined disposed:false
654 silly fetch manifest @expo/json-file@^10.0.8
655 silly packumentCache full:https://registry.npmjs.org/@expo%2fjson-file cache-hit
656 silly fetch manifest npm-package-arg@^11.0.0
657 silly packumentCache full:https://registry.npmjs.org/npm-package-arg cache-miss
658 http cache https://registry.npmjs.org/@expo%2fspawn-async 6ms (cache hit)
659 silly packumentCache full:https://registry.npmjs.org/@expo%2fspawn-async set size:41361 disposed:false
660 silly fetch manifest base64-js@^1.2.3
661 silly packumentCache full:https://registry.npmjs.org/base64-js cache-miss
662 http cache https://registry.npmjs.org/ora 4ms (cache hit)
663 silly packumentCache full:https://registry.npmjs.org/ora set size:147148 disposed:false
664 silly fetch manifest xmlbuilder@^15.1.1
665 silly packumentCache full:https://registry.npmjs.org/xmlbuilder cache-miss
666 http fetch GET 200 https://registry.npmjs.org/exec-async 166ms (cache miss)
667 silly packumentCache full:https://registry.npmjs.org/exec-async set size:undefined disposed:false
668 silly fetch manifest @xmldom/xmldom@^0.8.8
669 silly packumentCache full:https://registry.npmjs.org/@xmldom%2fxmldom cache-miss
670 http fetch GET 200 https://registry.npmjs.org/base64-js 36ms (cache miss)
671 silly packumentCache full:https://registry.npmjs.org/base64-js set size:undefined disposed:false
672 silly fetch manifest @oclif/core@^2.11.1
673 silly packumentCache full:https://registry.npmjs.org/@oclif%2fcore cache-miss
674 http fetch GET 200 https://registry.npmjs.org/xmlbuilder 38ms (cache miss)
675 silly packumentCache full:https://registry.npmjs.org/xmlbuilder set size:undefined disposed:false
676 silly fetch manifest ejs@^3.1.7
677 silly packumentCache full:https://registry.npmjs.org/ejs cache-miss
678 http fetch GET 200 https://registry.npmjs.org/npm-package-arg 45ms (cache miss)
679 silly packumentCache full:https://registry.npmjs.org/npm-package-arg set size:undefined disposed:false
680 silly fetch manifest chalk@^4.1.0
681 silly packumentCache full:https://registry.npmjs.org/chalk cache-hit
682 silly fetch manifest tslib@^2.4.0
683 silly packumentCache full:https://registry.npmjs.org/tslib cache-hit
684 silly fetch manifest semver@^7.3.7
685 silly packumentCache full:https://registry.npmjs.org/semver cache-hit
686 silly fetch manifest fs-extra@^10.1.0
687 silly packumentCache full:https://registry.npmjs.org/fs-extra cache-miss
688 http cache https://registry.npmjs.org/@oclif%2fcore 12ms (cache hit)
689 silly packumentCache full:https://registry.npmjs.org/@oclif%2fcore set size:2104987 disposed:false
690 silly fetch manifest http-call@^5.2.2
691 silly packumentCache full:https://registry.npmjs.org/http-call cache-miss
692 http cache https://registry.npmjs.org/fs-extra 22ms (cache hit)
693 silly packumentCache full:https://registry.npmjs.org/fs-extra set size:242028 disposed:false
694 silly fetch manifest debug@^4.3.1
695 silly packumentCache full:https://registry.npmjs.org/debug cache-hit
696 silly fetch manifest @expo/config@~11.0.13
697 silly packumentCache full:https://registry.npmjs.org/@expo%2fconfig cache-miss
698 http cache https://registry.npmjs.org/@expo%2fconfig 3ms (cache hit)
699 silly packumentCache full:https://registry.npmjs.org/@expo%2fconfig set size:1583798 disposed:false
700 silly fetch manifest @expo/json-file@^9.1.5
701 silly packumentCache full:https://registry.npmjs.org/@expo%2fjson-file cache-hit
702 silly fetch manifest @expo/image-utils@^0.7.6
703 silly packumentCache full:https://registry.npmjs.org/@expo%2fimage-utils cache-miss
704 http fetch GET 200 https://registry.npmjs.org/@xmldom%2fxmldom 53ms (cache miss)
705 silly packumentCache full:https://registry.npmjs.org/@xmldom%2fxmldom set size:undefined disposed:false
706 silly fetch manifest @expo/config-types@^53.0.5
707 silly packumentCache full:https://registry.npmjs.org/@expo%2fconfig-types cache-miss
708 http cache https://registry.npmjs.org/@expo%2fconfig-types 3ms (cache hit)
709 silly packumentCache full:https://registry.npmjs.org/@expo%2fconfig-types set size:842034 disposed:false
710 silly fetch manifest @expo/config-plugins@~10.1.2
711 silly packumentCache full:https://registry.npmjs.org/@expo%2fconfig-plugins cache-miss
712 http fetch GET 200 https://registry.npmjs.org/ejs 43ms (cache miss)
713 silly packumentCache full:https://registry.npmjs.org/ejs set size:undefined disposed:false
714 silly fetch manifest @react-native/normalize-colors@0.79.6
715 silly packumentCache full:https://registry.npmjs.org/@react-native%2fnormalize-colors cache-miss
716 http cache https://registry.npmjs.org/@expo%2fconfig-plugins 3ms (cache hit)
717 silly packumentCache full:https://registry.npmjs.org/@expo%2fconfig-plugins set size:1386907 disposed:false
718 silly fetch manifest md5@^2.2.1
719 silly packumentCache full:https://registry.npmjs.org/md5 cache-miss
720 http fetch GET 200 https://registry.npmjs.org/@types%2fbunyan 299ms (cache miss)
721 silly packumentCache full:https://registry.npmjs.org/@types%2fbunyan set size:undefined disposed:false
722 silly fetch manifest uuid@^8.3.2
723 silly packumentCache full:https://registry.npmjs.org/uuid cache-miss
724 http cache https://registry.npmjs.org/uuid 2ms (cache hit)
725 silly packumentCache full:https://registry.npmjs.org/uuid set size:260936 disposed:false
726 silly fetch manifest node-fetch@^2.6.1
727 silly packumentCache full:https://registry.npmjs.org/node-fetch cache-miss
728 http fetch GET 200 https://registry.npmjs.org/@expo%2fturtle-spawn 411ms (cache miss)
729 silly packumentCache full:https://registry.npmjs.org/@expo%2fturtle-spawn set size:undefined disposed:false
730 silly fetch manifest fetch-retry@^4.1.1
731 silly packumentCache full:https://registry.npmjs.org/fetch-retry cache-miss
732 http cache https://registry.npmjs.org/node-fetch 4ms (cache hit)
733 silly packumentCache full:https://registry.npmjs.org/node-fetch set size:896010 disposed:false
734 silly fetch manifest @expo/bunyan@^4.0.0
735 silly packumentCache full:https://registry.npmjs.org/@expo%2fbunyan cache-miss
736 http fetch GET 200 https://registry.npmjs.org/md5 33ms (cache miss)
737 silly packumentCache full:https://registry.npmjs.org/md5 set size:undefined disposed:false
738 silly fetch manifest remove-trailing-slash@^0.1.0
739 silly packumentCache full:https://registry.npmjs.org/remove-trailing-slash cache-miss
740 http fetch GET 200 https://registry.npmjs.org/@react-native%2fnormalize-colors 79ms (cache miss)
741 silly packumentCache full:https://registry.npmjs.org/@react-native%2fnormalize-colors set size:undefined disposed:false
742 silly fetch manifest @segment/loosely-validate-event@^2.0.0
743 silly packumentCache full:https://registry.npmjs.org/@segment%2floosely-validate-event cache-miss
744 http fetch GET 200 https://registry.npmjs.org/http-call 172ms (cache miss)
745 silly packumentCache full:https://registry.npmjs.org/http-call set size:undefined disposed:false
746 silly fetch manifest cross-spawn@^7.0.3
747 silly packumentCache full:https://registry.npmjs.org/cross-spawn cache-miss
748 http fetch GET 200 https://registry.npmjs.org/cross-spawn 33ms (cache miss)
749 silly packumentCache full:https://registry.npmjs.org/cross-spawn set size:undefined disposed:false
750 silly fetch manifest arg@^5.0.2
751 silly packumentCache full:https://registry.npmjs.org/arg cache-miss
752 http fetch GET 200 https://registry.npmjs.org/@expo%2fimage-utils 192ms (cache miss)
753 silly packumentCache full:https://registry.npmjs.org/@expo%2fimage-utils set size:undefined disposed:false
754 silly fetch manifest jsep@^1.3.8
755 silly packumentCache full:https://registry.npmjs.org/jsep cache-miss
756 http fetch GET 200 https://registry.npmjs.org/fetch-retry 168ms (cache miss)
757 silly packumentCache full:https://registry.npmjs.org/fetch-retry set size:undefined disposed:false
758 silly fetch manifest uuid@^11.1.1
759 silly packumentCache full:https://registry.npmjs.org/uuid cache-hit
760 silly fetch manifest yaml@^2.4.3
761 silly packumentCache full:https://registry.npmjs.org/yaml cache-miss
762 http cache https://registry.npmjs.org/yaml 1ms (cache hit)
763 silly packumentCache full:https://registry.npmjs.org/yaml set size:386415 disposed:false
764 silly fetch manifest fs-extra@^11.2.0
765 silly packumentCache full:https://registry.npmjs.org/fs-extra cache-hit
766 silly fetch manifest fast-glob@^3.3.2
767 silly packumentCache full:https://registry.npmjs.org/fast-glob cache-miss
768 http cache https://registry.npmjs.org/fast-glob 2ms (cache hit)
769 silly packumentCache full:https://registry.npmjs.org/fast-glob set size:220556 disposed:false
770 silly fetch manifest lodash.clonedeep@^4.5.0
771 silly packumentCache full:https://registry.npmjs.org/lodash.clonedeep cache-miss
772 http fetch GET 200 https://registry.npmjs.org/arg 34ms (cache miss)
773 silly packumentCache full:https://registry.npmjs.org/arg set size:undefined disposed:false
774 silly fetch manifest ejs@^6
775 silly packumentCache full:https://registry.npmjs.org/ejs cache-miss
776 http cache https://registry.npmjs.org/ejs 2ms (cache hit)
777 silly packumentCache full:https://registry.npmjs.org/ejs set size:155322 disposed:false
778 silly fetch manifest ansis@^3.17.0
779 silly packumentCache full:https://registry.npmjs.org/ansis cache-miss
780 http fetch GET 200 https://registry.npmjs.org/remove-trailing-slash 181ms (cache miss)
781 silly packumentCache full:https://registry.npmjs.org/remove-trailing-slash set size:undefined disposed:false
782 silly fetch manifest debug@^4.4.3
783 silly packumentCache full:https://registry.npmjs.org/debug cache-hit
784 silly fetch manifest semver@^7.8.1
785 silly packumentCache full:https://registry.npmjs.org/semver cache-hit
786 silly fetch manifest wordwrap@^1.0.0
787 silly packumentCache full:https://registry.npmjs.org/wordwrap cache-miss
788 http fetch GET 200 https://registry.npmjs.org/lodash.clonedeep 29ms (cache miss)
789 silly packumentCache full:https://registry.npmjs.org/lodash.clonedeep set size:undefined disposed:false
790 silly fetch manifest lilconfig@^3.1.3
791 silly packumentCache full:https://registry.npmjs.org/lilconfig cache-miss
792 http fetch GET 200 https://registry.npmjs.org/wordwrap 30ms (cache miss)
793 silly packumentCache full:https://registry.npmjs.org/wordwrap set size:undefined disposed:false
794 silly fetch manifest minimatch@^10.2.5
795 silly packumentCache full:https://registry.npmjs.org/minimatch cache-miss
796 http cache https://registry.npmjs.org/minimatch 2ms (cache hit)
797 silly packumentCache full:https://registry.npmjs.org/minimatch set size:377924 disposed:false
798 silly fetch manifest wrap-ansi@^7.0.0
799 silly packumentCache full:https://registry.npmjs.org/wrap-ansi cache-miss
800 http fetch GET 200 https://registry.npmjs.org/ansis 36ms (cache miss)
801 silly packumentCache full:https://registry.npmjs.org/ansis set size:undefined disposed:false
802 silly fetch manifest wsl-utils@^0.4.0
803 silly packumentCache full:https://registry.npmjs.org/wsl-utils cache-miss
804 http cache https://registry.npmjs.org/wrap-ansi 2ms (cache hit)
805 silly packumentCache full:https://registry.npmjs.org/wrap-ansi set size:59620 disposed:false
806 silly fetch manifest tinyglobby@^0.2.17
807 silly packumentCache full:https://registry.npmjs.org/tinyglobby cache-miss
808 http fetch GET 200 https://registry.npmjs.org/lilconfig 31ms (cache miss)
809 silly packumentCache full:https://registry.npmjs.org/lilconfig set size:undefined disposed:false
810 silly fetch manifest clean-stack@^3.0.1
811 silly packumentCache full:https://registry.npmjs.org/clean-stack cache-miss
812 http fetch GET 200 https://registry.npmjs.org/tinyglobby 31ms (cache miss)
813 silly packumentCache full:https://registry.npmjs.org/tinyglobby set size:undefined disposed:false
814 silly fetch manifest widest-line@^3.1.0
815 silly packumentCache full:https://registry.npmjs.org/widest-line cache-miss
816 http fetch GET 200 https://registry.npmjs.org/wsl-utils 33ms (cache miss)
817 silly packumentCache full:https://registry.npmjs.org/wsl-utils set size:undefined disposed:false
818 silly fetch manifest ansi-escapes@^4.3.2
819 silly packumentCache full:https://registry.npmjs.org/ansi-escapes cache-miss
820 http fetch GET 200 https://registry.npmjs.org/clean-stack 30ms (cache miss)
821 silly packumentCache full:https://registry.npmjs.org/clean-stack set size:undefined disposed:false
822 silly fetch manifest cli-spinners@^2.9.2
823 silly packumentCache full:https://registry.npmjs.org/cli-spinners cache-miss
824 http fetch GET 200 https://registry.npmjs.org/widest-line 32ms (cache miss)
825 silly packumentCache full:https://registry.npmjs.org/widest-line set size:undefined disposed:false
826 silly fetch manifest string-width@^4.2.3
827 silly packumentCache full:https://registry.npmjs.org/string-width cache-miss
828 http fetch GET 200 https://registry.npmjs.org/ansi-escapes 32ms (cache miss)
829 silly packumentCache full:https://registry.npmjs.org/ansi-escapes set size:undefined disposed:false
830 silly fetch manifest indent-string@^4.0.0
831 silly packumentCache full:https://registry.npmjs.org/indent-string cache-miss
832 http cache https://registry.npmjs.org/indent-string 1ms (cache hit)
833 silly packumentCache full:https://registry.npmjs.org/indent-string set size:28547 disposed:false
834 silly fetch manifest supports-color@^8
835 silly packumentCache full:https://registry.npmjs.org/supports-color cache-miss
836 http fetch GET 200 https://registry.npmjs.org/cli-spinners 29ms (cache miss)
837 silly packumentCache full:https://registry.npmjs.org/cli-spinners set size:undefined disposed:false
838 silly fetch manifest get-package-type@^0.1.0
839 silly packumentCache full:https://registry.npmjs.org/get-package-type cache-miss
840 http fetch GET 200 https://registry.npmjs.org/get-package-type 101ms (cache miss)
841 silly packumentCache full:https://registry.npmjs.org/get-package-type set size:undefined disposed:false
842 silly fetch manifest ejs@^3.1.10
843 silly packumentCache full:https://registry.npmjs.org/ejs cache-hit
844 silly fetch manifest ansis@^3.16.0
845 silly packumentCache full:https://registry.npmjs.org/ansis cache-miss
846 http fetch GET 200 https://registry.npmjs.org/supports-color 105ms (cache miss)
847 silly packumentCache full:https://registry.npmjs.org/supports-color set size:undefined disposed:false
848 silly fetch manifest debug@^4.4.1
849 silly packumentCache full:https://registry.npmjs.org/debug cache-hit
850 silly fetch manifest uri-js@^4.2.2
851 silly packumentCache full:https://registry.npmjs.org/uri-js cache-miss
852 http fetch GET 200 https://registry.npmjs.org/string-width 110ms (cache miss)
853 silly packumentCache full:https://registry.npmjs.org/string-width set size:undefined disposed:false
854 silly fetch manifest fast-deep-equal@^3.1.1
855 silly packumentCache full:https://registry.npmjs.org/fast-deep-equal cache-miss
856 http fetch GET 200 https://registry.npmjs.org/jsep 245ms (cache miss)
857 silly packumentCache full:https://registry.npmjs.org/jsep set size:undefined disposed:false
858 silly fetch manifest require-from-string@^2.0.2
859 silly packumentCache full:https://registry.npmjs.org/require-from-string cache-miss
860 http cache https://registry.npmjs.org/ansis 6ms (cache hit)
861 silly packumentCache full:https://registry.npmjs.org/ansis set size:234969 disposed:false
862 silly fetch manifest json-schema-traverse@^1.0.0
863 silly packumentCache full:https://registry.npmjs.org/json-schema-traverse cache-miss
864 http cache https://registry.npmjs.org/fast-deep-equal 5ms (cache hit)
865 silly packumentCache full:https://registry.npmjs.org/fast-deep-equal set size:48634 disposed:false
866 silly fetch manifest @sentry/core@7.77.0
867 silly packumentCache full:https://registry.npmjs.org/@sentry%2fcore cache-miss
868 http fetch GET 200 https://registry.npmjs.org/@expo%2fbunyan 420ms (cache miss)
869 silly packumentCache full:https://registry.npmjs.org/@expo%2fbunyan set size:undefined disposed:false
870 silly fetch manifest @sentry/types@7.77.0
871 silly packumentCache full:https://registry.npmjs.org/@sentry%2ftypes cache-miss
872 http fetch GET 200 https://registry.npmjs.org/uri-js 32ms (cache miss)
873 silly packumentCache full:https://registry.npmjs.org/uri-js set size:undefined disposed:false
874 silly fetch manifest @sentry/utils@7.77.0
875 silly packumentCache full:https://registry.npmjs.org/@sentry%2futils cache-miss
876 http fetch GET 200 https://registry.npmjs.org/require-from-string 30ms (cache miss)
877 silly packumentCache full:https://registry.npmjs.org/require-from-string set size:undefined disposed:false
878 silly fetch manifest https-proxy-agent@^5.0.0
879 silly packumentCache full:https://registry.npmjs.org/https-proxy-agent cache-miss
880 http cache https://registry.npmjs.org/https-proxy-agent 1ms (cache hit)
881 silly packumentCache full:https://registry.npmjs.org/https-proxy-agent set size:83792 disposed:false
882 silly fetch manifest @sentry-internal/tracing@7.77.0
883 silly packumentCache full:https://registry.npmjs.org/@sentry-internal%2ftracing cache-miss
884 http fetch GET 200 https://registry.npmjs.org/json-schema-traverse 32ms (cache miss)
885 silly packumentCache full:https://registry.npmjs.org/json-schema-traverse set size:undefined disposed:false
886 silly fetch manifest wonka@^6.3.2
887 silly packumentCache full:https://registry.npmjs.org/wonka cache-miss
888 http fetch GET 200 https://registry.npmjs.org/@segment%2floosely-validate-event 398ms (cache miss)
889 silly packumentCache full:https://registry.npmjs.org/@segment%2floosely-validate-event set size:undefined disposed:false
890 silly fetch manifest @0no-co/graphql.web@^1.0.1
891 silly packumentCache full:https://registry.npmjs.org/@0no-co%2fgraphql.web cache-miss
892 http fetch GET 200 https://registry.npmjs.org/bunyan 811ms (cache miss)
893 silly packumentCache full:https://registry.npmjs.org/bunyan set size:undefined disposed:false
894 silly fetch manifest wonka@^6.3.2
895 silly packumentCache full:https://registry.npmjs.org/wonka cache-miss
896 http fetch GET 200 https://registry.npmjs.org/@sentry%2ftypes 101ms (cache miss)
897 silly packumentCache full:https://registry.npmjs.org/@sentry%2ftypes set size:undefined disposed:false
898 silly fetch manifest open@^8.0.4
899 silly packumentCache full:https://registry.npmjs.org/open cache-miss
900 http cache https://registry.npmjs.org/open 2ms (cache hit)
901 silly packumentCache full:https://registry.npmjs.org/open set size:145310 disposed:false
902 silly fetch manifest big-integer@1.6.x
903 silly packumentCache full:https://registry.npmjs.org/big-integer cache-miss
904 http fetch GET 200 https://registry.npmjs.org/@sentry%2fcore 191ms (cache miss)
905 silly packumentCache full:https://registry.npmjs.org/@sentry%2fcore set size:undefined disposed:false
906 silly fetch manifest events@^3.3.0
907 silly packumentCache full:https://registry.npmjs.org/events cache-miss
908 http fetch GET 200 https://registry.npmjs.org/wonka 176ms (cache miss)
909 silly packumentCache full:https://registry.npmjs.org/wonka set size:undefined disposed:false
910 silly fetch manifest protobufjs@^7.6.0
911 silly packumentCache full:https://registry.npmjs.org/protobufjs cache-miss
912 http fetch GET 200 https://registry.npmjs.org/big-integer 34ms (cache miss)
913 silly packumentCache full:https://registry.npmjs.org/big-integer set size:undefined disposed:false
914 silly fetch manifest ansi-styles@^4.1.0
915 silly packumentCache full:https://registry.npmjs.org/ansi-styles cache-miss
916 http fetch GET 200 https://registry.npmjs.org/events 32ms (cache miss)
917 silly packumentCache full:https://registry.npmjs.org/events set size:undefined disposed:false
918 silly fetch manifest supports-color@^7.1.0
919 silly packumentCache full:https://registry.npmjs.org/supports-color cache-miss
920 http cache https://registry.npmjs.org/supports-color 1ms (cache hit)
921 silly packumentCache full:https://registry.npmjs.org/supports-color set size:124169 disposed:false
922 silly fetch manifest ms@^2.1.3
923 silly packumentCache full:https://registry.npmjs.org/ms cache-miss
924 http fetch GET 200 https://registry.npmjs.org/ansi-styles 34ms (cache miss)
925 silly packumentCache full:https://registry.npmjs.org/ansi-styles set size:undefined disposed:false
926 silly fetch manifest merge2@^1.3.0
927 silly packumentCache full:https://registry.npmjs.org/merge2 cache-miss
928 http fetch GET 200 https://registry.npmjs.org/protobufjs 44ms (cache miss)
929 silly packumentCache full:https://registry.npmjs.org/protobufjs set size:undefined disposed:false
930 silly fetch manifest micromatch@^4.0.4
931 silly packumentCache full:https://registry.npmjs.org/micromatch cache-miss
932 http fetch GET 200 https://registry.npmjs.org/ms 32ms (cache miss)
933 silly packumentCache full:https://registry.npmjs.org/ms set size:undefined disposed:false
934 silly fetch manifest glob-parent@^5.1.2
935 silly packumentCache full:https://registry.npmjs.org/glob-parent cache-miss
936 http fetch GET 200 https://registry.npmjs.org/merge2 34ms (cache miss)
937 silly packumentCache full:https://registry.npmjs.org/merge2 set size:undefined disposed:false
938 silly fetch manifest @nodelib/fs.stat@^2.0.2
939 silly packumentCache full:https://registry.npmjs.org/@nodelib%2ffs.stat cache-miss
940 http fetch GET 200 https://registry.npmjs.org/micromatch 33ms (cache miss)
941 silly packumentCache full:https://registry.npmjs.org/micromatch set size:undefined disposed:false
942 silly fetch manifest @nodelib/fs.walk@^1.2.3
943 silly packumentCache full:https://registry.npmjs.org/@nodelib%2ffs.walk cache-miss
944 http fetch GET 200 https://registry.npmjs.org/glob-parent 30ms (cache miss)
945 silly packumentCache full:https://registry.npmjs.org/glob-parent set size:undefined disposed:false
946 silly fetch manifest escape-string-regexp@^1.0.5
947 silly packumentCache full:https://registry.npmjs.org/escape-string-regexp cache-miss
948 http fetch GET 200 https://registry.npmjs.org/@nodelib%2ffs.stat 38ms (cache miss)
949 silly packumentCache full:https://registry.npmjs.org/@nodelib%2ffs.stat set size:undefined disposed:false
950 silly fetch manifest hasown@^2.0.4
951 silly packumentCache full:https://registry.npmjs.org/hasown cache-miss
952 http fetch GET 200 https://registry.npmjs.org/@nodelib%2ffs.walk 36ms (cache miss)
953 silly packumentCache full:https://registry.npmjs.org/@nodelib%2ffs.walk set size:undefined disposed:false
954 silly fetch manifest asynckit@^0.4.0
955 silly packumentCache full:https://registry.npmjs.org/asynckit cache-miss
956 http fetch GET 200 https://registry.npmjs.org/escape-string-regexp 29ms (cache miss)
957 silly packumentCache full:https://registry.npmjs.org/escape-string-regexp set size:undefined disposed:false
958 silly fetch manifest mime-types@^2.1.35
959 silly packumentCache full:https://registry.npmjs.org/mime-types cache-miss
960 http fetch GET 200 https://registry.npmjs.org/hasown 32ms (cache miss)
961 silly packumentCache full:https://registry.npmjs.org/hasown set size:undefined disposed:false
962 silly fetch manifest combined-stream@^1.0.8
963 silly packumentCache full:https://registry.npmjs.org/combined-stream cache-miss
964 http fetch GET 200 https://registry.npmjs.org/asynckit 31ms (cache miss)
965 silly packumentCache full:https://registry.npmjs.org/asynckit set size:undefined disposed:false
966 silly fetch manifest es-set-tostringtag@^2.1.0
967 silly packumentCache full:https://registry.npmjs.org/es-set-tostringtag cache-miss
968 http fetch GET 200 https://registry.npmjs.org/mime-types 35ms (cache miss)
969 silly packumentCache full:https://registry.npmjs.org/mime-types set size:undefined disposed:false
970 silly fetch manifest jsonfile@^6.0.1
971 silly packumentCache full:https://registry.npmjs.org/jsonfile cache-miss
972 http fetch GET 200 https://registry.npmjs.org/es-set-tostringtag 29ms (cache miss)
973 silly packumentCache full:https://registry.npmjs.org/es-set-tostringtag set size:undefined disposed:false
974 silly fetch manifest graceful-fs@^4.2.0
975 silly packumentCache full:https://registry.npmjs.org/graceful-fs cache-miss
976 http fetch GET 200 https://registry.npmjs.org/combined-stream 32ms (cache miss)
977 silly packumentCache full:https://registry.npmjs.org/combined-stream set size:undefined disposed:false
978 silly fetch manifest universalify@^2.0.0
979 silly packumentCache full:https://registry.npmjs.org/universalify cache-miss
980 http fetch GET 200 https://registry.npmjs.org/jsonfile 30ms (cache miss)
981 silly packumentCache full:https://registry.npmjs.org/jsonfile set size:undefined disposed:false
982 silly fetch manifest lodash.merge@^4.6.2
983 silly packumentCache full:https://registry.npmjs.org/lodash.merge cache-miss
984 http fetch GET 200 https://registry.npmjs.org/universalify 32ms (cache miss)
985 silly packumentCache full:https://registry.npmjs.org/universalify set size:undefined disposed:false
986 silly fetch manifest tslib@^2.1.0
987 silly packumentCache full:https://registry.npmjs.org/tslib cache-hit
988 silly fetch manifest agent-base@^7.1.2
989 silly packumentCache full:https://registry.npmjs.org/agent-base cache-miss
990 http fetch GET 200 https://registry.npmjs.org/graceful-fs 34ms (cache miss)
991 silly packumentCache full:https://registry.npmjs.org/graceful-fs set size:undefined disposed:false
992 silly fetch manifest loose-envify@^1.0.0
993 silly packumentCache full:https://registry.npmjs.org/loose-envify cache-miss
994 http fetch GET 200 https://registry.npmjs.org/lodash.merge 121ms (cache miss)
995 silly packumentCache full:https://registry.npmjs.org/lodash.merge set size:undefined disposed:false
996 silly fetch manifest node-rsa@^1.1.1
997 silly packumentCache full:https://registry.npmjs.org/node-rsa cache-miss
998 http fetch GET 200 https://registry.npmjs.org/@sentry%2futils 492ms (cache miss)
999 silly packumentCache full:https://registry.npmjs.org/@sentry%2futils set size:undefined disposed:false
1000 silly fetch manifest node-forge@^1.3.1
1001 silly packumentCache full:https://registry.npmjs.org/node-forge cache-hit
1002 silly fetch manifest node-int64@^0.4.0
1003 silly packumentCache full:https://registry.npmjs.org/node-int64 cache-miss
1004 http fetch GET 200 https://registry.npmjs.org/@sentry-internal%2ftracing 498ms (cache miss)
1005 silly packumentCache full:https://registry.npmjs.org/@sentry-internal%2ftracing set size:undefined disposed:false
1006 silly fetch manifest @hapi/hoek@^9.0.0
1007 silly packumentCache full:https://registry.npmjs.org/@hapi%2fhoek cache-miss
1008 http fetch GET 200 https://registry.npmjs.org/agent-base 124ms (cache miss)
1009 silly packumentCache full:https://registry.npmjs.org/agent-base set size:undefined disposed:false
1010 silly fetch manifest @hapi/topo@^5.0.0
1011 silly packumentCache full:https://registry.npmjs.org/@hapi%2ftopo cache-miss
1012 http fetch GET 200 https://registry.npmjs.org/loose-envify 123ms (cache miss)
1013 silly packumentCache full:https://registry.npmjs.org/loose-envify set size:undefined disposed:false
1014 silly fetch manifest @sideway/address@^4.1.3
1015 silly packumentCache full:https://registry.npmjs.org/@sideway%2faddress cache-miss
1016 http fetch GET 200 https://registry.npmjs.org/@0no-co%2fgraphql.web 502ms (cache miss)
1017 silly packumentCache full:https://registry.npmjs.org/@0no-co%2fgraphql.web set size:undefined disposed:false
1018 silly fetch manifest @sideway/formula@^3.0.1
1019 silly packumentCache full:https://registry.npmjs.org/@sideway%2fformula cache-miss
1020 http fetch GET 200 https://registry.npmjs.org/node-int64 29ms (cache miss)
1021 silly packumentCache full:https://registry.npmjs.org/node-int64 set size:undefined disposed:false
1022 silly fetch manifest @sideway/pinpoint@^2.0.0
1023 silly packumentCache full:https://registry.npmjs.org/@sideway%2fpinpoint cache-miss
1024 http fetch GET 200 https://registry.npmjs.org/wonka 477ms (cache miss)
1025 silly packumentCache full:https://registry.npmjs.org/wonka set size:undefined disposed:false
1026 silly fetch manifest is-unicode-supported@^0.1.0
1027 silly packumentCache full:https://registry.npmjs.org/is-unicode-supported cache-miss
1028 http fetch GET 200 https://registry.npmjs.org/@hapi%2fhoek 47ms (cache miss)
1029 silly packumentCache full:https://registry.npmjs.org/@hapi%2fhoek set size:undefined disposed:false
1030 silly fetch manifest brace-expansion@^2.0.1
1031 silly packumentCache full:https://registry.npmjs.org/brace-expansion cache-miss
1032 http fetch GET 200 https://registry.npmjs.org/@sideway%2fformula 35ms (cache miss)
1033 silly packumentCache full:https://registry.npmjs.org/@sideway%2fformula set size:undefined disposed:false
1034 silly fetch manifest minipass@^7.1.2
1035 silly packumentCache full:https://registry.npmjs.org/minipass cache-miss
1036 http fetch GET 200 https://registry.npmjs.org/@hapi%2ftopo 39ms (cache miss)
1037 silly packumentCache full:https://registry.npmjs.org/@hapi%2ftopo set size:undefined disposed:false
1038 silly fetch manifest whatwg-url@^5.0.0
1039 silly packumentCache full:https://registry.npmjs.org/whatwg-url cache-miss
1040 http fetch GET 200 https://registry.npmjs.org/@sideway%2faddress 40ms (cache miss)
1041 silly packumentCache full:https://registry.npmjs.org/@sideway%2faddress set size:undefined disposed:false
1042 silly fetch manifest is-wsl@^2.2.0
1043 silly packumentCache full:https://registry.npmjs.org/is-wsl cache-miss
1044 http fetch GET 200 https://registry.npmjs.org/@sideway%2fpinpoint 37ms (cache miss)
1045 silly packumentCache full:https://registry.npmjs.org/@sideway%2fpinpoint set size:undefined disposed:false
1046 silly fetch manifest is-docker@^2.1.1
1047 silly packumentCache full:https://registry.npmjs.org/is-docker cache-miss
1048 http fetch GET 200 https://registry.npmjs.org/is-unicode-supported 31ms (cache miss)
1049 silly packumentCache full:https://registry.npmjs.org/is-unicode-supported set size:undefined disposed:false
1050 silly fetch manifest define-lazy-prop@^2.0.0
1051 silly packumentCache full:https://registry.npmjs.org/define-lazy-prop cache-miss
1052 http fetch GET 200 https://registry.npmjs.org/is-wsl 35ms (cache miss)
1053 silly packumentCache full:https://registry.npmjs.org/is-wsl set size:undefined disposed:false
1054 silly fetch manifest wcwidth@^1.0.1
1055 silly packumentCache full:https://registry.npmjs.org/wcwidth cache-miss
1056 http fetch GET 200 https://registry.npmjs.org/whatwg-url 38ms (cache miss)
1057 silly packumentCache full:https://registry.npmjs.org/whatwg-url set size:undefined disposed:false
1058 silly fetch manifest cli-cursor@^3.1.0
1059 silly packumentCache full:https://registry.npmjs.org/cli-cursor cache-miss
1060 http fetch GET 200 https://registry.npmjs.org/minipass 40ms (cache miss)
1061 silly packumentCache full:https://registry.npmjs.org/minipass set size:undefined disposed:false
1062 silly fetch manifest strip-ansi@^6.0.0
1063 silly packumentCache full:https://registry.npmjs.org/strip-ansi cache-miss
1064 http fetch GET 200 https://registry.npmjs.org/is-docker 33ms (cache miss)
1065 silly packumentCache full:https://registry.npmjs.org/is-docker set size:undefined disposed:false
1066 silly fetch manifest mute-stream@0.0.8
1067 silly packumentCache full:https://registry.npmjs.org/mute-stream cache-miss
1068 http fetch GET 200 https://registry.npmjs.org/define-lazy-prop 32ms (cache miss)
1069 silly packumentCache full:https://registry.npmjs.org/define-lazy-prop set size:undefined disposed:false
1070 silly fetch manifest cli-spinners@^2.4.0
1071 silly packumentCache full:https://registry.npmjs.org/cli-spinners cache-miss
1072 http cache https://registry.npmjs.org/cli-spinners 1ms (cache hit)
1073 silly packumentCache full:https://registry.npmjs.org/cli-spinners set size:67473 disposed:false
1074 silly fetch manifest is-interactive@^1.0.0
1075 silly packumentCache full:https://registry.npmjs.org/is-interactive cache-miss
1076 http fetch GET 200 https://registry.npmjs.org/wcwidth 32ms (cache miss)
1077 silly packumentCache full:https://registry.npmjs.org/wcwidth set size:undefined disposed:false
1078 silly fetch manifest find-up@^4.0.0
1079 silly packumentCache full:https://registry.npmjs.org/find-up cache-miss
1080 http fetch GET 200 https://registry.npmjs.org/mute-stream 30ms (cache miss)
1081 silly packumentCache full:https://registry.npmjs.org/mute-stream set size:undefined disposed:false
1082 silly fetch manifest err-code@^2.0.2
1083 silly packumentCache full:https://registry.npmjs.org/err-code cache-miss
1084 http fetch GET 200 https://registry.npmjs.org/cli-cursor 34ms (cache miss)
1085 silly packumentCache full:https://registry.npmjs.org/cli-cursor set size:undefined disposed:false
1086 silly fetch manifest retry@^0.12.0
1087 silly packumentCache full:https://registry.npmjs.org/retry cache-miss
1088 http fetch GET 200 https://registry.npmjs.org/strip-ansi 32ms (cache miss)
1089 silly packumentCache full:https://registry.npmjs.org/strip-ansi set size:undefined disposed:false
1090 silly fetch manifest kleur@^3.0.3
1091 silly packumentCache full:https://registry.npmjs.org/kleur cache-miss
1092 http fetch GET 200 https://registry.npmjs.org/is-interactive 28ms (cache miss)
1093 silly packumentCache full:https://registry.npmjs.org/is-interactive set size:undefined disposed:false
1094 silly fetch manifest sisteransi@^1.0.5
1095 silly packumentCache full:https://registry.npmjs.org/sisteransi cache-miss
1096 http fetch GET 200 https://registry.npmjs.org/brace-expansion 94ms (cache miss)
1097 silly packumentCache full:https://registry.npmjs.org/brace-expansion set size:undefined disposed:false
1098 silly fetch manifest lru-cache@^6.0.0
1099 silly packumentCache full:https://registry.npmjs.org/lru-cache cache-miss
1100 http fetch GET 200 https://registry.npmjs.org/node-rsa 160ms (cache miss)
1101 silly packumentCache full:https://registry.npmjs.org/node-rsa set size:undefined disposed:false
1102 silly fetch manifest chownr@^3.0.0
1103 silly packumentCache full:https://registry.npmjs.org/chownr cache-miss
1104 http fetch GET 200 https://registry.npmjs.org/find-up 31ms (cache miss)
1105 silly packumentCache full:https://registry.npmjs.org/find-up set size:undefined disposed:false
1106 silly fetch manifest yallist@^5.0.0
1107 silly packumentCache full:https://registry.npmjs.org/yallist cache-miss
1108 http fetch GET 200 https://registry.npmjs.org/retry 30ms (cache miss)
1109 silly packumentCache full:https://registry.npmjs.org/retry set size:undefined disposed:false
1110 silly fetch manifest @isaacs/fs-minipass@^4.0.0
1111 silly packumentCache full:https://registry.npmjs.org/@isaacs%2ffs-minipass cache-miss
1112 http fetch GET 200 https://registry.npmjs.org/kleur 32ms (cache miss)
1113 silly packumentCache full:https://registry.npmjs.org/kleur set size:undefined disposed:false
1114 silly fetch manifest b4a@^1.6.4
1115 silly packumentCache full:https://registry.npmjs.org/b4a cache-miss
1116 http fetch GET 200 https://registry.npmjs.org/sisteransi 29ms (cache miss)
1117 silly packumentCache full:https://registry.npmjs.org/sisteransi set size:undefined disposed:false
1118 silly fetch manifest streamx@^2.15.0
1119 silly packumentCache full:https://registry.npmjs.org/streamx cache-miss
1120 http fetch GET 200 https://registry.npmjs.org/chownr 29ms (cache miss)
1121 silly packumentCache full:https://registry.npmjs.org/chownr set size:undefined disposed:false
1122 silly fetch manifest fast-fifo@^1.2.0
1123 silly packumentCache full:https://registry.npmjs.org/fast-fifo cache-miss
1124 http fetch GET 200 https://registry.npmjs.org/yallist 30ms (cache miss)
1125 silly packumentCache full:https://registry.npmjs.org/yallist set size:undefined disposed:false
1126 silly fetch manifest ansi-escapes@^4.2.1
1127 silly packumentCache full:https://registry.npmjs.org/ansi-escapes cache-miss
1128 http cache https://registry.npmjs.org/ansi-escapes 1ms (cache hit)
1129 silly packumentCache full:https://registry.npmjs.org/ansi-escapes set size:70915 disposed:false
1130 silly fetch manifest supports-hyperlinks@^2.0.0
1131 silly packumentCache full:https://registry.npmjs.org/supports-hyperlinks cache-miss
1132 http fetch GET 200 https://registry.npmjs.org/b4a 31ms (cache miss)
1133 silly packumentCache full:https://registry.npmjs.org/b4a set size:undefined disposed:false
1134 silly fetch manifest domino@^2.1.6
1135 silly packumentCache full:https://registry.npmjs.org/domino cache-miss
1136 http fetch GET 200 https://registry.npmjs.org/@isaacs%2ffs-minipass 36ms (cache miss)
1137 silly packumentCache full:https://registry.npmjs.org/@isaacs%2ffs-minipass set size:undefined disposed:false
1138 silly fetch manifest ansi-styles@^4.0.0
1139 silly packumentCache full:https://registry.npmjs.org/ansi-styles cache-miss
1140 http cache https://registry.npmjs.org/ansi-styles 1ms (cache hit)
1141 silly packumentCache full:https://registry.npmjs.org/ansi-styles set size:71772 disposed:false
1142 silly fetch manifest string-width@^4.1.0
1143 silly packumentCache full:https://registry.npmjs.org/string-width cache-miss
1144 http cache https://registry.npmjs.org/string-width 1ms (cache hit)
1145 silly packumentCache full:https://registry.npmjs.org/string-width set size:74702 disposed:false
1146 http fetch GET 200 https://registry.npmjs.org/streamx 39ms (cache miss)
1147 silly packumentCache full:https://registry.npmjs.org/streamx set size:undefined disposed:false
1148 http fetch GET 200 https://registry.npmjs.org/fast-fifo 29ms (cache miss)
1149 silly packumentCache full:https://registry.npmjs.org/fast-fifo set size:undefined disposed:false
1150 http fetch GET 200 https://registry.npmjs.org/supports-hyperlinks 30ms (cache miss)
1151 silly packumentCache full:https://registry.npmjs.org/supports-hyperlinks set size:undefined disposed:false
1152 http fetch GET 200 https://registry.npmjs.org/err-code 165ms (cache miss)
1153 silly packumentCache full:https://registry.npmjs.org/err-code set size:undefined disposed:false
1154 http fetch GET 200 https://registry.npmjs.org/domino 166ms (cache miss)
1155 silly packumentCache full:https://registry.npmjs.org/domino set size:undefined disposed:false
1156 http fetch GET 200 https://registry.npmjs.org/lru-cache 261ms (cache miss)
1157 silly packumentCache full:https://registry.npmjs.org/lru-cache set size:undefined disposed:false
1158 silly fetch manifest typescript@^5.0.0 || ^5.0.0-0
1159 silly packumentCache full:https://registry.npmjs.org/typescript cache-miss
1160 http fetch GET 200 https://registry.npmjs.org/typescript 484ms (cache miss)
1161 silly packumentCache full:https://registry.npmjs.org/typescript set size:undefined disposed:false
1162 silly placeDep ROOT @expo/config-types@55.0.6 OK for: @expo/config@55.0.10 want: ^55.0.5
1163 silly placeDep node_modules/@expo/config @expo/json-file@10.2.0 OK for: @expo/config@55.0.10 want: ^10.0.12
1164 silly placeDep ROOT @expo/require-utils@55.0.8 OK for: @expo/config@55.0.10 want: ^55.0.3
1165 silly placeDep ROOT deepmerge@4.3.1 OK for: @expo/config@55.0.10 want: ^4.3.1
1166 silly placeDep node_modules/@expo/config getenv@2.0.0 OK for: @expo/config@55.0.10 want: ^2.0.0
1167 silly placeDep ROOT glob@13.0.6 OK for: @expo/config@55.0.10 want: ^13.0.0
1168 silly placeDep ROOT resolve-workspace-root@2.0.1 OK for: @expo/config@55.0.10 want: ^2.0.0
1169 silly placeDep node_modules/@expo/config semver@7.8.5 OK for: @expo/config@55.0.10 want: ^7.6.0
1170 silly placeDep ROOT slugify@1.6.9 OK for: @expo/config@55.0.10 want: ^1.3.4
1171 silly fetch manifest json5@^2.2.3
1172 silly packumentCache full:https://registry.npmjs.org/json5 cache-miss
1173 silly fetch manifest @babel/code-frame@^7.20.0
1174 silly packumentCache full:https://registry.npmjs.org/@babel%2fcode-frame cache-hit
1175 silly fetch manifest @babel/core@^7.25.2
1176 silly packumentCache full:https://registry.npmjs.org/@babel%2fcore cache-miss
1177 silly fetch manifest @babel/code-frame@^7.20.0
1178 silly packumentCache full:https://registry.npmjs.org/@babel%2fcode-frame cache-hit
1179 silly fetch manifest @babel/plugin-transform-modules-commonjs@^7.24.8
1180 silly packumentCache full:https://registry.npmjs.org/@babel%2fplugin-transform-modules-commonjs cache-miss
1181 silly fetch manifest minimatch@^10.2.2
1182 silly packumentCache full:https://registry.npmjs.org/minimatch cache-hit
1183 silly fetch manifest minipass@^7.1.3
1184 silly packumentCache full:https://registry.npmjs.org/minipass cache-miss
1185 silly fetch manifest path-scurry@^2.0.2
1186 silly packumentCache full:https://registry.npmjs.org/path-scurry cache-miss
1187 http cache https://registry.npmjs.org/json5 5ms (cache hit)
1188 silly packumentCache full:https://registry.npmjs.org/json5 set size:86136 disposed:false
1189 http cache https://registry.npmjs.org/minipass 5ms (cache hit)
1190 silly packumentCache full:https://registry.npmjs.org/minipass set size:276925 disposed:false
1191 http fetch GET 200 https://registry.npmjs.org/path-scurry 57ms (cache miss)
1192 silly packumentCache full:https://registry.npmjs.org/path-scurry set size:undefined disposed:false
1193 http fetch GET 200 https://registry.npmjs.org/@babel%2fcore 86ms (cache miss)
1194 silly packumentCache full:https://registry.npmjs.org/@babel%2fcore set size:undefined disposed:false
1195 http fetch GET 200 https://registry.npmjs.org/@babel%2fplugin-transform-modules-commonjs 245ms (cache miss)
1196 silly packumentCache full:https://registry.npmjs.org/@babel%2fplugin-transform-modules-commonjs set size:undefined disposed:false
1197 silly placeDep node_modules/@expo/config-plugins @expo/json-file@10.0.16 OK for: @expo/config-plugins@55.0.7 want: ~10.0.12
1198 silly placeDep node_modules/@expo/config-plugins @expo/plist@0.5.4 OK for: @expo/config-plugins@55.0.7 want: ^0.5.2
1199 silly placeDep ROOT @expo/sdk-runtime-versions@1.0.1 OK for: @expo/config-plugins@55.0.7 want: ^1.0.0
1200 silly placeDep node_modules/@expo/config-plugins getenv@2.0.0 OK for: @expo/config-plugins@55.0.7 want: ^2.0.0
1201 silly placeDep ROOT xcode@3.0.1 OK for: @expo/config-plugins@55.0.7 want: ^3.0.1
1202 silly placeDep ROOT xml2js@0.6.0 OK for: @expo/config-plugins@55.0.7 want: 0.6.0
1203 silly fetch manifest base64-js@^1.5.1
1204 silly packumentCache full:https://registry.npmjs.org/base64-js cache-miss
1205 silly fetch manifest uuid@^7.0.3
1206 silly packumentCache full:https://registry.npmjs.org/uuid cache-hit
1207 silly fetch manifest simple-plist@^1.1.0
1208 silly packumentCache full:https://registry.npmjs.org/simple-plist cache-miss
1209 silly fetch manifest sax@>=0.6.0
1210 silly packumentCache full:https://registry.npmjs.org/sax cache-miss
1211 silly fetch manifest xmlbuilder@~11.0.0
1212 silly packumentCache full:https://registry.npmjs.org/xmlbuilder cache-miss
1213 http cache https://registry.npmjs.org/xmlbuilder 4ms (cache hit)
1214 silly packumentCache full:https://registry.npmjs.org/xmlbuilder set size:158707 disposed:false
1215 http cache https://registry.npmjs.org/base64-js 7ms (cache hit)
1216 silly packumentCache full:https://registry.npmjs.org/base64-js set size:41270 disposed:false
1217 http fetch GET 200 https://registry.npmjs.org/simple-plist 36ms (cache miss)
1218 silly packumentCache full:https://registry.npmjs.org/simple-plist set size:undefined disposed:false
1219 http fetch GET 200 https://registry.npmjs.org/sax 37ms (cache miss)
1220 silly packumentCache full:https://registry.npmjs.org/sax set size:undefined disposed:false
1221 silly placeDep ROOT @expo/turtle-spawn@24.8.0 OK for: @expo/eas-build-job@24.9.0 want: 24.8.0
1222 silly placeDep node_modules/@expo/eas-build-job joi@17.13.8 OK for: @expo/eas-build-job@24.9.0 want: ^17.13.1
1223 silly placeDep node_modules/@expo/eas-build-job semver@7.8.5 OK for: @expo/eas-build-job@24.9.0 want: ^7.6.2
1224 silly fetch manifest @hapi/hoek@^9.3.0
1225 silly packumentCache full:https://registry.npmjs.org/@hapi%2fhoek cache-miss
1226 silly fetch manifest @hapi/topo@^5.1.0
1227 silly packumentCache full:https://registry.npmjs.org/@hapi%2ftopo cache-miss
1228 silly fetch manifest @sideway/address@^4.1.5
1229 silly packumentCache full:https://registry.npmjs.org/@sideway%2faddress cache-miss
1230 http cache https://registry.npmjs.org/@sideway%2faddress 3ms (cache hit)
1231 silly packumentCache full:https://registry.npmjs.org/@sideway%2faddress set size:18241 disposed:false
1232 http cache https://registry.npmjs.org/@hapi%2fhoek 3ms (cache hit)
1233 silly packumentCache full:https://registry.npmjs.org/@hapi%2fhoek set size:122440 disposed:false
1234 http cache https://registry.npmjs.org/@hapi%2ftopo 4ms (cache hit)
1235 silly packumentCache full:https://registry.npmjs.org/@hapi%2ftopo set size:37256 disposed:false
1236 silly placeDep ROOT @babel/code-frame@7.23.5 OK for: @expo/eas-json@24.9.0 want: 7.23.5
1237 silly placeDep ROOT env-string@1.0.1 OK for: @expo/eas-json@24.9.0 want: 1.0.1
1238 silly placeDep ROOT golden-fleece@1.0.9 OK for: @expo/eas-json@24.9.0 want: 1.0.9
1239 silly placeDep node_modules/@expo/eas-json semver@7.5.2 OK for: @expo/eas-json@24.9.0 want: 7.5.2
1240 silly placeDep node_modules/@expo/eas-json tslib@2.4.1 OK for: @expo/eas-json@24.9.0 want: 2.4.1
1241 silly fetch manifest chalk@^2.4.2
1242 silly packumentCache full:https://registry.npmjs.org/chalk cache-hit
1243 silly fetch manifest @babel/highlight@^7.23.4
1244 silly packumentCache full:https://registry.npmjs.org/@babel%2fhighlight cache-miss
1245 http fetch GET 200 https://registry.npmjs.org/@babel%2fhighlight 356ms (cache miss)
1246 silly packumentCache full:https://registry.npmjs.org/@babel%2fhighlight set size:undefined disposed:false
1247 silly placeDep ROOT @babel/highlight@7.25.9 OK for: @babel/code-frame@7.23.5 want: ^7.23.4
1248 silly placeDep node_modules/@babel/code-frame chalk@2.4.2 OK for: @babel/code-frame@7.23.5 want: ^2.4.2
1249 silly fetch manifest @babel/helper-validator-identifier@^7.25.9
1250 silly packumentCache full:https://registry.npmjs.org/@babel%2fhelper-validator-identifier cache-miss
1251 silly fetch manifest js-tokens@^4.0.0
1252 silly packumentCache full:https://registry.npmjs.org/js-tokens cache-miss
1253 silly fetch manifest picocolors@^1.0.0
1254 silly packumentCache full:https://registry.npmjs.org/picocolors cache-miss
1255 silly fetch manifest ansi-styles@^3.2.1
1256 silly packumentCache full:https://registry.npmjs.org/ansi-styles cache-hit
1257 silly fetch manifest supports-color@^5.3.0
1258 silly packumentCache full:https://registry.npmjs.org/supports-color cache-hit
1259 http fetch GET 200 https://registry.npmjs.org/picocolors 31ms (cache miss)
1260 silly packumentCache full:https://registry.npmjs.org/picocolors set size:undefined disposed:false
1261 http fetch GET 200 https://registry.npmjs.org/js-tokens 41ms (cache miss)
1262 silly packumentCache full:https://registry.npmjs.org/js-tokens set size:undefined disposed:false
1263 http fetch GET 200 https://registry.npmjs.org/@babel%2fhelper-validator-identifier 41ms (cache miss)
1264 silly packumentCache full:https://registry.npmjs.org/@babel%2fhelper-validator-identifier set size:undefined disposed:false
1265 silly placeDep ROOT @babel/helper-validator-identifier@7.29.7 OK for: @babel/highlight@7.25.9 want: ^7.25.9
1266 silly placeDep node_modules/@babel/highlight chalk@2.4.2 OK for: @babel/highlight@7.25.9 want: ^2.4.2
1267 silly placeDep ROOT js-tokens@4.0.0 OK for: @babel/highlight@7.25.9 want: ^4.0.0
1268 silly placeDep ROOT picocolors@1.1.1 OK for: @babel/highlight@7.25.9 want: ^1.0.0
1269 silly placeDep node_modules/@expo/env dotenv@16.4.7 OK for: @expo/env@1.0.7 want: ~16.4.5
1270 silly placeDep ROOT dotenv-expand@11.0.7 OK for: @expo/env@1.0.7 want: ~11.0.6
1271 silly placeDep node_modules/@expo/env getenv@2.0.0 OK for: @expo/env@1.0.7 want: ^2.0.0
1272 silly fetch manifest dotenv@^16.4.5
1273 silly packumentCache full:https://registry.npmjs.org/dotenv cache-hit
1274 silly placeDep node_modules/@expo/json-file @babel/code-frame@7.10.4 OK for: @expo/json-file@8.3.3 want: ~7.10.4
1275 silly placeDep ROOT json5@2.2.3 OK for: @expo/json-file@8.3.3 want: ^2.2.2
1276 silly placeDep ROOT write-file-atomic@2.4.3 OK for: @expo/json-file@8.3.3 want: ^2.3.0
1277 silly fetch manifest graceful-fs@^4.1.11
1278 silly packumentCache full:https://registry.npmjs.org/graceful-fs cache-miss
1279 silly fetch manifest imurmurhash@^0.1.4
1280 silly packumentCache full:https://registry.npmjs.org/imurmurhash cache-miss
1281 silly fetch manifest signal-exit@^3.0.2
1282 silly packumentCache full:https://registry.npmjs.org/signal-exit cache-miss
1283 http cache https://registry.npmjs.org/graceful-fs 4ms (cache hit)
1284 silly packumentCache full:https://registry.npmjs.org/graceful-fs set size:124285 disposed:false
1285 http fetch GET 200 https://registry.npmjs.org/imurmurhash 32ms (cache miss)
1286 silly packumentCache full:https://registry.npmjs.org/imurmurhash set size:undefined disposed:false
1287 http fetch GET 200 https://registry.npmjs.org/signal-exit 33ms (cache miss)
1288 silly packumentCache full:https://registry.npmjs.org/signal-exit set size:undefined disposed:false
1289 silly placeDep ROOT @types/bunyan@1.8.11 OK for: @expo/logger@24.8.0 want: ^1.8.11
1290 silly placeDep ROOT bunyan@1.8.15 OK for: @expo/logger@24.8.0 want: ^1.8.15
1291 silly fetch manifest @types/node@*
1292 silly packumentCache full:https://registry.npmjs.org/@types%2fnode cache-miss
1293 silly fetch manifest mv@~2
1294 silly packumentCache full:https://registry.npmjs.org/mv cache-miss
1295 silly fetch manifest moment@^2.19.3
1296 silly packumentCache full:https://registry.npmjs.org/moment cache-miss
1297 silly fetch manifest dtrace-provider@~0.8
1298 silly packumentCache full:https://registry.npmjs.org/dtrace-provider cache-miss
1299 silly fetch manifest safe-json-stringify@~1
1300 silly packumentCache full:https://registry.npmjs.org/safe-json-stringify cache-miss
1301 http fetch GET 200 https://registry.npmjs.org/moment 39ms (cache miss)
1302 silly packumentCache full:https://registry.npmjs.org/moment set size:undefined disposed:false
1303 http fetch GET 200 https://registry.npmjs.org/@types%2fnode 159ms (cache miss)
1304 silly packumentCache full:https://registry.npmjs.org/@types%2fnode set size:undefined disposed:false
1305 http fetch GET 200 https://registry.npmjs.org/safe-json-stringify 221ms (cache miss)
1306 silly packumentCache full:https://registry.npmjs.org/safe-json-stringify set size:undefined disposed:false
1307 http fetch GET 200 https://registry.npmjs.org/dtrace-provider 222ms (cache miss)
1308 silly packumentCache full:https://registry.npmjs.org/dtrace-provider set size:undefined disposed:false
1309 http fetch GET 200 https://registry.npmjs.org/mv 227ms (cache miss)
1310 silly packumentCache full:https://registry.npmjs.org/mv set size:undefined disposed:false
1311 silly placeDep ROOT multipasta@0.2.8 OK for: @expo/multipart-body-parser@2.0.0 want: ^0.2.5
1312 silly placeDep ROOT exec-async@2.2.0 OK for: @expo/osascript@2.1.4 want: ^2.2.0
1313 silly placeDep node_modules/@expo/package-manager @expo/json-file@10.2.0 OK for: @expo/package-manager@1.9.10 want: ^10.0.8
1314 silly placeDep ROOT npm-package-arg@11.0.3 OK for: @expo/package-manager@1.9.10 want: ^11.0.0
1315 silly placeDep node_modules/@expo/package-manager ora@3.4.0 OK for: @expo/package-manager@1.9.10 want: ^3.4.0
1316 silly fetch manifest proc-log@^4.0.0
1317 silly packumentCache full:https://registry.npmjs.org/proc-log cache-miss
1318 silly fetch manifest hosted-git-info@^7.0.0
1319 silly packumentCache full:https://registry.npmjs.org/hosted-git-info cache-miss
1320 silly fetch manifest validate-npm-package-name@^5.0.0
1321 silly packumentCache full:https://registry.npmjs.org/validate-npm-package-name cache-miss
1322 silly fetch manifest cli-cursor@^2.1.0
1323 silly packumentCache full:https://registry.npmjs.org/cli-cursor cache-miss
1324 silly fetch manifest strip-ansi@^5.2.0
1325 silly packumentCache full:https://registry.npmjs.org/strip-ansi cache-miss
1326 silly fetch manifest log-symbols@^2.2.0
1327 silly packumentCache full:https://registry.npmjs.org/log-symbols cache-miss
1328 silly fetch manifest cli-spinners@^2.0.0
1329 silly packumentCache full:https://registry.npmjs.org/cli-spinners cache-hit
1330 http cache https://registry.npmjs.org/cli-cursor 9ms (cache hit)
1331 silly packumentCache full:https://registry.npmjs.org/cli-cursor set size:18913 disposed:false
1332 http cache https://registry.npmjs.org/strip-ansi 10ms (cache hit)
1333 silly packumentCache full:https://registry.npmjs.org/strip-ansi set size:44998 disposed:false
1334 http cache https://registry.npmjs.org/log-symbols 11ms (cache hit)
1335 silly packumentCache full:https://registry.npmjs.org/log-symbols set size:31977 disposed:false
1336 http fetch GET 200 https://registry.npmjs.org/proc-log 121ms (cache miss)
1337 silly packumentCache full:https://registry.npmjs.org/proc-log set size:undefined disposed:false
1338 http fetch GET 200 https://registry.npmjs.org/validate-npm-package-name 124ms (cache miss)
1339 silly packumentCache full:https://registry.npmjs.org/validate-npm-package-name set size:undefined disposed:false
1340 http fetch GET 200 https://registry.npmjs.org/hosted-git-info 125ms (cache miss)
1341 silly packumentCache full:https://registry.npmjs.org/hosted-git-info set size:undefined disposed:false
1342 silly placeDep ROOT @xmldom/xmldom@0.8.15 OK for: @expo/plist@0.3.5 want: ^0.8.8
1343 silly placeDep ROOT base64-js@1.5.1 OK for: @expo/plist@0.3.5 want: ^1.2.3
1344 silly placeDep ROOT xmlbuilder@15.1.1 OK for: @expo/plist@0.3.5 want: ^15.1.1
1345 silly placeDep node_modules/@expo/plugin-help @oclif/core@2.16.0 OK for: @expo/plugin-help@5.1.23 want: ^2.11.1
1346 silly fetch manifest ejs@^3.1.8
1347 silly packumentCache full:https://registry.npmjs.org/ejs cache-hit
1348 silly fetch manifest globby@^11.1.0
1349 silly packumentCache full:https://registry.npmjs.org/globby cache-miss
1350 silly fetch manifest js-yaml@^3.14.1
1351 silly packumentCache full:https://registry.npmjs.org/js-yaml cache-miss
1352 silly fetch manifest ts-node@^10.9.1
1353 silly packumentCache full:https://registry.npmjs.org/ts-node cache-miss
1354 silly fetch manifest cardinal@^2.1.1
1355 silly packumentCache full:https://registry.npmjs.org/cardinal cache-miss
1356 silly fetch manifest slice-ansi@^4.0.0
1357 silly packumentCache full:https://registry.npmjs.org/slice-ansi cache-miss
1358 silly fetch manifest strip-ansi@^6.0.1
1359 silly packumentCache full:https://registry.npmjs.org/strip-ansi cache-hit
1360 silly fetch manifest ansi-styles@^4.3.0
1361 silly packumentCache full:https://registry.npmjs.org/ansi-styles cache-hit
1362 silly fetch manifest hyperlinker@^1.0.0
1363 silly packumentCache full:https://registry.npmjs.org/hyperlinker cache-miss
1364 silly fetch manifest object-treeify@^1.1.33
1365 silly packumentCache full:https://registry.npmjs.org/object-treeify cache-miss
1366 http fetch GET 200 https://registry.npmjs.org/slice-ansi 32ms (cache miss)
1367 silly packumentCache full:https://registry.npmjs.org/slice-ansi set size:undefined disposed:false
1368 silly fetch manifest supports-color@^8.1.1
1369 silly packumentCache full:https://registry.npmjs.org/supports-color cache-hit
1370 silly fetch manifest natural-orderby@^2.0.3
1371 silly packumentCache full:https://registry.npmjs.org/natural-orderby cache-miss
1372 http fetch GET 200 https://registry.npmjs.org/globby 39ms (cache miss)
1373 silly packumentCache full:https://registry.npmjs.org/globby set size:undefined disposed:false
1374 silly fetch manifest password-prompt@^1.1.2
1375 silly packumentCache full:https://registry.npmjs.org/password-prompt cache-miss
1376 http fetch GET 200 https://registry.npmjs.org/object-treeify 39ms (cache miss)
1377 silly packumentCache full:https://registry.npmjs.org/object-treeify set size:undefined disposed:false
1378 silly fetch manifest @types/cli-progress@^3.11.0
1379 silly packumentCache full:https://registry.npmjs.org/@types%2fcli-progress cache-miss
1380 http fetch GET 200 https://registry.npmjs.org/js-yaml 43ms (cache miss)
1381 silly packumentCache full:https://registry.npmjs.org/js-yaml set size:undefined disposed:false
1382 silly fetch manifest supports-hyperlinks@^2.2.0
1383 silly packumentCache full:https://registry.npmjs.org/supports-hyperlinks cache-miss
1384 http cache https://registry.npmjs.org/supports-hyperlinks 2ms (cache hit)
1385 silly packumentCache full:https://registry.npmjs.org/supports-hyperlinks set size:40524 disposed:false
1386 http fetch GET 200 https://registry.npmjs.org/ts-node 60ms (cache miss)
1387 silly packumentCache full:https://registry.npmjs.org/ts-node set size:undefined disposed:false
1388 http fetch GET 200 https://registry.npmjs.org/password-prompt 32ms (cache miss)
1389 silly packumentCache full:https://registry.npmjs.org/password-prompt set size:undefined disposed:false
1390 http fetch GET 200 https://registry.npmjs.org/hyperlinker 161ms (cache miss)
1391 silly packumentCache full:https://registry.npmjs.org/hyperlinker set size:undefined disposed:false
1392 http fetch GET 200 https://registry.npmjs.org/cardinal 184ms (cache miss)
1393 silly packumentCache full:https://registry.npmjs.org/cardinal set size:undefined disposed:false
1394 http fetch GET 200 https://registry.npmjs.org/natural-orderby 163ms (cache miss)
1395 silly packumentCache full:https://registry.npmjs.org/natural-orderby set size:undefined disposed:false
1396 http fetch GET 200 https://registry.npmjs.org/@types%2fcli-progress 304ms (cache miss)
1397 silly packumentCache full:https://registry.npmjs.org/@types%2fcli-progress set size:undefined disposed:false
1398 silly placeDep node_modules/@expo/plugin-warn-if-update-available @oclif/core@2.16.0 OK for: @expo/plugin-warn-if-update-available@2.5.1 want: ^2.11.1
1399 silly placeDep ROOT ejs@3.1.10 OK for: @expo/plugin-warn-if-update-available@2.5.1 want: ^3.1.7
1400 silly placeDep node_modules/@expo/plugin-warn-if-update-available fs-extra@10.1.0 OK for: @expo/plugin-warn-if-update-available@2.5.1 want: ^10.1.0
1401 silly placeDep ROOT http-call@5.3.0 OK for: @expo/plugin-warn-if-update-available@2.5.1 want: ^5.2.2
1402 silly fetch manifest jake@^10.8.5
1403 silly packumentCache full:https://registry.npmjs.org/jake cache-miss
1404 silly fetch manifest is-stream@^2.0.0
1405 silly packumentCache full:https://registry.npmjs.org/is-stream cache-miss
1406 silly fetch manifest parse-json@^4.0.0
1407 silly packumentCache full:https://registry.npmjs.org/parse-json cache-miss
1408 silly fetch manifest content-type@^1.0.4
1409 silly packumentCache full:https://registry.npmjs.org/content-type cache-miss
1410 silly fetch manifest tunnel-agent@^0.6.0
1411 silly packumentCache full:https://registry.npmjs.org/tunnel-agent cache-miss
1412 silly fetch manifest is-retry-allowed@^1.1.0
1413 silly packumentCache full:https://registry.npmjs.org/is-retry-allowed cache-miss
1414 http fetch GET 200 https://registry.npmjs.org/content-type 33ms (cache miss)
1415 silly packumentCache full:https://registry.npmjs.org/content-type set size:undefined disposed:false
1416 http fetch GET 200 https://registry.npmjs.org/is-stream 37ms (cache miss)
1417 silly packumentCache full:https://registry.npmjs.org/is-stream set size:undefined disposed:false
1418 http fetch GET 200 https://registry.npmjs.org/tunnel-agent 37ms (cache miss)
1419 silly packumentCache full:https://registry.npmjs.org/tunnel-agent set size:undefined disposed:false
1420 http fetch GET 200 https://registry.npmjs.org/parse-json 38ms (cache miss)
1421 silly packumentCache full:https://registry.npmjs.org/parse-json set size:undefined disposed:false
1422 http fetch GET 200 https://registry.npmjs.org/jake 40ms (cache miss)
1423 silly packumentCache full:https://registry.npmjs.org/jake set size:undefined disposed:false
1424 http fetch GET 200 https://registry.npmjs.org/is-retry-allowed 171ms (cache miss)
1425 silly packumentCache full:https://registry.npmjs.org/is-retry-allowed set size:undefined disposed:false
1426 silly placeDep node_modules/@expo/prebuild-config @expo/config@11.0.13 OK for: @expo/prebuild-config@9.0.12 want: ~11.0.13
1427 silly placeDep node_modules/@expo/prebuild-config @expo/config-plugins@10.1.2 OK for: @expo/prebuild-config@9.0.12 want: ~10.1.2
1428 silly placeDep node_modules/@expo/prebuild-config @expo/config-types@53.0.5 OK for: @expo/prebuild-config@9.0.12 want: ^53.0.5
1429 silly placeDep ROOT @expo/image-utils@0.7.6 OK for: @expo/prebuild-config@9.0.12 want: ^0.7.6
1430 silly placeDep node_modules/@expo/prebuild-config @expo/json-file@9.1.5 OK for: @expo/prebuild-config@9.0.12 want: ^9.1.5
1431 silly placeDep ROOT @react-native/normalize-colors@0.79.6 OK for: @expo/prebuild-config@9.0.12 want: 0.79.6
1432 silly placeDep node_modules/@expo/prebuild-config semver@7.8.5 OK for: @expo/prebuild-config@9.0.12 want: ^7.6.0
1433 silly fetch manifest glob@^10.4.2
1434 silly packumentCache full:https://registry.npmjs.org/glob cache-miss
1435 silly fetch manifest sucrase@3.35.0
1436 silly packumentCache full:https://registry.npmjs.org/sucrase cache-miss
1437 silly fetch manifest glob@^10.4.2
1438 silly packumentCache full:https://registry.npmjs.org/glob cache-miss
1439 silly fetch manifest @expo/json-file@~9.1.5
1440 silly packumentCache full:https://registry.npmjs.org/@expo%2fjson-file cache-hit
1441 silly fetch manifest temp-dir@~2.0.0
1442 silly packumentCache full:https://registry.npmjs.org/temp-dir cache-miss
1443 silly fetch manifest parse-png@^2.1.0
1444 silly packumentCache full:https://registry.npmjs.org/parse-png cache-miss
1445 silly fetch manifest jimp-compact@0.16.1
1446 silly packumentCache full:https://registry.npmjs.org/jimp-compact cache-miss
1447 silly fetch manifest unique-string@~2.0.0
1448 silly packumentCache full:https://registry.npmjs.org/unique-string cache-miss
1449 http cache https://registry.npmjs.org/glob 6ms (cache hit)
1450 silly packumentCache full:https://registry.npmjs.org/glob set size:469465 disposed:false
1451 http cache https://registry.npmjs.org/glob 11ms (cache hit)
1452 silly packumentCache full:https://registry.npmjs.org/glob set size:469465 disposed:false
1453 silly packumentCache full:https://registry.npmjs.org/glob dispose
1454 http fetch GET 200 https://registry.npmjs.org/parse-png 34ms (cache miss)
1455 silly packumentCache full:https://registry.npmjs.org/parse-png set size:undefined disposed:false
1456 http fetch GET 200 https://registry.npmjs.org/unique-string 34ms (cache miss)
1457 silly packumentCache full:https://registry.npmjs.org/unique-string set size:undefined disposed:false
1458 http fetch GET 200 https://registry.npmjs.org/sucrase 41ms (cache miss)
1459 silly packumentCache full:https://registry.npmjs.org/sucrase set size:undefined disposed:false
1460 http fetch GET 200 https://registry.npmjs.org/jimp-compact 59ms (cache miss)
1461 silly packumentCache full:https://registry.npmjs.org/jimp-compact set size:undefined disposed:false
1462 http fetch GET 200 https://registry.npmjs.org/temp-dir 169ms (cache miss)
1463 silly packumentCache full:https://registry.npmjs.org/temp-dir set size:undefined disposed:false
1464 silly placeDep node_modules/@expo/image-utils getenv@2.0.0 OK for: @expo/image-utils@0.7.6 want: ^2.0.0
1465 silly placeDep ROOT jimp-compact@0.16.1 OK for: @expo/image-utils@0.7.6 want: 0.16.1
1466 silly placeDep ROOT parse-png@2.1.0 OK for: @expo/image-utils@0.7.6 want: ^2.1.0
1467 silly placeDep node_modules/@expo/image-utils semver@7.8.5 OK for: @expo/image-utils@0.7.6 want: ^7.6.0
1468 silly placeDep ROOT temp-dir@2.0.0 OK for: @expo/image-utils@0.7.6 want: ~2.0.0
1469 silly placeDep ROOT unique-string@2.0.0 OK for: @expo/image-utils@0.7.6 want: ~2.0.0
1470 silly fetch manifest pngjs@^3.3.0
1471 silly packumentCache full:https://registry.npmjs.org/pngjs cache-miss
1472 silly fetch manifest crypto-random-string@^2.0.0
1473 silly packumentCache full:https://registry.npmjs.org/crypto-random-string cache-miss
1474 http cache https://registry.npmjs.org/pngjs 3ms (cache hit)
1475 silly packumentCache full:https://registry.npmjs.org/pngjs set size:70154 disposed:false
1476 http fetch GET 200 https://registry.npmjs.org/crypto-random-string 37ms (cache miss)
1477 silly packumentCache full:https://registry.npmjs.org/crypto-random-string set size:undefined disposed:false
1478 silly placeDep ROOT @babel/core@7.29.7 OK for: @expo/require-utils@55.0.8 want: ^7.25.2
1479 silly placeDep ROOT @babel/plugin-transform-modules-commonjs@7.29.7 OK for: @expo/require-utils@55.0.8 want: ^7.24.8
1480 silly fetch manifest semver@^6.3.1
1481 silly packumentCache full:https://registry.npmjs.org/semver cache-hit
1482 silly fetch manifest gensync@^1.0.0-beta.2
1483 silly packumentCache full:https://registry.npmjs.org/gensync cache-miss
1484 silly fetch manifest @babel/types@^7.29.7
1485 silly packumentCache full:https://registry.npmjs.org/@babel%2ftypes cache-miss
1486 silly fetch manifest @babel/parser@^7.29.7
1487 silly packumentCache full:https://registry.npmjs.org/@babel%2fparser cache-miss
1488 silly fetch manifest @babel/helpers@^7.29.7
1489 silly packumentCache full:https://registry.npmjs.org/@babel%2fhelpers cache-miss
1490 silly fetch manifest @babel/template@^7.29.7
1491 silly packumentCache full:https://registry.npmjs.org/@babel%2ftemplate cache-miss
1492 silly fetch manifest @babel/traverse@^7.29.7
1493 silly packumentCache full:https://registry.npmjs.org/@babel%2ftraverse cache-miss
1494 silly fetch manifest @babel/generator@^7.29.7
1495 silly packumentCache full:https://registry.npmjs.org/@babel%2fgenerator cache-miss
1496 http fetch GET 200 https://registry.npmjs.org/gensync 32ms (cache miss)
1497 silly packumentCache full:https://registry.npmjs.org/gensync set size:undefined disposed:false
1498 silly fetch manifest @babel/code-frame@^7.29.7
1499 silly packumentCache full:https://registry.npmjs.org/@babel%2fcode-frame cache-hit
1500 silly fetch manifest convert-source-map@^2.0.0
1501 silly packumentCache full:https://registry.npmjs.org/convert-source-map cache-miss
1502 http fetch GET 200 https://registry.npmjs.org/@babel%2fhelpers 59ms (cache miss)
1503 silly packumentCache full:https://registry.npmjs.org/@babel%2fhelpers set size:undefined disposed:false
1504 silly fetch manifest @jridgewell/remapping@^2.3.5
1505 silly packumentCache full:https://registry.npmjs.org/@jridgewell%2fremapping cache-miss
1506 http fetch GET 200 https://registry.npmjs.org/@babel%2ftypes 63ms (cache miss)
1507 silly packumentCache full:https://registry.npmjs.org/@babel%2ftypes set size:undefined disposed:false
1508 silly fetch manifest @babel/helper-module-transforms@^7.29.7
1509 silly packumentCache full:https://registry.npmjs.org/@babel%2fhelper-module-transforms cache-miss
1510 http fetch GET 200 https://registry.npmjs.org/@babel%2fgenerator 65ms (cache miss)
1511 silly packumentCache full:https://registry.npmjs.org/@babel%2fgenerator set size:undefined disposed:false
1512 silly fetch manifest @babel/helper-compilation-targets@^7.29.7
1513 silly packumentCache full:https://registry.npmjs.org/@babel%2fhelper-compilation-targets cache-miss
1514 http fetch GET 200 https://registry.npmjs.org/@babel%2ftraverse 71ms (cache miss)
1515 silly packumentCache full:https://registry.npmjs.org/@babel%2ftraverse set size:undefined disposed:false
1516 silly fetch manifest @babel/helper-plugin-utils@^7.29.7
1517 silly packumentCache full:https://registry.npmjs.org/@babel%2fhelper-plugin-utils cache-miss
1518 http fetch GET 200 https://registry.npmjs.org/convert-source-map 42ms (cache miss)
1519 silly packumentCache full:https://registry.npmjs.org/convert-source-map set size:undefined disposed:false
1520 silly fetch manifest @babel/helper-module-transforms@^7.29.7
1521 silly packumentCache full:https://registry.npmjs.org/@babel%2fhelper-module-transforms cache-miss
1522 http fetch GET 200 https://registry.npmjs.org/@babel%2fparser 78ms (cache miss)
1523 silly packumentCache full:https://registry.npmjs.org/@babel%2fparser set size:undefined disposed:false
1524 http fetch GET 200 https://registry.npmjs.org/@jridgewell%2fremapping 43ms (cache miss)
1525 silly packumentCache full:https://registry.npmjs.org/@jridgewell%2fremapping set size:undefined disposed:false
1526 http fetch GET 200 https://registry.npmjs.org/@babel%2ftemplate 108ms (cache miss)
1527 silly packumentCache full:https://registry.npmjs.org/@babel%2ftemplate set size:undefined disposed:false
1528 http fetch GET 200 https://registry.npmjs.org/@babel%2fhelper-compilation-targets 43ms (cache miss)
1529 silly packumentCache full:https://registry.npmjs.org/@babel%2fhelper-compilation-targets set size:undefined disposed:false
1530 http fetch GET 200 https://registry.npmjs.org/@babel%2fhelper-module-transforms 49ms (cache miss)
1531 silly packumentCache full:https://registry.npmjs.org/@babel%2fhelper-module-transforms set size:undefined disposed:false
1532 http fetch GET 200 https://registry.npmjs.org/@babel%2fhelper-plugin-utils 43ms (cache miss)
1533 silly packumentCache full:https://registry.npmjs.org/@babel%2fhelper-plugin-utils set size:undefined disposed:false
1534 http fetch GET 200 https://registry.npmjs.org/@babel%2fhelper-module-transforms 42ms (cache miss)
1535 silly packumentCache full:https://registry.npmjs.org/@babel%2fhelper-module-transforms set size:undefined disposed:false
1536 silly fetch manifest @babel/core@^7.0.0
1537 silly packumentCache full:https://registry.npmjs.org/@babel%2fcore cache-miss
1538 http cache https://registry.npmjs.org/@babel%2fcore 2ms (cache hit)
1539 silly packumentCache full:https://registry.npmjs.org/@babel%2fcore set size:801647 disposed:false
1540 silly placeDep node_modules/@babel/core @babel/code-frame@7.29.7 OK for: @babel/core@7.29.7 want: ^7.29.7
1541 silly placeDep ROOT @babel/generator@7.29.8 OK for: @babel/core@7.29.7 want: ^7.29.7
1542 silly placeDep ROOT @babel/helper-compilation-targets@7.29.7 OK for: @babel/core@7.29.7 want: ^7.29.7
1543 silly placeDep ROOT @babel/helper-module-transforms@7.29.7 OK for: @babel/core@7.29.7 want: ^7.29.7
1544 silly placeDep ROOT @babel/helpers@7.29.10 OK for: @babel/core@7.29.7 want: ^7.29.7
1545 silly placeDep ROOT @babel/parser@7.29.9 OK for: @babel/core@7.29.7 want: ^7.29.7
1546 silly placeDep ROOT @babel/template@7.29.7 OK for: @babel/core@7.29.7 want: ^7.29.7
1547 silly placeDep ROOT @babel/traverse@7.29.10 OK for: @babel/core@7.29.7 want: ^7.29.7
1548 silly placeDep ROOT @babel/types@7.29.8 OK for: @babel/core@7.29.7 want: ^7.29.7
1549 silly placeDep ROOT @jridgewell/remapping@2.3.5 OK for: @babel/core@7.29.7 want: ^2.3.5
1550 silly placeDep ROOT convert-source-map@2.0.0 OK for: @babel/core@7.29.7 want: ^2.0.0
1551 silly placeDep ROOT gensync@1.0.0-beta.2 OK for: @babel/core@7.29.7 want: ^1.0.0-beta.2
1552 silly placeDep node_modules/@babel/core semver@6.3.1 OK for: @babel/core@7.29.7 want: ^6.3.1
1553 silly fetch manifest jsesc@^3.0.2
1554 silly packumentCache full:https://registry.npmjs.org/jsesc cache-miss
1555 silly fetch manifest @babel/types@^7.29.8
1556 silly packumentCache full:https://registry.npmjs.org/@babel%2ftypes cache-miss
1557 silly fetch manifest @babel/parser@^7.29.8
1558 silly packumentCache full:https://registry.npmjs.org/@babel%2fparser cache-miss
1559 silly fetch manifest @jridgewell/gen-mapping@^0.3.12
1560 silly packumentCache full:https://registry.npmjs.org/@jridgewell%2fgen-mapping cache-miss
1561 silly fetch manifest @jridgewell/trace-mapping@^0.3.28
1562 silly packumentCache full:https://registry.npmjs.org/@jridgewell%2ftrace-mapping cache-miss
1563 silly fetch manifest lru-cache@^5.1.1
1564 silly packumentCache full:https://registry.npmjs.org/lru-cache cache-miss
1565 silly fetch manifest browserslist@^4.24.0
1566 silly packumentCache full:https://registry.npmjs.org/browserslist cache-miss
1567 http cache https://registry.npmjs.org/@babel%2ftypes 4ms (cache hit)
1568 silly packumentCache full:https://registry.npmjs.org/@babel%2ftypes set size:507562 disposed:false
1569 silly fetch manifest @babel/compat-data@^7.29.7
1570 silly packumentCache full:https://registry.npmjs.org/@babel%2fcompat-data cache-miss
1571 http cache https://registry.npmjs.org/lru-cache 5ms (cache hit)
1572 silly packumentCache full:https://registry.npmjs.org/lru-cache set size:465506 disposed:false
1573 silly fetch manifest @babel/helper-validator-option@^7.29.7
1574 silly packumentCache full:https://registry.npmjs.org/@babel%2fhelper-validator-option cache-miss
1575 http cache https://registry.npmjs.org/@babel%2fparser 9ms (cache hit)
1576 silly packumentCache full:https://registry.npmjs.org/@babel%2fparser set size:748334 disposed:false
1577 silly fetch manifest @babel/helper-module-imports@^7.29.7
1578 silly packumentCache full:https://registry.npmjs.org/@babel%2fhelper-module-imports cache-miss
1579 http fetch GET 200 https://registry.npmjs.org/jsesc 34ms (cache miss)
1580 silly packumentCache full:https://registry.npmjs.org/jsesc set size:undefined disposed:false
1581 silly fetch manifest @babel/helper-globals@^7.29.7
1582 silly packumentCache full:https://registry.npmjs.org/@babel%2fhelper-globals cache-miss
1583 http fetch GET 200 https://registry.npmjs.org/@babel%2fhelper-validator-option 128ms (cache miss)
1584 silly packumentCache full:https://registry.npmjs.org/@babel%2fhelper-validator-option set size:undefined disposed:false
1585 silly fetch manifest @babel/helper-string-parser@^7.29.7
1586 silly packumentCache full:https://registry.npmjs.org/@babel%2fhelper-string-parser cache-miss
1587 http fetch GET 200 https://registry.npmjs.org/@jridgewell%2fgen-mapping 137ms (cache miss)
1588 silly packumentCache full:https://registry.npmjs.org/@jridgewell%2fgen-mapping set size:undefined disposed:false
1589 silly fetch manifest @jridgewell/gen-mapping@^0.3.5
1590 silly packumentCache full:https://registry.npmjs.org/@jridgewell%2fgen-mapping cache-miss
1591 http cache https://registry.npmjs.org/@jridgewell%2fgen-mapping 2ms (cache hit)
1592 silly packumentCache full:https://registry.npmjs.org/@jridgewell%2fgen-mapping set size:75941 disposed:false
1593 silly fetch manifest @jridgewell/trace-mapping@^0.3.24
1594 silly packumentCache full:https://registry.npmjs.org/@jridgewell%2ftrace-mapping cache-miss
1595 http fetch GET 200 https://registry.npmjs.org/@babel%2fhelper-string-parser 34ms (cache miss)
1596 silly packumentCache full:https://registry.npmjs.org/@babel%2fhelper-string-parser set size:undefined disposed:false
1597 http fetch GET 200 https://registry.npmjs.org/@jridgewell%2ftrace-mapping 37ms (cache miss)
1598 silly packumentCache full:https://registry.npmjs.org/@jridgewell%2ftrace-mapping set size:undefined disposed:false
1599 http fetch GET 200 https://registry.npmjs.org/@babel%2fcompat-data 367ms (cache miss)
1600 silly packumentCache full:https://registry.npmjs.org/@babel%2fcompat-data set size:undefined disposed:false
1601 http fetch GET 200 https://registry.npmjs.org/@jridgewell%2ftrace-mapping 444ms (cache miss)
1602 silly packumentCache full:https://registry.npmjs.org/@jridgewell%2ftrace-mapping set size:undefined disposed:false
1603 http fetch GET 200 https://registry.npmjs.org/@babel%2fhelper-globals 425ms (cache miss)
1604 silly packumentCache full:https://registry.npmjs.org/@babel%2fhelper-globals set size:undefined disposed:false
1605 http fetch GET 200 https://registry.npmjs.org/@babel%2fhelper-module-imports 887ms (cache miss)
1606 silly packumentCache full:https://registry.npmjs.org/@babel%2fhelper-module-imports set size:undefined disposed:false
1607 http fetch GET 200 https://registry.npmjs.org/browserslist 4636ms (cache miss)
1608 silly packumentCache full:https://registry.npmjs.org/browserslist set size:undefined disposed:false
1609 silly placeDep ROOT @jridgewell/gen-mapping@0.3.13 OK for: @babel/generator@7.29.8 want: ^0.3.12
1610 silly placeDep ROOT @jridgewell/trace-mapping@0.3.31 OK for: @babel/generator@7.29.8 want: ^0.3.28
1611 silly placeDep ROOT jsesc@3.1.0 OK for: @babel/generator@7.29.8 want: ^3.0.2
1612 silly fetch manifest @jridgewell/sourcemap-codec@^1.5.0
1613 silly packumentCache full:https://registry.npmjs.org/@jridgewell%2fsourcemap-codec cache-miss
1614 silly fetch manifest @jridgewell/resolve-uri@^3.1.0
1615 silly packumentCache full:https://registry.npmjs.org/@jridgewell%2fresolve-uri cache-miss
1616 silly fetch manifest @jridgewell/sourcemap-codec@^1.4.14
1617 silly packumentCache full:https://registry.npmjs.org/@jridgewell%2fsourcemap-codec cache-miss
1618 http fetch GET 200 https://registry.npmjs.org/@jridgewell%2fsourcemap-codec 44ms (cache miss)
1619 silly packumentCache full:https://registry.npmjs.org/@jridgewell%2fsourcemap-codec set size:undefined disposed:false
1620 http fetch GET 200 https://registry.npmjs.org/@jridgewell%2fresolve-uri 45ms (cache miss)
1621 silly packumentCache full:https://registry.npmjs.org/@jridgewell%2fresolve-uri set size:undefined disposed:false
1622 http fetch GET 200 https://registry.npmjs.org/@jridgewell%2fsourcemap-codec 46ms (cache miss)
1623 silly packumentCache full:https://registry.npmjs.org/@jridgewell%2fsourcemap-codec set size:undefined disposed:false
1624 silly placeDep ROOT @babel/compat-data@7.29.7 OK for: @babel/helper-compilation-targets@7.29.7 want: ^7.29.7
1625 silly placeDep ROOT @babel/helper-validator-option@7.29.7 OK for: @babel/helper-compilation-targets@7.29.7 want: ^7.29.7
1626 silly placeDep ROOT browserslist@4.29.3 OK for: @babel/helper-compilation-targets@7.29.7 want: ^4.24.0
1627 silly placeDep ROOT lru-cache@5.1.1 OK for: @babel/helper-compilation-targets@7.29.7 want: ^5.1.1
1628 silly placeDep node_modules/@babel/helper-compilation-targets semver@6.3.1 OK for: @babel/helper-compilation-targets@7.29.7 want: ^6.3.1
1629 silly fetch manifest caniuse-lite@^1.0.30001813
1630 silly packumentCache full:https://registry.npmjs.org/caniuse-lite cache-miss
1631 silly fetch manifest node-releases@^2.0.57
1632 silly packumentCache full:https://registry.npmjs.org/node-releases cache-miss
1633 silly fetch manifest electron-to-chromium@^1.5.439
1634 silly packumentCache full:https://registry.npmjs.org/electron-to-chromium cache-miss
1635 silly fetch manifest update-browserslist-db@^1.3.3
1636 silly packumentCache full:https://registry.npmjs.org/update-browserslist-db cache-miss
1637 silly fetch manifest baseline-browser-mapping@^2.11.26
1638 silly packumentCache full:https://registry.npmjs.org/baseline-browser-mapping cache-miss
1639 silly fetch manifest yallist@^3.0.2
1640 silly packumentCache full:https://registry.npmjs.org/yallist cache-miss
1641 http cache https://registry.npmjs.org/yallist 3ms (cache hit)
1642 silly packumentCache full:https://registry.npmjs.org/yallist set size:34610 disposed:false
1643 http fetch GET 200 https://registry.npmjs.org/baseline-browser-mapping 45ms (cache miss)
1644 silly packumentCache full:https://registry.npmjs.org/baseline-browser-mapping set size:undefined disposed:false
1645 http fetch GET 200 https://registry.npmjs.org/node-releases 52ms (cache miss)
1646 silly packumentCache full:https://registry.npmjs.org/node-releases set size:undefined disposed:false
1647 http fetch GET 200 https://registry.npmjs.org/update-browserslist-db 368ms (cache miss)
1648 silly packumentCache full:https://registry.npmjs.org/update-browserslist-db set size:undefined disposed:false
1649 http fetch GET 200 https://registry.npmjs.org/caniuse-lite 494ms (cache miss)
1650 silly packumentCache full:https://registry.npmjs.org/caniuse-lite set size:undefined disposed:false
1651 http fetch GET 200 https://registry.npmjs.org/electron-to-chromium 1829ms (cache miss)
1652 silly packumentCache full:https://registry.npmjs.org/electron-to-chromium set size:undefined disposed:false
1653 silly placeDep ROOT @babel/helper-module-imports@7.29.7 OK for: @babel/helper-module-transforms@7.29.7 want: ^7.29.7
1654 silly placeDep ROOT @babel/helper-plugin-utils@7.29.7 OK for: @babel/plugin-transform-modules-commonjs@7.29.7 want: ^7.29.7
1655 silly placeDep node_modules/@babel/template @babel/code-frame@7.29.7 OK for: @babel/template@7.29.7 want: ^7.29.7
1656 silly placeDep node_modules/@babel/traverse @babel/code-frame@7.29.7 OK for: @babel/traverse@7.29.10 want: ^7.29.7
1657 silly placeDep ROOT @babel/helper-globals@7.29.7 OK for: @babel/traverse@7.29.10 want: ^7.29.7
1658 silly placeDep ROOT @babel/helper-string-parser@7.29.7 OK for: @babel/types@7.29.8 want: ^7.29.7
1659 silly placeDep ROOT @expo/bunyan@4.0.1 OK for: @expo/rudder-sdk-node@1.1.1 want: ^4.0.0
1660 silly placeDep ROOT @segment/loosely-validate-event@2.0.0 OK for: @expo/rudder-sdk-node@1.1.1 want: ^2.0.0
1661 silly placeDep ROOT fetch-retry@4.1.1 OK for: @expo/rudder-sdk-node@1.1.1 want: ^4.1.1
1662 silly placeDep ROOT md5@2.3.0 OK for: @expo/rudder-sdk-node@1.1.1 want: ^2.2.1
1663 silly placeDep ROOT remove-trailing-slash@0.1.1 OK for: @expo/rudder-sdk-node@1.1.1 want: ^0.1.0
1664 silly placeDep node_modules/@expo/rudder-sdk-node uuid@8.3.2 OK for: @expo/rudder-sdk-node@1.1.1 want: ^8.3.2
1665 silly fetch manifest uuid@^8.0.0
1666 silly packumentCache full:https://registry.npmjs.org/uuid cache-hit
1667 silly fetch manifest component-type@^1.2.1
1668 silly packumentCache full:https://registry.npmjs.org/component-type cache-miss
1669 silly fetch manifest join-component@^1.1.0
1670 silly packumentCache full:https://registry.npmjs.org/join-component cache-miss
1671 silly fetch manifest crypt@0.0.2
1672 silly packumentCache full:https://registry.npmjs.org/crypt cache-miss
1673 silly fetch manifest charenc@0.0.2
1674 silly packumentCache full:https://registry.npmjs.org/charenc cache-miss
1675 silly fetch manifest is-buffer@~1.1.6
1676 silly packumentCache full:https://registry.npmjs.org/is-buffer cache-miss
1677 http fetch GET 200 https://registry.npmjs.org/component-type 36ms (cache miss)
1678 silly packumentCache full:https://registry.npmjs.org/component-type set size:undefined disposed:false
1679 http fetch GET 200 https://registry.npmjs.org/crypt 37ms (cache miss)
1680 silly packumentCache full:https://registry.npmjs.org/crypt set size:undefined disposed:false
1681 http fetch GET 200 https://registry.npmjs.org/charenc 168ms (cache miss)
1682 silly packumentCache full:https://registry.npmjs.org/charenc set size:undefined disposed:false
1683 http fetch GET 200 https://registry.npmjs.org/join-component 178ms (cache miss)
1684 silly packumentCache full:https://registry.npmjs.org/join-component set size:undefined disposed:false
1685 http fetch GET 200 https://registry.npmjs.org/is-buffer 390ms (cache miss)
1686 silly packumentCache full:https://registry.npmjs.org/is-buffer set size:undefined disposed:false
1687 silly placeDep node_modules/@expo/bunyan uuid@8.3.2 OK for: @expo/bunyan@4.0.1 want: ^8.0.0
1688 silly placeDep ROOT cross-spawn@7.0.6 OK for: @expo/spawn-async@1.7.2 want: ^7.0.3
1689 silly fetch manifest which@^2.0.1
1690 silly packumentCache full:https://registry.npmjs.org/which cache-miss
1691 silly fetch manifest path-key@^3.1.0
1692 silly packumentCache full:https://registry.npmjs.org/path-key cache-miss
1693 silly fetch manifest shebang-command@^2.0.0
1694 silly packumentCache full:https://registry.npmjs.org/shebang-command cache-miss
1695 http fetch GET 200 https://registry.npmjs.org/shebang-command 37ms (cache miss)
1696 silly packumentCache full:https://registry.npmjs.org/shebang-command set size:undefined disposed:false
1697 http fetch GET 200 https://registry.npmjs.org/path-key 39ms (cache miss)
1698 silly packumentCache full:https://registry.npmjs.org/path-key set size:undefined disposed:false
1699 http fetch GET 200 https://registry.npmjs.org/which 39ms (cache miss)
1700 silly packumentCache full:https://registry.npmjs.org/which set size:undefined disposed:false
1701 silly placeDep ROOT arg@5.0.2 OK for: @expo/steps@24.9.0 want: ^5.0.2
1702 silly placeDep node_modules/@expo/steps joi@17.13.8 OK for: @expo/steps@24.9.0 want: ^17.13.1
1703 silly placeDep ROOT jsep@1.4.0 OK for: @expo/steps@24.9.0 want: ^1.3.8
1704 silly placeDep ROOT lodash.clonedeep@4.5.0 OK for: @expo/steps@24.9.0 want: ^4.5.0
1705 silly placeDep ROOT @jridgewell/sourcemap-codec@1.6.0 OK for: @jridgewell/gen-mapping@0.3.13 want: ^1.5.0
1706 silly placeDep ROOT @jridgewell/resolve-uri@3.1.2 OK for: @jridgewell/trace-mapping@0.3.31 want: ^3.1.0
1707 silly placeDep ROOT ansi-escapes@4.3.2 OK for: @oclif/core@4.14.0 want: ^4.3.2
1708 silly placeDep ROOT ansis@3.17.0 OK for: @oclif/core@4.14.0 want: ^3.17.0
1709 silly placeDep ROOT clean-stack@3.0.1 OK for: @oclif/core@4.14.0 want: ^3.0.1
1710 silly placeDep ROOT cli-spinners@2.9.2 OK for: @oclif/core@4.14.0 want: ^2.9.2
1711 silly placeDep node_modules/@oclif/core ejs@6.0.1 OK for: @oclif/core@4.14.0 want: ^6
1712 silly placeDep ROOT get-package-type@0.1.0 OK for: @oclif/core@4.14.0 want: ^0.1.0
1713 silly placeDep ROOT lilconfig@3.1.3 OK for: @oclif/core@4.14.0 want: ^3.1.3
1714 silly placeDep node_modules/@oclif/core minimatch@10.2.6 OK for: @oclif/core@4.14.0 want: ^10.2.5
1715 silly placeDep node_modules/@oclif/core semver@7.8.5 OK for: @oclif/core@4.14.0 want: ^7.8.1
1716 silly placeDep ROOT string-width@4.2.3 OK for: @oclif/core@4.14.0 want: ^4.2.3
1717 silly placeDep ROOT supports-color@8.1.1 OK for: @oclif/core@4.14.0 want: ^8
1718 silly placeDep ROOT tinyglobby@0.2.17 OK for: @oclif/core@4.14.0 want: ^0.2.17
1719 silly placeDep ROOT widest-line@3.1.0 OK for: @oclif/core@4.14.0 want: ^3.1.0
1720 silly placeDep ROOT wordwrap@1.0.0 OK for: @oclif/core@4.14.0 want: ^1.0.0
1721 silly placeDep ROOT wsl-utils@0.4.0 OK for: @oclif/core@4.14.0 want: ^0.4.0
1722 silly fetch manifest type-fest@^0.21.3
1723 silly packumentCache full:https://registry.npmjs.org/type-fest cache-miss
1724 silly fetch manifest escape-string-regexp@4.0.0
1725 silly packumentCache full:https://registry.npmjs.org/escape-string-regexp cache-miss
1726 silly fetch manifest brace-expansion@^5.0.8
1727 silly packumentCache full:https://registry.npmjs.org/brace-expansion cache-miss
1728 silly fetch manifest emoji-regex@^8.0.0
1729 silly packumentCache full:https://registry.npmjs.org/emoji-regex cache-miss
1730 silly fetch manifest is-fullwidth-code-point@^3.0.0
1731 silly packumentCache full:https://registry.npmjs.org/is-fullwidth-code-point cache-miss
1732 silly fetch manifest has-flag@^4.0.0
1733 silly packumentCache full:https://registry.npmjs.org/has-flag cache-miss
1734 silly fetch manifest fdir@^6.5.0
1735 silly packumentCache full:https://registry.npmjs.org/fdir cache-miss
1736 http cache https://registry.npmjs.org/brace-expansion 4ms (cache hit)
1737 silly packumentCache full:https://registry.npmjs.org/brace-expansion set size:128514 disposed:false
1738 silly fetch manifest picomatch@^4.0.4
1739 silly packumentCache full:https://registry.npmjs.org/picomatch cache-miss
1740 http cache https://registry.npmjs.org/escape-string-regexp 6ms (cache hit)
1741 silly packumentCache full:https://registry.npmjs.org/escape-string-regexp set size:22244 disposed:false
1742 silly fetch manifest is-wsl@^3.1.0
1743 silly packumentCache full:https://registry.npmjs.org/is-wsl cache-miss
1744 http cache https://registry.npmjs.org/is-wsl 1ms (cache hit)
1745 silly packumentCache full:https://registry.npmjs.org/is-wsl set size:20683 disposed:false
1746 silly fetch manifest powershell-utils@^0.1.0
1747 silly packumentCache full:https://registry.npmjs.org/powershell-utils cache-miss
1748 http fetch GET 200 https://registry.npmjs.org/is-fullwidth-code-point 35ms (cache miss)
1749 silly packumentCache full:https://registry.npmjs.org/is-fullwidth-code-point set size:undefined disposed:false
1750 http fetch GET 200 https://registry.npmjs.org/emoji-regex 36ms (cache miss)
1751 silly packumentCache full:https://registry.npmjs.org/emoji-regex set size:undefined disposed:false
1752 http fetch GET 200 https://registry.npmjs.org/powershell-utils 32ms (cache miss)
1753 silly packumentCache full:https://registry.npmjs.org/powershell-utils set size:undefined disposed:false
1754 http fetch GET 200 https://registry.npmjs.org/picomatch 36ms (cache miss)
1755 silly packumentCache full:https://registry.npmjs.org/picomatch set size:undefined disposed:false
1756 http fetch GET 200 https://registry.npmjs.org/fdir 45ms (cache miss)
1757 silly packumentCache full:https://registry.npmjs.org/fdir set size:undefined disposed:false
1758 http fetch GET 200 https://registry.npmjs.org/type-fest 48ms (cache miss)
1759 silly packumentCache full:https://registry.npmjs.org/type-fest set size:undefined disposed:false
1760 http fetch GET 200 https://registry.npmjs.org/has-flag 110ms (cache miss)
1761 silly packumentCache full:https://registry.npmjs.org/has-flag set size:undefined disposed:false
1762 silly placeDep ROOT component-type@1.2.2 OK for: @segment/loosely-validate-event@2.0.0 want: ^1.2.1
1763 silly placeDep ROOT join-component@1.1.0 OK for: @segment/loosely-validate-event@2.0.0 want: ^1.1.0
1764 silly placeDep ROOT @sentry-internal/tracing@7.77.0 OK for: @sentry/node@7.77.0 want: 7.77.0
1765 silly placeDep ROOT @sentry/core@7.77.0 OK for: @sentry/node@7.77.0 want: 7.77.0
1766 silly placeDep ROOT @sentry/types@7.77.0 OK for: @sentry/node@7.77.0 want: 7.77.0
1767 silly placeDep ROOT @sentry/utils@7.77.0 OK for: @sentry/node@7.77.0 want: 7.77.0
1768 silly placeDep node_modules/@sentry/node https-proxy-agent@5.0.1 OK for: @sentry/node@7.77.0 want: ^5.0.0
1769 silly fetch manifest agent-base@6
1770 silly packumentCache full:https://registry.npmjs.org/agent-base cache-miss
1771 http cache https://registry.npmjs.org/agent-base 2ms (cache hit)
1772 silly packumentCache full:https://registry.npmjs.org/agent-base set size:72085 disposed:false
1773 silly placeDep ROOT @types/node@26.6.4 OK for: @types/bunyan@1.8.11 want: *
1774 silly fetch manifest undici-types@~8.9.0
1775 silly packumentCache full:https://registry.npmjs.org/undici-types cache-miss
1776 http fetch GET 200 https://registry.npmjs.org/undici-types 38ms (cache miss)
1777 silly packumentCache full:https://registry.npmjs.org/undici-types set size:undefined disposed:false
1778 silly placeDep ROOT undici-types@8.9.0 OK for: @types/node@26.6.4 want: ~8.9.0
1779 silly fetch manifest graphql@^14.0.0 || ^15.0.0 || ^16.0.0 || ^17.0.0
1780 silly packumentCache full:https://registry.npmjs.org/graphql cache-miss
1781 http cache https://registry.npmjs.org/graphql 3ms (cache hit)
1782 silly packumentCache full:https://registry.npmjs.org/graphql set size:880637 disposed:false
1783 silly placeDep ROOT @0no-co/graphql.web@1.3.4 OK for: @urql/core@4.0.11 want: ^1.0.1
1784 silly placeDep ROOT wonka@6.3.6 OK for: @urql/core@4.0.11 want: ^6.3.2
1785 silly placeDep ROOT json-schema-traverse@1.0.0 OK for: ajv@8.11.0 want: ^1.0.0
1786 silly placeDep ROOT require-from-string@2.0.2 OK for: ajv@8.11.0 want: ^2.0.2
1787 silly placeDep ROOT uri-js@4.4.1 OK for: ajv@8.11.0 want: ^4.2.2
1788 silly fetch manifest punycode@^2.1.0
1789 silly packumentCache full:https://registry.npmjs.org/punycode cache-miss
1790 http fetch GET 200 https://registry.npmjs.org/punycode 32ms (cache miss)
1791 silly packumentCache full:https://registry.npmjs.org/punycode set size:undefined disposed:false
1792 silly placeDep ROOT type-fest@0.21.3 OK for: ansi-escapes@4.3.2 want: ^0.21.3
1793 silly placeDep ROOT big-integer@1.6.52 OK for: bplist-parser@0.3.2 want: 1.6.x
1794 silly fetch manifest browserslist@>= 4.21.0
1795 silly packumentCache full:https://registry.npmjs.org/browserslist cache-miss
1796 http cache https://registry.npmjs.org/browserslist 2ms (cache hit)
1797 silly packumentCache full:https://registry.npmjs.org/browserslist set size:530436 disposed:false
1798 silly placeDep ROOT baseline-browser-mapping@2.11.27 OK for: browserslist@4.29.3 want: ^2.11.26
1799 silly placeDep ROOT caniuse-lite@1.0.30001815 OK for: browserslist@4.29.3 want: ^1.0.30001813
1800 silly placeDep ROOT electron-to-chromium@1.5.449 OK for: browserslist@4.29.3 want: ^1.5.439
1801 silly placeDep ROOT node-releases@2.0.57 OK for: browserslist@4.29.3 want: ^2.0.57
1802 silly placeDep ROOT update-browserslist-db@1.3.3 OK for: browserslist@4.29.3 want: ^1.3.3
1803 silly fetch manifest escalade@^3.2.0
1804 silly packumentCache full:https://registry.npmjs.org/escalade cache-miss
1805 http fetch GET 200 https://registry.npmjs.org/escalade 33ms (cache miss)
1806 silly packumentCache full:https://registry.npmjs.org/escalade set size:undefined disposed:false
1807 silly placeDep ROOT dtrace-provider@0.8.8 OK for: bunyan@1.8.15 want: ~0.8
1808 silly placeDep ROOT moment@2.31.0 OK for: bunyan@1.8.15 want: ^2.19.3
1809 silly placeDep ROOT mv@2.1.1 OK for: bunyan@1.8.15 want: ~2
1810 silly placeDep ROOT safe-json-stringify@1.2.0 OK for: bunyan@1.8.15 want: ~1
1811 silly fetch manifest nan@^2.14.0
1812 silly packumentCache full:https://registry.npmjs.org/nan cache-miss
1813 silly fetch manifest mkdirp@~0.5.1
1814 silly packumentCache full:https://registry.npmjs.org/mkdirp cache-miss
1815 silly fetch manifest ncp@~2.0.0
1816 silly packumentCache full:https://registry.npmjs.org/ncp cache-miss
1817 silly fetch manifest rimraf@~2.4.0
1818 silly packumentCache full:https://registry.npmjs.org/rimraf cache-miss
1819 http fetch GET 200 https://registry.npmjs.org/mkdirp 35ms (cache miss)
1820 silly packumentCache full:https://registry.npmjs.org/mkdirp set size:undefined disposed:false
1821 http fetch GET 200 https://registry.npmjs.org/nan 46ms (cache miss)
1822 silly packumentCache full:https://registry.npmjs.org/nan set size:undefined disposed:false
1823 http fetch GET 200 https://registry.npmjs.org/ncp 214ms (cache miss)
1824 silly packumentCache full:https://registry.npmjs.org/ncp set size:undefined disposed:false
1825 http fetch GET 200 https://registry.npmjs.org/rimraf 556ms (cache miss)
1826 silly packumentCache full:https://registry.npmjs.org/rimraf set size:undefined disposed:false
1827 silly placeDep ROOT events@3.3.0 OK for: centrifuge@5.7.1 want: ^3.3.0
1828 silly placeDep ROOT protobufjs@7.6.6 OK for: centrifuge@5.7.1 want: ^7.6.0
1829 silly fetch manifest long@^5.3.2
1830 silly packumentCache full:https://registry.npmjs.org/long cache-miss
1831 silly fetch manifest @protobufjs/path@^1.1.2
1832 silly packumentCache full:https://registry.npmjs.org/@protobufjs%2fpath cache-miss
1833 silly fetch manifest @protobufjs/pool@^1.1.0
1834 silly packumentCache full:https://registry.npmjs.org/@protobufjs%2fpool cache-miss
1835 silly fetch manifest @protobufjs/utf8@^1.1.1
1836 silly packumentCache full:https://registry.npmjs.org/@protobufjs%2futf8 cache-miss
1837 silly fetch manifest @protobufjs/fetch@^1.1.1
1838 silly packumentCache full:https://registry.npmjs.org/@protobufjs%2ffetch cache-miss
1839 silly fetch manifest @protobufjs/float@^1.0.2
1840 silly packumentCache full:https://registry.npmjs.org/@protobufjs%2ffloat cache-miss
1841 silly fetch manifest @protobufjs/base64@^1.1.2
1842 silly packumentCache full:https://registry.npmjs.org/@protobufjs%2fbase64 cache-miss
1843 http fetch GET 200 https://registry.npmjs.org/long 35ms (cache miss)
1844 silly packumentCache full:https://registry.npmjs.org/long set size:undefined disposed:false
1845 silly fetch manifest @protobufjs/codegen@^2.0.5
1846 silly packumentCache full:https://registry.npmjs.org/@protobufjs%2fcodegen cache-miss
1847 http fetch GET 200 https://registry.npmjs.org/@protobufjs%2futf8 36ms (cache miss)
1848 silly packumentCache full:https://registry.npmjs.org/@protobufjs%2futf8 set size:undefined disposed:false
1849 silly fetch manifest @protobufjs/aspromise@^1.1.2
1850 silly packumentCache full:https://registry.npmjs.org/@protobufjs%2faspromise cache-miss
1851 http fetch GET 200 https://registry.npmjs.org/@protobufjs%2ffetch 67ms (cache miss)
1852 silly packumentCache full:https://registry.npmjs.org/@protobufjs%2ffetch set size:undefined disposed:false
1853 silly fetch manifest @protobufjs/eventemitter@^1.1.1
1854 silly packumentCache full:https://registry.npmjs.org/@protobufjs%2feventemitter cache-miss
1855 http fetch GET 200 https://registry.npmjs.org/@protobufjs%2fbase64 71ms (cache miss)
1856 silly packumentCache full:https://registry.npmjs.org/@protobufjs%2fbase64 set size:undefined disposed:false
1857 http fetch GET 200 https://registry.npmjs.org/@protobufjs%2faspromise 34ms (cache miss)
1858 silly packumentCache full:https://registry.npmjs.org/@protobufjs%2faspromise set size:undefined disposed:false
1859 http fetch GET 200 https://registry.npmjs.org/@protobufjs%2fpath 181ms (cache miss)
1860 silly packumentCache full:https://registry.npmjs.org/@protobufjs%2fpath set size:undefined disposed:false
1861 http fetch GET 200 https://registry.npmjs.org/@protobufjs%2feventemitter 113ms (cache miss)
1862 silly packumentCache full:https://registry.npmjs.org/@protobufjs%2feventemitter set size:undefined disposed:false
1863 http fetch GET 200 https://registry.npmjs.org/@protobufjs%2fcodegen 147ms (cache miss)
1864 silly packumentCache full:https://registry.npmjs.org/@protobufjs%2fcodegen set size:undefined disposed:false
1865 http fetch GET 200 https://registry.npmjs.org/@protobufjs%2ffloat 190ms (cache miss)
1866 silly packumentCache full:https://registry.npmjs.org/@protobufjs%2ffloat set size:undefined disposed:false
1867 http fetch GET 200 https://registry.npmjs.org/@protobufjs%2fpool 204ms (cache miss)
1868 silly packumentCache full:https://registry.npmjs.org/@protobufjs%2fpool set size:undefined disposed:false
1869 silly placeDep ROOT ansi-styles@4.3.0 OK for: chalk@4.1.2 want: ^4.1.0
1870 silly placeDep node_modules/chalk supports-color@7.2.0 OK for: chalk@4.1.2 want: ^7.1.0
1871 silly fetch manifest color-convert@^2.0.1
1872 silly packumentCache full:https://registry.npmjs.org/color-convert cache-miss
1873 http fetch GET 200 https://registry.npmjs.org/color-convert 121ms (cache miss)
1874 silly packumentCache full:https://registry.npmjs.org/color-convert set size:undefined disposed:false
1875 silly placeDep ROOT color-convert@2.0.1 OK for: ansi-styles@4.3.0 want: ^2.0.1
1876 silly fetch manifest color-name@~1.1.4
1877 silly packumentCache full:https://registry.npmjs.org/color-name cache-miss
1878 http fetch GET 200 https://registry.npmjs.org/color-name 30ms (cache miss)
1879 silly packumentCache full:https://registry.npmjs.org/color-name set size:undefined disposed:false
1880 silly placeDep ROOT escape-string-regexp@4.0.0 OK for: clean-stack@3.0.1 want: 4.0.0
1881 silly placeDep ROOT color-name@1.1.4 OK for: color-convert@2.0.1 want: ~1.1.4
1882 silly placeDep ROOT path-key@3.1.1 OK for: cross-spawn@7.0.6 want: ^3.1.0
1883 silly placeDep ROOT shebang-command@2.0.0 OK for: cross-spawn@7.0.6 want: ^2.0.0
1884 silly placeDep ROOT which@2.0.2 OK for: cross-spawn@7.0.6 want: ^2.0.1
1885 silly fetch manifest shebang-regex@^3.0.0
1886 silly packumentCache full:https://registry.npmjs.org/shebang-regex cache-miss
1887 silly fetch manifest isexe@^2.0.0
1888 silly packumentCache full:https://registry.npmjs.org/isexe cache-miss
1889 http fetch GET 200 https://registry.npmjs.org/shebang-regex 32ms (cache miss)
1890 silly packumentCache full:https://registry.npmjs.org/shebang-regex set size:undefined disposed:false
1891 http fetch GET 200 https://registry.npmjs.org/isexe 33ms (cache miss)
1892 silly packumentCache full:https://registry.npmjs.org/isexe set size:undefined disposed:false
1893 silly placeDep ROOT ms@2.1.3 OK for: debug@4.4.3 want: ^2.1.3
1894 silly placeDep node_modules/dotenv-expand dotenv@16.6.1 OK for: dotenv-expand@11.0.7 want: ^16.4.5
1895 silly placeDep ROOT nan@2.29.0 OK for: dtrace-provider@0.8.8 want: ^2.14.0
1896 silly placeDep ROOT jake@10.9.4 OK for: ejs@3.1.10 want: ^10.8.5
1897 silly fetch manifest async@^3.2.6
1898 silly packumentCache full:https://registry.npmjs.org/async cache-miss
1899 silly fetch manifest filelist@^1.0.4
1900 silly packumentCache full:https://registry.npmjs.org/filelist cache-miss
1901 http fetch GET 200 https://registry.npmjs.org/filelist 36ms (cache miss)
1902 silly packumentCache full:https://registry.npmjs.org/filelist set size:undefined disposed:false
1903 http fetch GET 200 https://registry.npmjs.org/async 46ms (cache miss)
1904 silly packumentCache full:https://registry.npmjs.org/async set size:undefined disposed:false
1905 silly placeDep ROOT @nodelib/fs.stat@2.0.5 OK for: fast-glob@3.3.2 want: ^2.0.2
1906 silly placeDep ROOT @nodelib/fs.walk@1.2.8 OK for: fast-glob@3.3.2 want: ^1.2.3
1907 silly placeDep ROOT glob-parent@5.1.2 OK for: fast-glob@3.3.2 want: ^5.1.2
1908 silly placeDep ROOT merge2@1.4.1 OK for: fast-glob@3.3.2 want: ^1.3.0
1909 silly placeDep ROOT micromatch@4.0.8 OK for: fast-glob@3.3.2 want: ^4.0.4
1910 silly fetch manifest fastq@^1.6.0
1911 silly packumentCache full:https://registry.npmjs.org/fastq cache-miss
1912 silly fetch manifest @nodelib/fs.scandir@2.1.5
1913 silly packumentCache full:https://registry.npmjs.org/@nodelib%2ffs.scandir cache-miss
1914 silly fetch manifest is-glob@^4.0.1
1915 silly packumentCache full:https://registry.npmjs.org/is-glob cache-miss
1916 silly fetch manifest braces@^3.0.3
1917 silly packumentCache full:https://registry.npmjs.org/braces cache-miss
1918 silly fetch manifest picomatch@^2.3.1
1919 silly packumentCache full:https://registry.npmjs.org/picomatch cache-miss
1920 http cache https://registry.npmjs.org/picomatch 1ms (cache hit)
1921 silly packumentCache full:https://registry.npmjs.org/picomatch set size:134451 disposed:false
1922 http fetch GET 200 https://registry.npmjs.org/is-glob 31ms (cache miss)
1923 silly packumentCache full:https://registry.npmjs.org/is-glob set size:undefined disposed:false
1924 http fetch GET 200 https://registry.npmjs.org/fastq 32ms (cache miss)
1925 silly packumentCache full:https://registry.npmjs.org/fastq set size:undefined disposed:false
1926 http fetch GET 200 https://registry.npmjs.org/braces 34ms (cache miss)
1927 silly packumentCache full:https://registry.npmjs.org/braces set size:undefined disposed:false
1928 http fetch GET 200 https://registry.npmjs.org/@nodelib%2ffs.scandir 118ms (cache miss)
1929 silly packumentCache full:https://registry.npmjs.org/@nodelib%2ffs.scandir set size:undefined disposed:false
1930 silly placeDep ROOT @nodelib/fs.scandir@2.1.5 OK for: @nodelib/fs.walk@1.2.8 want: 2.1.5
1931 silly placeDep ROOT fastq@1.20.3 OK for: @nodelib/fs.walk@1.2.8 want: ^1.6.0
1932 silly fetch manifest run-parallel@^1.1.9
1933 silly packumentCache full:https://registry.npmjs.org/run-parallel cache-miss
1934 silly fetch manifest reusify@^1.0.4
1935 silly packumentCache full:https://registry.npmjs.org/reusify cache-miss
1936 http fetch GET 200 https://registry.npmjs.org/run-parallel 33ms (cache miss)
1937 silly packumentCache full:https://registry.npmjs.org/run-parallel set size:undefined disposed:false
1938 http fetch GET 200 https://registry.npmjs.org/reusify 34ms (cache miss)
1939 silly packumentCache full:https://registry.npmjs.org/reusify set size:undefined disposed:false
1940 silly placeDep ROOT run-parallel@1.2.0 OK for: @nodelib/fs.scandir@2.1.5 want: ^1.1.9
1941 silly fetch manifest queue-microtask@^1.2.2
1942 silly packumentCache full:https://registry.npmjs.org/queue-microtask cache-miss
1943 http fetch GET 200 https://registry.npmjs.org/queue-microtask 102ms (cache miss)
1944 silly packumentCache full:https://registry.npmjs.org/queue-microtask set size:undefined disposed:false
1945 silly placeDep ROOT reusify@1.1.0 OK for: fastq@1.20.3 want: ^1.0.4
1946 silly placeDep node_modules/figures escape-string-regexp@1.0.5 OK for: figures@3.2.0 want: ^1.0.5
1947 silly placeDep ROOT asynckit@0.4.0 OK for: form-data@4.0.6 want: ^0.4.0
1948 silly placeDep ROOT combined-stream@1.0.8 OK for: form-data@4.0.6 want: ^1.0.8
1949 silly placeDep ROOT es-set-tostringtag@2.1.0 OK for: form-data@4.0.6 want: ^2.1.0
1950 silly placeDep ROOT hasown@2.0.4 OK for: form-data@4.0.6 want: ^2.0.4
1951 silly placeDep ROOT mime-types@2.1.35 OK for: form-data@4.0.6 want: ^2.1.35
1952 silly fetch manifest delayed-stream@~1.0.0
1953 silly packumentCache full:https://registry.npmjs.org/delayed-stream cache-miss
1954 silly fetch manifest es-errors@^1.3.0
1955 silly packumentCache full:https://registry.npmjs.org/es-errors cache-miss
1956 silly fetch manifest get-intrinsic@^1.2.6
1957 silly packumentCache full:https://registry.npmjs.org/get-intrinsic cache-miss
1958 silly fetch manifest has-tostringtag@^1.0.2
1959 silly packumentCache full:https://registry.npmjs.org/has-tostringtag cache-miss
1960 silly fetch manifest hasown@^2.0.2
1961 silly packumentCache full:https://registry.npmjs.org/hasown cache-miss
1962 silly fetch manifest function-bind@^1.1.2
1963 silly packumentCache full:https://registry.npmjs.org/function-bind cache-miss
1964 silly fetch manifest mime-db@1.52.0
1965 silly packumentCache full:https://registry.npmjs.org/mime-db cache-miss
1966 http cache https://registry.npmjs.org/hasown 4ms (cache hit)
1967 silly packumentCache full:https://registry.npmjs.org/hasown set size:18361 disposed:false
1968 http fetch GET 200 https://registry.npmjs.org/es-errors 36ms (cache miss)
1969 silly packumentCache full:https://registry.npmjs.org/es-errors set size:undefined disposed:false
1970 http fetch GET 200 https://registry.npmjs.org/delayed-stream 38ms (cache miss)
1971 silly packumentCache full:https://registry.npmjs.org/delayed-stream set size:undefined disposed:false
1972 http fetch GET 200 https://registry.npmjs.org/function-bind 37ms (cache miss)
1973 silly packumentCache full:https://registry.npmjs.org/function-bind set size:undefined disposed:false
1974 http fetch GET 200 https://registry.npmjs.org/get-intrinsic 37ms (cache miss)
1975 silly packumentCache full:https://registry.npmjs.org/get-intrinsic set size:undefined disposed:false
1976 http fetch GET 200 https://registry.npmjs.org/mime-db 47ms (cache miss)
1977 silly packumentCache full:https://registry.npmjs.org/mime-db set size:undefined disposed:false
1978 http fetch GET 200 https://registry.npmjs.org/has-tostringtag 52ms (cache miss)
1979 silly packumentCache full:https://registry.npmjs.org/has-tostringtag set size:undefined disposed:false
1980 silly placeDep ROOT delayed-stream@1.0.0 OK for: combined-stream@1.0.8 want: ~1.0.0
1981 silly placeDep ROOT es-errors@1.3.0 OK for: es-set-tostringtag@2.1.0 want: ^1.3.0
1982 silly placeDep ROOT get-intrinsic@1.3.0 OK for: es-set-tostringtag@2.1.0 want: ^1.2.6
1983 silly placeDep ROOT has-tostringtag@1.0.2 OK for: es-set-tostringtag@2.1.0 want: ^1.0.2
1984 silly fetch manifest gopd@^1.2.0
1985 silly packumentCache full:https://registry.npmjs.org/gopd cache-miss
1986 silly fetch manifest get-proto@^1.0.1
1987 silly packumentCache full:https://registry.npmjs.org/get-proto cache-miss
1988 silly fetch manifest has-symbols@^1.1.0
1989 silly packumentCache full:https://registry.npmjs.org/has-symbols cache-miss
1990 silly fetch manifest es-object-atoms@^1.1.1
1991 silly packumentCache full:https://registry.npmjs.org/es-object-atoms cache-miss
1992 silly fetch manifest math-intrinsics@^1.1.0
1993 silly packumentCache full:https://registry.npmjs.org/math-intrinsics cache-miss
1994 silly fetch manifest es-define-property@^1.0.1
1995 silly packumentCache full:https://registry.npmjs.org/es-define-property cache-miss
1996 silly fetch manifest call-bind-apply-helpers@^1.0.2
1997 silly packumentCache full:https://registry.npmjs.org/call-bind-apply-helpers cache-miss
1998 http fetch GET 200 https://registry.npmjs.org/gopd 33ms (cache miss)
1999 silly packumentCache full:https://registry.npmjs.org/gopd set size:undefined disposed:false
2000 silly fetch manifest has-symbols@^1.0.3
2001 silly packumentCache full:https://registry.npmjs.org/has-symbols cache-miss
2002 http fetch GET 200 https://registry.npmjs.org/has-symbols 34ms (cache miss)
2003 silly packumentCache full:https://registry.npmjs.org/has-symbols set size:undefined disposed:false
2004 http fetch GET 200 https://registry.npmjs.org/es-object-atoms 34ms (cache miss)
2005 silly packumentCache full:https://registry.npmjs.org/es-object-atoms set size:undefined disposed:false
2006 http fetch GET 200 https://registry.npmjs.org/math-intrinsics 34ms (cache miss)
2007 silly packumentCache full:https://registry.npmjs.org/math-intrinsics set size:undefined disposed:false
2008 http fetch GET 200 https://registry.npmjs.org/es-define-property 34ms (cache miss)
2009 silly packumentCache full:https://registry.npmjs.org/es-define-property set size:undefined disposed:false
2010 http fetch GET 200 https://registry.npmjs.org/get-proto 35ms (cache miss)
2011 silly packumentCache full:https://registry.npmjs.org/get-proto set size:undefined disposed:false
2012 http cache https://registry.npmjs.org/has-symbols 2ms (cache hit)
2013 silly packumentCache full:https://registry.npmjs.org/has-symbols set size:21550 disposed:false
2014 http fetch GET 200 https://registry.npmjs.org/call-bind-apply-helpers 47ms (cache miss)
2015 silly packumentCache full:https://registry.npmjs.org/call-bind-apply-helpers set size:undefined disposed:false
2016 silly placeDep ROOT graceful-fs@4.2.11 OK for: fs-extra@11.2.0 want: ^4.2.0
2017 silly placeDep ROOT jsonfile@6.2.1 OK for: fs-extra@11.2.0 want: ^6.0.1
2018 silly placeDep ROOT universalify@2.0.1 OK for: fs-extra@11.2.0 want: ^2.0.0
2019 silly placeDep ROOT call-bind-apply-helpers@1.0.2 OK for: get-intrinsic@1.3.0 want: ^1.0.2
2020 silly placeDep ROOT es-define-property@1.0.1 OK for: get-intrinsic@1.3.0 want: ^1.0.1
2021 silly placeDep ROOT es-object-atoms@1.1.2 OK for: get-intrinsic@1.3.0 want: ^1.1.1
2022 silly placeDep ROOT function-bind@1.1.2 OK for: get-intrinsic@1.3.0 want: ^1.1.2
2023 silly placeDep ROOT get-proto@1.0.1 OK for: get-intrinsic@1.3.0 want: ^1.0.1
2024 silly placeDep ROOT gopd@1.2.0 OK for: get-intrinsic@1.3.0 want: ^1.2.0
2025 silly placeDep ROOT has-symbols@1.1.0 OK for: get-intrinsic@1.3.0 want: ^1.1.0
2026 silly placeDep ROOT math-intrinsics@1.1.0 OK for: get-intrinsic@1.3.0 want: ^1.1.0
2027 silly fetch manifest dunder-proto@^1.0.1
2028 silly packumentCache full:https://registry.npmjs.org/dunder-proto cache-miss
2029 http fetch GET 200 https://registry.npmjs.org/dunder-proto 29ms (cache miss)
2030 silly packumentCache full:https://registry.npmjs.org/dunder-proto set size:undefined disposed:false
2031 silly placeDep ROOT dunder-proto@1.0.1 OK for: get-proto@1.0.1 want: ^1.0.1
2032 silly placeDep node_modules/glob minimatch@10.2.6 OK for: glob@13.0.6 want: ^10.2.2
2033 silly placeDep ROOT minipass@7.1.3 OK for: glob@13.0.6 want: ^7.1.3
2034 silly placeDep ROOT path-scurry@2.0.2 OK for: glob@13.0.6 want: ^2.0.2
2035 silly fetch manifest lru-cache@^11.0.0
2036 silly packumentCache full:https://registry.npmjs.org/lru-cache cache-hit
2037 silly placeDep ROOT is-glob@4.0.3 OK for: glob-parent@5.1.2 want: ^4.0.1
2038 silly fetch manifest is-extglob@^2.1.1
2039 silly packumentCache full:https://registry.npmjs.org/is-extglob cache-miss
2040 http fetch GET 200 https://registry.npmjs.org/is-extglob 35ms (cache miss)
2041 silly packumentCache full:https://registry.npmjs.org/is-extglob set size:undefined disposed:false
2042 silly placeDep ROOT lodash.merge@4.6.2 OK for: gradle-to-js@2.0.1 want: ^4.6.2
2043 silly placeDep ROOT content-type@1.0.5 OK for: http-call@5.3.0 want: ^1.0.4
2044 silly placeDep ROOT is-retry-allowed@1.2.0 OK for: http-call@5.3.0 want: ^1.1.0
2045 silly placeDep ROOT is-stream@2.0.1 OK for: http-call@5.3.0 want: ^2.0.0
2046 silly placeDep ROOT parse-json@4.0.0 OK for: http-call@5.3.0 want: ^4.0.0
2047 silly placeDep ROOT tunnel-agent@0.6.0 OK for: http-call@5.3.0 want: ^0.6.0
2048 silly fetch manifest error-ex@^1.3.1
2049 silly packumentCache full:https://registry.npmjs.org/error-ex cache-miss
2050 silly fetch manifest json-parse-better-errors@^1.0.1
2051 silly packumentCache full:https://registry.npmjs.org/json-parse-better-errors cache-miss
2052 silly fetch manifest safe-buffer@^5.0.1
2053 silly packumentCache full:https://registry.npmjs.org/safe-buffer cache-miss
2054 http fetch GET 200 https://registry.npmjs.org/error-ex 40ms (cache miss)
2055 silly packumentCache full:https://registry.npmjs.org/error-ex set size:undefined disposed:false
2056 http fetch GET 200 https://registry.npmjs.org/json-parse-better-errors 41ms (cache miss)
2057 silly packumentCache full:https://registry.npmjs.org/json-parse-better-errors set size:undefined disposed:false
2058 http fetch GET 200 https://registry.npmjs.org/safe-buffer 41ms (cache miss)
2059 silly packumentCache full:https://registry.npmjs.org/safe-buffer set size:undefined disposed:false
2060 silly placeDep ROOT agent-base@7.1.4 OK for: https-proxy-agent@7.0.6 want: ^7.1.2
2061 silly placeDep ROOT loose-envify@1.4.0 OK for: invariant@2.2.4 want: ^1.0.0
2062 silly placeDep ROOT is-extglob@2.1.1 OK for: is-glob@4.0.3 want: ^2.1.1
2063 silly placeDep ROOT async@3.2.6 OK for: jake@10.9.4 want: ^3.2.6
2064 silly placeDep ROOT filelist@1.0.6 OK for: jake@10.9.4 want: ^1.0.4
2065 silly placeDep ROOT node-int64@0.4.0 OK for: jks-js@1.1.0 want: ^0.4.0
2066 silly placeDep ROOT node-rsa@1.1.1 OK for: jks-js@1.1.0 want: ^1.1.1
2067 silly fetch manifest asn1@^0.2.4
2068 silly packumentCache full:https://registry.npmjs.org/asn1 cache-miss
2069 http fetch GET 200 https://registry.npmjs.org/asn1 34ms (cache miss)
2070 silly packumentCache full:https://registry.npmjs.org/asn1 set size:undefined disposed:false
2071 silly placeDep ROOT @hapi/hoek@9.3.0 OK for: joi@17.11.0 want: ^9.0.0
2072 silly placeDep ROOT @hapi/topo@5.1.0 OK for: joi@17.11.0 want: ^5.0.0
2073 silly placeDep ROOT @sideway/address@4.1.5 OK for: joi@17.11.0 want: ^4.1.3
2074 silly placeDep ROOT @sideway/formula@3.0.1 OK for: joi@17.11.0 want: ^3.0.1
2075 silly placeDep ROOT @sideway/pinpoint@2.0.0 OK for: joi@17.11.0 want: ^2.0.0
2076 silly placeDep ROOT is-unicode-supported@0.1.0 OK for: log-symbols@4.1.0 want: ^0.1.0
2077 silly placeDep ROOT yallist@3.1.1 OK for: lru-cache@5.1.1 want: ^3.0.2
2078 silly placeDep ROOT charenc@0.0.2 OK for: md5@2.3.0 want: 0.0.2
2079 silly placeDep ROOT crypt@0.0.2 OK for: md5@2.3.0 want: 0.0.2
2080 silly placeDep ROOT is-buffer@1.1.6 OK for: md5@2.3.0 want: ~1.1.6
2081 silly placeDep ROOT braces@3.0.3 OK for: micromatch@4.0.8 want: ^3.0.3
2082 silly placeDep ROOT picomatch@2.3.2 OK for: micromatch@4.0.8 want: ^2.3.1
2083 silly fetch manifest fill-range@^7.1.1
2084 silly packumentCache full:https://registry.npmjs.org/fill-range cache-miss
2085 http fetch GET 200 https://registry.npmjs.org/fill-range 103ms (cache miss)
2086 silly packumentCache full:https://registry.npmjs.org/fill-range set size:undefined disposed:false
2087 silly placeDep ROOT fill-range@7.1.1 OK for: braces@3.0.3 want: ^7.1.1
2088 silly fetch manifest to-regex-range@^5.0.1
2089 silly packumentCache full:https://registry.npmjs.org/to-regex-range cache-miss
2090 http fetch GET 200 https://registry.npmjs.org/to-regex-range 30ms (cache miss)
2091 silly packumentCache full:https://registry.npmjs.org/to-regex-range set size:undefined disposed:false
2092 silly placeDep ROOT to-regex-range@5.0.1 OK for: fill-range@7.1.1 want: ^5.0.1
2093 silly fetch manifest is-number@^7.0.0
2094 silly packumentCache full:https://registry.npmjs.org/is-number cache-miss
2095 http fetch GET 200 https://registry.npmjs.org/is-number 120ms (cache miss)
2096 silly packumentCache full:https://registry.npmjs.org/is-number set size:undefined disposed:false
2097 silly placeDep ROOT mime-db@1.52.0 OK for: mime-types@2.1.35 want: 1.52.0
2098 silly placeDep ROOT brace-expansion@2.1.7 OK for: minimatch@5.1.2 want: ^2.0.1
2099 silly fetch manifest balanced-match@^1.0.0
2100 silly packumentCache full:https://registry.npmjs.org/balanced-match cache-miss
2101 http fetch GET 200 https://registry.npmjs.org/balanced-match 31ms (cache miss)
2102 silly packumentCache full:https://registry.npmjs.org/balanced-match set size:undefined disposed:false
2103 silly placeDep ROOT balanced-match@1.0.2 OK for: brace-expansion@2.1.7 want: ^1.0.0
2104 silly placeDep ROOT mkdirp@0.5.6 OK for: mv@2.1.1 want: ~0.5.1
2105 silly placeDep ROOT ncp@2.0.0 OK for: mv@2.1.1 want: ~2.0.0
2106 silly placeDep ROOT rimraf@2.4.5 OK for: mv@2.1.1 want: ~2.4.0
2107 silly fetch manifest minimist@^1.2.6
2108 silly packumentCache full:https://registry.npmjs.org/minimist cache-miss
2109 silly fetch manifest glob@^6.0.1
2110 silly packumentCache full:https://registry.npmjs.org/glob cache-hit
2111 http fetch GET 200 https://registry.npmjs.org/minimist 36ms (cache miss)
2112 silly packumentCache full:https://registry.npmjs.org/minimist set size:undefined disposed:false
2113 silly placeDep ROOT minimist@1.2.8 OK for: mkdirp@0.5.6 want: ^1.2.6
2114 silly placeDep ROOT whatwg-url@5.0.0 OK for: node-fetch@2.6.7 want: ^5.0.0
2115 silly fetch manifest tr46@~0.0.3
2116 silly packumentCache full:https://registry.npmjs.org/tr46 cache-miss
2117 silly fetch manifest webidl-conversions@^3.0.0
2118 silly packumentCache full:https://registry.npmjs.org/webidl-conversions cache-miss
2119 http fetch GET 200 https://registry.npmjs.org/tr46 31ms (cache miss)
2120 silly packumentCache full:https://registry.npmjs.org/tr46 set size:undefined disposed:false
2121 http fetch GET 200 https://registry.npmjs.org/webidl-conversions 38ms (cache miss)
2122 silly packumentCache full:https://registry.npmjs.org/webidl-conversions set size:undefined disposed:false
2123 silly placeDep ROOT asn1@0.2.6 OK for: node-rsa@1.1.1 want: ^0.2.4
2124 silly fetch manifest safer-buffer@~2.1.0
2125 silly packumentCache full:https://registry.npmjs.org/safer-buffer cache-miss
2126 http fetch GET 200 https://registry.npmjs.org/safer-buffer 54ms (cache miss)
2127 silly packumentCache full:https://registry.npmjs.org/safer-buffer set size:undefined disposed:false
2128 silly placeDep ROOT safer-buffer@2.1.2 OK for: asn1@0.2.6 want: ~2.1.0
2129 silly placeDep ROOT hosted-git-info@7.0.2 OK for: npm-package-arg@11.0.3 want: ^7.0.0
2130 silly placeDep ROOT proc-log@4.2.0 OK for: npm-package-arg@11.0.3 want: ^4.0.0
2131 silly placeDep ROOT validate-npm-package-name@5.0.1 OK for: npm-package-arg@11.0.3 want: ^5.0.0
2132 silly fetch manifest lru-cache@^10.0.1
2133 silly packumentCache full:https://registry.npmjs.org/lru-cache cache-hit
2134 silly placeDep node_modules/hosted-git-info lru-cache@10.4.3 OK for: hosted-git-info@7.0.2 want: ^10.0.1
2135 silly placeDep ROOT define-lazy-prop@2.0.0 OK for: open@8.4.0 want: ^2.0.0
2136 silly placeDep ROOT is-docker@2.2.1 OK for: open@8.4.0 want: ^2.1.1
2137 silly placeDep ROOT is-wsl@2.2.0 OK for: open@8.4.0 want: ^2.2.0
2138 silly placeDep ROOT cli-cursor@3.1.0 OK for: ora@5.1.0 want: ^3.1.0
2139 silly placeDep ROOT is-interactive@1.0.0 OK for: ora@5.1.0 want: ^1.0.0
2140 silly placeDep ROOT mute-stream@0.0.8 OK for: ora@5.1.0 want: 0.0.8
2141 silly placeDep ROOT strip-ansi@6.0.1 OK for: ora@5.1.0 want: ^6.0.0
2142 silly placeDep ROOT wcwidth@1.0.1 OK for: ora@5.1.0 want: ^1.0.1
2143 silly fetch manifest restore-cursor@^3.1.0
2144 silly packumentCache full:https://registry.npmjs.org/restore-cursor cache-miss
2145 silly fetch manifest ansi-regex@^5.0.1
2146 silly packumentCache full:https://registry.npmjs.org/ansi-regex cache-miss
2147 silly fetch manifest defaults@^1.0.3
2148 silly packumentCache full:https://registry.npmjs.org/defaults cache-miss
2149 http fetch GET 200 https://registry.npmjs.org/defaults 34ms (cache miss)
2150 silly packumentCache full:https://registry.npmjs.org/defaults set size:undefined disposed:false
2151 http fetch GET 200 https://registry.npmjs.org/restore-cursor 35ms (cache miss)
2152 silly packumentCache full:https://registry.npmjs.org/restore-cursor set size:undefined disposed:false
2153 http fetch GET 200 https://registry.npmjs.org/ansi-regex 36ms (cache miss)
2154 silly packumentCache full:https://registry.npmjs.org/ansi-regex set size:undefined disposed:false
2155 silly placeDep ROOT restore-cursor@3.1.0 OK for: cli-cursor@3.1.0 want: ^3.1.0
2156 silly fetch manifest onetime@^5.1.0
2157 silly packumentCache full:https://registry.npmjs.org/onetime cache-miss
2158 http fetch GET 200 https://registry.npmjs.org/onetime 32ms (cache miss)
2159 silly packumentCache full:https://registry.npmjs.org/onetime set size:undefined disposed:false
2160 silly placeDep ROOT error-ex@1.3.4 OK for: parse-json@4.0.0 want: ^1.3.1
2161 silly placeDep ROOT json-parse-better-errors@1.0.2 OK for: parse-json@4.0.0 want: ^1.0.1
2162 silly fetch manifest is-arrayish@^0.2.1
2163 silly packumentCache full:https://registry.npmjs.org/is-arrayish cache-miss
2164 http fetch GET 200 https://registry.npmjs.org/is-arrayish 32ms (cache miss)
2165 silly packumentCache full:https://registry.npmjs.org/is-arrayish set size:undefined disposed:false
2166 silly placeDep ROOT is-arrayish@0.2.1 OK for: error-ex@1.3.4 want: ^0.2.1
2167 silly placeDep node_modules/parse-png pngjs@3.4.0 OK for: parse-png@2.1.0 want: ^3.3.0
2168 silly placeDep node_modules/path-scurry lru-cache@11.5.3 OK for: path-scurry@2.0.2 want: ^11.0.0
2169 silly placeDep ROOT find-up@4.1.0 OK for: pkg-dir@4.2.0 want: ^4.0.0
2170 silly fetch manifest locate-path@^5.0.0
2171 silly packumentCache full:https://registry.npmjs.org/locate-path cache-miss
2172 silly fetch manifest path-exists@^4.0.0
2173 silly packumentCache full:https://registry.npmjs.org/path-exists cache-miss
2174 http fetch GET 200 https://registry.npmjs.org/locate-path 32ms (cache miss)
2175 silly packumentCache full:https://registry.npmjs.org/locate-path set size:undefined disposed:false
2176 http fetch GET 200 https://registry.npmjs.org/path-exists 50ms (cache miss)
2177 silly packumentCache full:https://registry.npmjs.org/path-exists set size:undefined disposed:false
2178 silly placeDep ROOT locate-path@5.0.0 OK for: find-up@4.1.0 want: ^5.0.0
2179 silly placeDep ROOT path-exists@4.0.0 OK for: find-up@4.1.0 want: ^4.0.0
2180 silly fetch manifest p-locate@^4.1.0
2181 silly packumentCache full:https://registry.npmjs.org/p-locate cache-miss
2182 http fetch GET 200 https://registry.npmjs.org/p-locate 30ms (cache miss)
2183 silly packumentCache full:https://registry.npmjs.org/p-locate set size:undefined disposed:false
2184 silly placeDep ROOT p-locate@4.1.0 OK for: locate-path@5.0.0 want: ^4.1.0
2185 silly fetch manifest p-limit@^2.2.0
2186 silly packumentCache full:https://registry.npmjs.org/p-limit cache-miss
2187 http fetch GET 200 https://registry.npmjs.org/p-limit 33ms (cache miss)
2188 silly packumentCache full:https://registry.npmjs.org/p-limit set size:undefined disposed:false
2189 silly placeDep ROOT p-limit@2.3.0 OK for: p-locate@4.1.0 want: ^2.2.0
2190 silly fetch manifest p-try@^2.0.0
2191 silly packumentCache full:https://registry.npmjs.org/p-try cache-miss
2192 http fetch GET 200 https://registry.npmjs.org/p-try 117ms (cache miss)
2193 silly packumentCache full:https://registry.npmjs.org/p-try set size:undefined disposed:false
2194 silly placeDep ROOT p-try@2.2.0 OK for: p-limit@2.3.0 want: ^2.0.0
2195 silly placeDep ROOT err-code@2.0.3 OK for: promise-retry@2.0.1 want: ^2.0.2
2196 silly placeDep ROOT retry@0.12.0 OK for: promise-retry@2.0.1 want: ^0.12.0
2197 silly placeDep ROOT kleur@3.0.3 OK for: prompts@2.4.2 want: ^3.0.3
2198 silly placeDep ROOT sisteransi@1.0.5 OK for: prompts@2.4.2 want: ^1.0.5
2199 silly placeDep ROOT @protobufjs/aspromise@1.1.2 OK for: protobufjs@7.6.6 want: ^1.1.2
2200 silly placeDep ROOT @protobufjs/base64@1.1.2 OK for: protobufjs@7.6.6 want: ^1.1.2
2201 silly placeDep ROOT @protobufjs/codegen@2.0.5 OK for: protobufjs@7.6.6 want: ^2.0.5
2202 silly placeDep ROOT @protobufjs/eventemitter@1.1.1 OK for: protobufjs@7.6.6 want: ^1.1.1
2203 silly placeDep ROOT @protobufjs/fetch@1.1.1 OK for: protobufjs@7.6.6 want: ^1.1.1
2204 silly placeDep ROOT @protobufjs/float@1.0.2 OK for: protobufjs@7.6.6 want: ^1.0.2
2205 silly placeDep ROOT @protobufjs/path@1.1.2 OK for: protobufjs@7.6.6 want: ^1.1.2
2206 silly placeDep ROOT @protobufjs/pool@1.1.0 OK for: protobufjs@7.6.6 want: ^1.1.0
2207 silly placeDep ROOT @protobufjs/utf8@1.1.2 OK for: protobufjs@7.6.6 want: ^1.1.1
2208 silly placeDep ROOT long@5.3.2 OK for: protobufjs@7.6.6 want: ^5.3.2
2209 silly placeDep ROOT onetime@5.1.2 OK for: restore-cursor@3.1.0 want: ^5.1.0
2210 silly placeDep ROOT signal-exit@3.0.7 OK for: restore-cursor@3.1.0 want: ^3.0.2
2211 silly fetch manifest mimic-fn@^2.1.0
2212 silly packumentCache full:https://registry.npmjs.org/mimic-fn cache-miss
2213 http fetch GET 200 https://registry.npmjs.org/mimic-fn 31ms (cache miss)
2214 silly packumentCache full:https://registry.npmjs.org/mimic-fn set size:undefined disposed:false
2215 silly placeDep ROOT mimic-fn@2.1.0 OK for: onetime@5.1.2 want: ^2.1.0
2216 silly placeDep node_modules/rimraf glob@6.0.4 OK for: rimraf@2.4.5 want: ^6.0.1
2217 silly fetch manifest once@^1.3.0
2218 silly packumentCache full:https://registry.npmjs.org/once cache-miss
2219 silly fetch manifest inflight@^1.0.4
2220 silly packumentCache full:https://registry.npmjs.org/inflight cache-miss
2221 silly fetch manifest inherits@2
2222 silly packumentCache full:https://registry.npmjs.org/inherits cache-miss
2223 silly fetch manifest minimatch@2 || 3
2224 silly packumentCache full:https://registry.npmjs.org/minimatch cache-hit
2225 silly fetch manifest path-is-absolute@^1.0.0
2226 silly packumentCache full:https://registry.npmjs.org/path-is-absolute cache-miss
2227 http fetch GET 200 https://registry.npmjs.org/once 33ms (cache miss)
2228 silly packumentCache full:https://registry.npmjs.org/once set size:undefined disposed:false
2229 http fetch GET 200 https://registry.npmjs.org/inflight 34ms (cache miss)
2230 silly packumentCache full:https://registry.npmjs.org/inflight set size:undefined disposed:false
2231 http fetch GET 200 https://registry.npmjs.org/path-is-absolute 34ms (cache miss)
2232 silly packumentCache full:https://registry.npmjs.org/path-is-absolute set size:undefined disposed:false
2233 http fetch GET 200 https://registry.npmjs.org/inherits 46ms (cache miss)
2234 silly packumentCache full:https://registry.npmjs.org/inherits set size:undefined disposed:false
2235 silly placeDep ROOT queue-microtask@1.2.3 OK for: run-parallel@1.2.0 want: ^1.2.2
2236 silly placeDep node_modules/semver lru-cache@6.0.0 OK for: semver@7.5.4 want: ^6.0.0
2237 silly fetch manifest yallist@^4.0.0
2238 silly packumentCache full:https://registry.npmjs.org/yallist cache-hit
2239 silly placeDep ROOT shebang-regex@3.0.0 OK for: shebang-command@2.0.0 want: ^3.0.0
2240 silly placeDep ROOT emoji-regex@8.0.0 OK for: string-width@4.2.3 want: ^8.0.0
2241 silly placeDep ROOT is-fullwidth-code-point@3.0.0 OK for: string-width@4.2.3 want: ^3.0.0
2242 silly placeDep ROOT ansi-regex@5.0.1 OK for: strip-ansi@6.0.1 want: ^5.0.1
2243 silly placeDep ROOT has-flag@4.0.0 OK for: supports-color@8.1.1 want: ^4.0.0
2244 silly placeDep ROOT @isaacs/fs-minipass@4.0.1 OK for: tar@7.5.19 want: ^4.0.0
2245 silly placeDep ROOT chownr@3.0.0 OK for: tar@7.5.19 want: ^3.0.0
2246 silly placeDep node_modules/tar yallist@5.0.0 OK for: tar@7.5.19 want: ^5.0.0
2247 silly fetch manifest react-native-b4a@*
2248 silly packumentCache full:https://registry.npmjs.org/react-native-b4a cache-miss
2249 http fetch GET 200 https://registry.npmjs.org/react-native-b4a 29ms (cache miss)
2250 silly packumentCache full:https://registry.npmjs.org/react-native-b4a set size:undefined disposed:false
2251 silly fetch manifest react@*
2252 silly packumentCache full:https://registry.npmjs.org/react cache-miss
2253 http fetch GET 200 https://registry.npmjs.org/react 492ms (cache miss)
2254 silly packumentCache full:https://registry.npmjs.org/react set size:undefined disposed:false
2255 silly fetch manifest react-native@*
2256 silly packumentCache full:https://registry.npmjs.org/react-native cache-miss
2257 http fetch GET 200 https://registry.npmjs.org/react-native 518ms (cache miss)
2258 silly packumentCache full:https://registry.npmjs.org/react-native set size:undefined disposed:false
2259 silly fetch manifest @types/react@^19.1.1
2260 silly packumentCache full:https://registry.npmjs.org/@types%2freact cache-miss
2261 http fetch GET 200 https://registry.npmjs.org/@types%2freact 128ms (cache miss)
2262 silly packumentCache full:https://registry.npmjs.org/@types%2freact set size:undefined disposed:false
2263 silly placeDep ROOT b4a@1.9.0 OK for: tar-stream@3.1.7 want: ^1.6.4
2264 silly placeDep ROOT fast-fifo@1.3.2 OK for: tar-stream@3.1.7 want: ^1.2.0
2265 silly placeDep ROOT streamx@2.28.1 OK for: tar-stream@3.1.7 want: ^2.15.0
2266 silly fetch manifest text-decoder@^1.1.0
2267 silly packumentCache full:https://registry.npmjs.org/text-decoder cache-miss
2268 silly fetch manifest events-universal@^1.0.0
2269 silly packumentCache full:https://registry.npmjs.org/events-universal cache-miss
2270 http fetch GET 200 https://registry.npmjs.org/text-decoder 32ms (cache miss)
2271 silly packumentCache full:https://registry.npmjs.org/text-decoder set size:undefined disposed:false
2272 http fetch GET 200 https://registry.npmjs.org/events-universal 32ms (cache miss)
2273 silly packumentCache full:https://registry.npmjs.org/events-universal set size:undefined disposed:false
2274 silly placeDep ROOT events-universal@1.0.1 OK for: streamx@2.28.1 want: ^1.0.0
2275 silly placeDep ROOT text-decoder@1.2.7 OK for: streamx@2.28.1 want: ^1.1.0
2276 silly fetch manifest bare-events@^2.7.0
2277 silly packumentCache full:https://registry.npmjs.org/bare-events cache-miss
2278 http fetch GET 200 https://registry.npmjs.org/bare-events 61ms (cache miss)
2279 silly packumentCache full:https://registry.npmjs.org/bare-events set size:undefined disposed:false
2280 silly fetch manifest bare-abort-controller@*
2281 silly packumentCache full:https://registry.npmjs.org/bare-abort-controller cache-miss
2282 http fetch GET 200 https://registry.npmjs.org/bare-abort-controller 117ms (cache miss)
2283 silly packumentCache full:https://registry.npmjs.org/bare-abort-controller set size:undefined disposed:false
2284 silly placeDep ROOT bare-events@2.9.2 OK for: events-universal@1.0.1 want: ^2.7.0
2285 silly placeDep ROOT supports-hyperlinks@2.3.0 OK for: terminal-link@2.1.1 want: ^2.0.0
2286 silly fetch manifest supports-color@^7.0.0
2287 silly packumentCache full:https://registry.npmjs.org/supports-color cache-hit
2288 silly placeDep node_modules/supports-hyperlinks supports-color@7.2.0 OK for: supports-hyperlinks@2.3.0 want: ^7.0.0
2289 silly placeDep node_modules/tinyglobby fdir@6.5.0 OK for: tinyglobby@0.2.17 want: ^6.5.0
2290 silly placeDep node_modules/tinyglobby picomatch@4.0.7 OK for: fdir@6.5.0 want: ^3 || ^4
2291 silly placeDep ROOT is-number@7.0.0 OK for: to-regex-range@5.0.1 want: ^7.0.0
2292 silly placeDep ROOT safe-buffer@5.2.1 OK for: tunnel-agent@0.6.0 want: ^5.0.1
2293 silly placeDep ROOT domino@2.1.8 OK for: turndown@7.1.2 want: ^2.1.6
2294 silly placeDep ROOT crypto-random-string@2.0.0 OK for: unique-string@2.0.0 want: ^2.0.0
2295 silly placeDep ROOT escalade@3.2.0 OK for: update-browserslist-db@1.3.3 want: ^3.2.0
2296 silly placeDep ROOT punycode@2.3.1 OK for: uri-js@4.4.1 want: ^2.1.0
2297 silly placeDep ROOT defaults@1.0.4 OK for: wcwidth@1.0.1 want: ^1.0.3
2298 silly fetch manifest clone@^1.0.2
2299 silly packumentCache full:https://registry.npmjs.org/clone cache-miss
2300 http fetch GET 200 https://registry.npmjs.org/clone 33ms (cache miss)
2301 silly packumentCache full:https://registry.npmjs.org/clone set size:undefined disposed:false
2302 silly placeDep ROOT clone@1.0.4 OK for: defaults@1.0.4 want: ^1.0.2
2303 silly placeDep ROOT tr46@0.0.3 OK for: whatwg-url@5.0.0 want: ~0.0.3
2304 silly placeDep ROOT webidl-conversions@3.0.1 OK for: whatwg-url@5.0.0 want: ^3.0.0
2305 silly placeDep ROOT isexe@2.0.0 OK for: which@2.0.2 want: ^2.0.0
2306 silly placeDep ROOT imurmurhash@0.1.4 OK for: write-file-atomic@2.4.3 want: ^0.1.4
2307 silly placeDep node_modules/wsl-utils is-wsl@3.1.1 OK for: wsl-utils@0.4.0 want: ^3.1.0
2308 silly placeDep ROOT powershell-utils@0.1.0 OK for: wsl-utils@0.4.0 want: ^0.1.0
2309 silly fetch manifest is-inside-container@^1.0.0
2310 silly packumentCache full:https://registry.npmjs.org/is-inside-container cache-miss
2311 http fetch GET 200 https://registry.npmjs.org/is-inside-container 32ms (cache miss)
2312 silly packumentCache full:https://registry.npmjs.org/is-inside-container set size:undefined disposed:false
2313 silly placeDep ROOT simple-plist@1.3.1 OK for: xcode@3.0.1 want: ^1.1.0
2314 silly placeDep node_modules/xcode uuid@7.0.3 OK for: xcode@3.0.1 want: ^7.0.3
2315 silly fetch manifest bplist-creator@0.1.0
2316 silly packumentCache full:https://registry.npmjs.org/bplist-creator cache-miss
2317 silly fetch manifest bplist-parser@0.3.1
2318 silly packumentCache full:https://registry.npmjs.org/bplist-parser cache-miss
2319 silly fetch manifest plist@^3.0.5
2320 silly packumentCache full:https://registry.npmjs.org/plist cache-miss
2321 http cache https://registry.npmjs.org/bplist-parser 4ms (cache hit)
2322 silly packumentCache full:https://registry.npmjs.org/bplist-parser set size:25466 disposed:false
2323 http fetch GET 200 https://registry.npmjs.org/plist 35ms (cache miss)
2324 silly packumentCache full:https://registry.npmjs.org/plist set size:undefined disposed:false
2325 http fetch GET 200 https://registry.npmjs.org/bplist-creator 39ms (cache miss)
2326 silly packumentCache full:https://registry.npmjs.org/bplist-creator set size:undefined disposed:false
2327 silly placeDep ROOT bplist-creator@0.1.0 OK for: simple-plist@1.3.1 want: 0.1.0
2328 silly placeDep node_modules/simple-plist bplist-parser@0.3.1 OK for: simple-plist@1.3.1 want: 0.3.1
2329 silly placeDep ROOT plist@3.1.1 OK for: simple-plist@1.3.1 want: ^3.0.5
2330 silly fetch manifest stream-buffers@2.2.x
2331 silly packumentCache full:https://registry.npmjs.org/stream-buffers cache-miss
2332 silly fetch manifest @xmldom/xmldom@^0.9.10
2333 silly packumentCache full:https://registry.npmjs.org/@xmldom%2fxmldom cache-miss
2334 http cache https://registry.npmjs.org/@xmldom%2fxmldom 2ms (cache hit)
2335 silly packumentCache full:https://registry.npmjs.org/@xmldom%2fxmldom set size:178126 disposed:false
2336 http fetch GET 200 https://registry.npmjs.org/stream-buffers 32ms (cache miss)
2337 silly packumentCache full:https://registry.npmjs.org/stream-buffers set size:undefined disposed:false
2338 silly placeDep ROOT stream-buffers@2.2.0 OK for: bplist-creator@0.1.0 want: 2.2.x
2339 silly placeDep node_modules/plist @xmldom/xmldom@0.9.12 OK for: plist@3.1.1 want: ^0.9.10
2340 silly placeDep ROOT sax@1.6.1 OK for: xml2js@0.6.0 want: >=0.6.0
2341 silly placeDep node_modules/xml2js xmlbuilder@11.0.1 OK for: xml2js@0.6.0 want: ~11.0.0
2342 silly placeDep node_modules/@babel/code-frame ansi-styles@3.2.1 OK for: chalk@2.4.2 want: ^3.2.1
2343 silly placeDep node_modules/@babel/code-frame escape-string-regexp@1.0.5 OK for: chalk@2.4.2 want: ^1.0.5
2344 silly placeDep node_modules/@babel/code-frame supports-color@5.5.0 OK for: chalk@2.4.2 want: ^5.3.0
2345 silly fetch manifest color-convert@^1.9.0
2346 silly packumentCache full:https://registry.npmjs.org/color-convert cache-miss
2347 silly fetch manifest has-flag@^3.0.0
2348 silly packumentCache full:https://registry.npmjs.org/has-flag cache-miss
2349 http cache https://registry.npmjs.org/color-convert 2ms (cache hit)
2350 silly packumentCache full:https://registry.npmjs.org/color-convert set size:72663 disposed:false
2351 http cache https://registry.npmjs.org/has-flag 2ms (cache hit)
2352 silly packumentCache full:https://registry.npmjs.org/has-flag set size:15180 disposed:false
2353 silly placeDep node_modules/@babel/code-frame color-convert@1.9.3 OK for: ansi-styles@3.2.1 want: ^1.9.0
2354 silly fetch manifest color-name@1.1.3
2355 silly packumentCache full:https://registry.npmjs.org/color-name cache-miss
2356 http cache https://registry.npmjs.org/color-name 2ms (cache hit)
2357 silly packumentCache full:https://registry.npmjs.org/color-name set size:20968 disposed:false
2358 silly placeDep node_modules/@babel/code-frame color-name@1.1.3 OK for: color-convert@1.9.3 want: 1.1.3
2359 silly placeDep node_modules/@babel/code-frame has-flag@3.0.0 OK for: supports-color@5.5.0 want: ^3.0.0
2360 silly placeDep node_modules/@babel/highlight ansi-styles@3.2.1 OK for: chalk@2.4.2 want: ^3.2.1
2361 silly placeDep node_modules/@babel/highlight escape-string-regexp@1.0.5 OK for: chalk@2.4.2 want: ^1.0.5
2362 silly placeDep node_modules/@babel/highlight supports-color@5.5.0 OK for: chalk@2.4.2 want: ^5.3.0
2363 silly placeDep node_modules/@babel/highlight color-convert@1.9.3 OK for: ansi-styles@3.2.1 want: ^1.9.0
2364 silly placeDep node_modules/@babel/highlight color-name@1.1.3 OK for: color-convert@1.9.3 want: 1.1.3
2365 silly placeDep node_modules/@babel/highlight has-flag@3.0.0 OK for: supports-color@5.5.0 want: ^3.0.0
2366 silly placeDep node_modules/@expo/config-plugins @babel/code-frame@7.10.4 OK for: @expo/json-file@10.0.16 want: ~7.10.4
2367 silly placeDep node_modules/@expo/eas-json lru-cache@6.0.0 OK for: semver@7.5.2 want: ^6.0.0
2368 silly placeDep node_modules/@expo/eas-json yallist@4.0.0 OK for: lru-cache@6.0.0 want: ^4.0.0
2369 silly placeDep node_modules/@expo/package-manager/node_modules/ora chalk@2.4.2 OK for: ora@3.4.0 want: ^2.4.2
2370 silly placeDep node_modules/@expo/package-manager cli-cursor@2.1.0 OK for: ora@3.4.0 want: ^2.1.0
2371 silly placeDep node_modules/@expo/package-manager log-symbols@2.2.0 OK for: ora@3.4.0 want: ^2.2.0
2372 silly placeDep node_modules/@expo/package-manager strip-ansi@5.2.0 OK for: ora@3.4.0 want: ^5.2.0
2373 silly fetch manifest restore-cursor@^2.0.0
2374 silly packumentCache full:https://registry.npmjs.org/restore-cursor cache-miss
2375 silly fetch manifest chalk@^2.0.1
2376 silly packumentCache full:https://registry.npmjs.org/chalk cache-hit
2377 silly fetch manifest ansi-regex@^4.1.0
2378 silly packumentCache full:https://registry.npmjs.org/ansi-regex cache-miss
2379 http cache https://registry.npmjs.org/restore-cursor 3ms (cache hit)
2380 silly packumentCache full:https://registry.npmjs.org/restore-cursor set size:17895 disposed:false
2381 http cache https://registry.npmjs.org/ansi-regex 3ms (cache hit)
2382 silly packumentCache full:https://registry.npmjs.org/ansi-regex set size:50305 disposed:false
2383 silly placeDep node_modules/@expo/package-manager restore-cursor@2.0.0 OK for: cli-cursor@2.1.0 want: ^2.0.0
2384 silly fetch manifest onetime@^2.0.0
2385 silly packumentCache full:https://registry.npmjs.org/onetime cache-miss
2386 http cache https://registry.npmjs.org/onetime 0ms (cache hit)
2387 silly packumentCache full:https://registry.npmjs.org/onetime set size:32314 disposed:false
2388 silly placeDep node_modules/@expo/package-manager/node_modules/log-symbols chalk@2.4.2 OK for: log-symbols@2.2.0 want: ^2.0.1
2389 silly placeDep node_modules/@expo/package-manager onetime@2.0.1 OK for: restore-cursor@2.0.0 want: ^2.0.0
2390 silly fetch manifest mimic-fn@^1.0.0
2391 silly packumentCache full:https://registry.npmjs.org/mimic-fn cache-miss
2392 http cache https://registry.npmjs.org/mimic-fn 1ms (cache hit)
2393 silly packumentCache full:https://registry.npmjs.org/mimic-fn set size:22257 disposed:false
2394 silly placeDep node_modules/@expo/package-manager mimic-fn@1.2.0 OK for: onetime@2.0.1 want: ^1.0.0
2395 silly placeDep node_modules/@expo/package-manager ansi-regex@4.1.1 OK for: strip-ansi@5.2.0 want: ^4.1.0
2396 silly fetch manifest @swc/core@>=1.2.50
2397 silly packumentCache full:https://registry.npmjs.org/@swc%2fcore cache-miss
2398 http fetch GET 200 https://registry.npmjs.org/@swc%2fcore 1020ms (cache miss)
2399 silly packumentCache full:https://registry.npmjs.org/@swc%2fcore set size:undefined disposed:false
2400 silly fetch manifest @swc/helpers@>=0.5.17
2401 silly packumentCache full:https://registry.npmjs.org/@swc%2fhelpers cache-miss
2402 http fetch GET 200 https://registry.npmjs.org/@swc%2fhelpers 51ms (cache miss)
2403 silly packumentCache full:https://registry.npmjs.org/@swc%2fhelpers set size:undefined disposed:false
2404 silly fetch manifest @swc/wasm@>=1.2.50
2405 silly packumentCache full:https://registry.npmjs.org/@swc%2fwasm cache-miss
2406 http fetch GET 200 https://registry.npmjs.org/@swc%2fwasm 134ms (cache miss)
2407 silly packumentCache full:https://registry.npmjs.org/@swc%2fwasm set size:undefined disposed:false
2408 silly fetch manifest typescript@>=2.7
2409 silly packumentCache full:https://registry.npmjs.org/typescript cache-miss
2410 http cache https://registry.npmjs.org/typescript 24ms (cache hit)
2411 silly packumentCache full:https://registry.npmjs.org/typescript set size:15766464 disposed:false
2412 silly placeDep ROOT @types/cli-progress@3.11.6 OK for: @oclif/core@2.16.0 want: ^3.11.0
2413 silly placeDep ROOT cardinal@2.1.1 OK for: @oclif/core@2.16.0 want: ^2.1.1
2414 silly placeDep ROOT globby@11.1.0 OK for: @oclif/core@2.16.0 want: ^11.1.0
2415 silly placeDep ROOT hyperlinker@1.0.0 OK for: @oclif/core@2.16.0 want: ^1.0.0
2416 silly placeDep ROOT js-yaml@3.15.2 OK for: @oclif/core@2.16.0 want: ^3.14.1
2417 silly placeDep ROOT natural-orderby@2.0.3 OK for: @oclif/core@2.16.0 want: ^2.0.3
2418 silly placeDep ROOT object-treeify@1.1.33 OK for: @oclif/core@2.16.0 want: ^1.1.33
2419 silly placeDep ROOT password-prompt@1.1.3 OK for: @oclif/core@2.16.0 want: ^1.1.2
2420 silly placeDep ROOT slice-ansi@4.0.0 OK for: @oclif/core@2.16.0 want: ^4.0.0
2421 silly placeDep ROOT ts-node@10.9.2 OK for: @oclif/core@2.16.0 want: ^10.9.1
2422 silly placeDep ROOT typescript@7.0.2 OK for: ts-node@10.9.2 want: >=2.7
2423 silly fetch manifest ansicolors@~0.3.2
2424 silly packumentCache full:https://registry.npmjs.org/ansicolors cache-miss
2425 silly fetch manifest redeyed@~2.1.0
2426 silly packumentCache full:https://registry.npmjs.org/redeyed cache-miss
2427 silly fetch manifest dir-glob@^3.0.1
2428 silly packumentCache full:https://registry.npmjs.org/dir-glob cache-miss
2429 silly fetch manifest array-union@^2.1.0
2430 silly packumentCache full:https://registry.npmjs.org/array-union cache-miss
2431 silly fetch manifest esprima@^4.0.0
2432 silly packumentCache full:https://registry.npmjs.org/esprima cache-miss
2433 silly fetch manifest argparse@^1.0.7
2434 silly packumentCache full:https://registry.npmjs.org/argparse cache-miss
2435 silly fetch manifest astral-regex@^2.0.0
2436 silly packumentCache full:https://registry.npmjs.org/astral-regex cache-miss
2437 http fetch GET 200 https://registry.npmjs.org/dir-glob 62ms (cache miss)
2438 silly packumentCache full:https://registry.npmjs.org/dir-glob set size:undefined disposed:false
2439 silly fetch manifest yn@3.1.1
2440 silly packumentCache full:https://registry.npmjs.org/yn cache-miss
2441 http fetch GET 200 https://registry.npmjs.org/argparse 63ms (cache miss)
2442 silly packumentCache full:https://registry.npmjs.org/argparse set size:undefined disposed:false
2443 silly fetch manifest arg@^4.1.0
2444 silly packumentCache full:https://registry.npmjs.org/arg cache-miss
2445 http fetch GET 200 https://registry.npmjs.org/astral-regex 64ms (cache miss)
2446 silly packumentCache full:https://registry.npmjs.org/astral-regex set size:undefined disposed:false
2447 silly fetch manifest diff@^4.0.1
2448 silly packumentCache full:https://registry.npmjs.org/diff cache-miss
2449 http fetch GET 200 https://registry.npmjs.org/array-union 64ms (cache miss)
2450 silly packumentCache full:https://registry.npmjs.org/array-union set size:undefined disposed:false
2451 silly fetch manifest acorn@^8.4.1
2452 silly packumentCache full:https://registry.npmjs.org/acorn cache-miss
2453 http cache https://registry.npmjs.org/arg 3ms (cache hit)
2454 silly packumentCache full:https://registry.npmjs.org/arg set size:67036 disposed:false
2455 silly fetch manifest acorn-walk@^8.1.1
2456 silly packumentCache full:https://registry.npmjs.org/acorn-walk cache-miss
2457 http cache https://registry.npmjs.org/diff 3ms (cache hit)
2458 silly packumentCache full:https://registry.npmjs.org/diff set size:154400 disposed:false
2459 silly fetch manifest make-error@^1.1.1
2460 silly packumentCache full:https://registry.npmjs.org/make-error cache-miss
2461 http fetch GET 200 https://registry.npmjs.org/esprima 86ms (cache miss)
2462 silly packumentCache full:https://registry.npmjs.org/esprima set size:undefined disposed:false
2463 silly fetch manifest create-require@^1.1.0
2464 silly packumentCache full:https://registry.npmjs.org/create-require cache-miss
2465 http fetch GET 200 https://registry.npmjs.org/yn 30ms (cache miss)
2466 silly packumentCache full:https://registry.npmjs.org/yn set size:undefined disposed:false
2467 silly fetch manifest @tsconfig/node10@^1.0.7
2468 silly packumentCache full:https://registry.npmjs.org/@tsconfig%2fnode10 cache-miss
2469 http fetch GET 200 https://registry.npmjs.org/make-error 32ms (cache miss)
2470 silly packumentCache full:https://registry.npmjs.org/make-error set size:undefined disposed:false
2471 silly fetch manifest @tsconfig/node12@^1.0.7
2472 silly packumentCache full:https://registry.npmjs.org/@tsconfig%2fnode12 cache-miss
2473 http fetch GET 200 https://registry.npmjs.org/acorn 36ms (cache miss)
2474 silly packumentCache full:https://registry.npmjs.org/acorn set size:undefined disposed:false
2475 silly fetch manifest @tsconfig/node14@^1.0.0
2476 silly packumentCache full:https://registry.npmjs.org/@tsconfig%2fnode14 cache-miss
2477 http fetch GET 200 https://registry.npmjs.org/create-require 50ms (cache miss)
2478 silly packumentCache full:https://registry.npmjs.org/create-require set size:undefined disposed:false
2479 silly fetch manifest @tsconfig/node16@^1.0.2
2480 silly packumentCache full:https://registry.npmjs.org/@tsconfig%2fnode16 cache-miss
2481 http fetch GET 200 https://registry.npmjs.org/ansicolors 193ms (cache miss)
2482 silly packumentCache full:https://registry.npmjs.org/ansicolors set size:undefined disposed:false
2483 silly fetch manifest v8-compile-cache-lib@^3.0.1
2484 silly packumentCache full:https://registry.npmjs.org/v8-compile-cache-lib cache-miss
2485 http fetch GET 200 https://registry.npmjs.org/redeyed 197ms (cache miss)
2486 silly packumentCache full:https://registry.npmjs.org/redeyed set size:undefined disposed:false
2487 silly fetch manifest @cspotcode/source-map-support@^0.8.0
2488 silly packumentCache full:https://registry.npmjs.org/@cspotcode%2fsource-map-support cache-miss
2489 http fetch GET 200 https://registry.npmjs.org/v8-compile-cache-lib 31ms (cache miss)
2490 silly packumentCache full:https://registry.npmjs.org/v8-compile-cache-lib set size:undefined disposed:false
2491 silly fetch manifest @typescript/typescript-aix-ppc64@7.0.2
2492 silly packumentCache full:https://registry.npmjs.org/@typescript%2ftypescript-aix-ppc64 cache-miss
2493 http fetch GET 200 https://registry.npmjs.org/@cspotcode%2fsource-map-support 36ms (cache miss)
2494 silly packumentCache full:https://registry.npmjs.org/@cspotcode%2fsource-map-support set size:undefined disposed:false
2495 silly fetch manifest @typescript/typescript-linux-arm@7.0.2
2496 silly packumentCache full:https://registry.npmjs.org/@typescript%2ftypescript-linux-arm cache-miss
2497 http fetch GET 200 https://registry.npmjs.org/@tsconfig%2fnode10 140ms (cache miss)
2498 silly packumentCache full:https://registry.npmjs.org/@tsconfig%2fnode10 set size:undefined disposed:false
2499 silly fetch manifest @typescript/typescript-linux-x64@7.0.2
2500 silly packumentCache full:https://registry.npmjs.org/@typescript%2ftypescript-linux-x64 cache-miss
2501 http fetch GET 200 https://registry.npmjs.org/acorn-walk 170ms (cache miss)
2502 silly packumentCache full:https://registry.npmjs.org/acorn-walk set size:undefined disposed:false
2503 silly fetch manifest @typescript/typescript-sunos-x64@7.0.2
2504 silly packumentCache full:https://registry.npmjs.org/@typescript%2ftypescript-sunos-x64 cache-miss
2505 http fetch GET 200 https://registry.npmjs.org/@tsconfig%2fnode14 135ms (cache miss)
2506 silly packumentCache full:https://registry.npmjs.org/@tsconfig%2fnode14 set size:undefined disposed:false
2507 silly fetch manifest @typescript/typescript-win32-x64@7.0.2
2508 silly packumentCache full:https://registry.npmjs.org/@typescript%2ftypescript-win32-x64 cache-miss
2509 http fetch GET 200 https://registry.npmjs.org/@tsconfig%2fnode12 140ms (cache miss)
2510 silly packumentCache full:https://registry.npmjs.org/@tsconfig%2fnode12 set size:undefined disposed:false
2511 silly fetch manifest @typescript/typescript-darwin-x64@7.0.2
2512 silly packumentCache full:https://registry.npmjs.org/@typescript%2ftypescript-darwin-x64 cache-miss
2513 http fetch GET 200 https://registry.npmjs.org/@typescript%2ftypescript-aix-ppc64 40ms (cache miss)
2514 silly packumentCache full:https://registry.npmjs.org/@typescript%2ftypescript-aix-ppc64 set size:undefined disposed:false
2515 silly fetch manifest @typescript/typescript-netbsd-x64@7.0.2
2516 silly packumentCache full:https://registry.npmjs.org/@typescript%2ftypescript-netbsd-x64 cache-miss
2517 http fetch GET 200 https://registry.npmjs.org/@typescript%2ftypescript-sunos-x64 37ms (cache miss)
2518 silly packumentCache full:https://registry.npmjs.org/@typescript%2ftypescript-sunos-x64 set size:undefined disposed:false
2519 silly fetch manifest @typescript/typescript-freebsd-x64@7.0.2
2520 silly packumentCache full:https://registry.npmjs.org/@typescript%2ftypescript-freebsd-x64 cache-miss
2521 http fetch GET 200 https://registry.npmjs.org/@typescript%2ftypescript-linux-x64 44ms (cache miss)
2522 silly packumentCache full:https://registry.npmjs.org/@typescript%2ftypescript-linux-x64 set size:undefined disposed:false
2523 silly fetch manifest @typescript/typescript-linux-arm64@7.0.2
2524 silly packumentCache full:https://registry.npmjs.org/@typescript%2ftypescript-linux-arm64 cache-miss
2525 http fetch GET 200 https://registry.npmjs.org/@typescript%2ftypescript-netbsd-x64 36ms (cache miss)
2526 silly packumentCache full:https://registry.npmjs.org/@typescript%2ftypescript-netbsd-x64 set size:undefined disposed:false
2527 silly fetch manifest @typescript/typescript-linux-ppc64@7.0.2
2528 silly packumentCache full:https://registry.npmjs.org/@typescript%2ftypescript-linux-ppc64 cache-miss
2529 http fetch GET 200 https://registry.npmjs.org/@typescript%2ftypescript-freebsd-x64 34ms (cache miss)
2530 silly packumentCache full:https://registry.npmjs.org/@typescript%2ftypescript-freebsd-x64 set size:undefined disposed:false
2531 silly fetch manifest @typescript/typescript-linux-s390x@7.0.2
2532 silly packumentCache full:https://registry.npmjs.org/@typescript%2ftypescript-linux-s390x cache-miss
2533 http fetch GET 200 https://registry.npmjs.org/@typescript%2ftypescript-linux-arm64 43ms (cache miss)
2534 silly packumentCache full:https://registry.npmjs.org/@typescript%2ftypescript-linux-arm64 set size:undefined disposed:false
2535 silly fetch manifest @typescript/typescript-openbsd-x64@7.0.2
2536 silly packumentCache full:https://registry.npmjs.org/@typescript%2ftypescript-openbsd-x64 cache-miss
2537 http fetch GET 200 https://registry.npmjs.org/@typescript%2ftypescript-linux-ppc64 36ms (cache miss)
2538 silly packumentCache full:https://registry.npmjs.org/@typescript%2ftypescript-linux-ppc64 set size:undefined disposed:false
2539 silly fetch manifest @typescript/typescript-win32-arm64@7.0.2
2540 silly packumentCache full:https://registry.npmjs.org/@typescript%2ftypescript-win32-arm64 cache-miss
2541 http fetch GET 200 https://registry.npmjs.org/@typescript%2ftypescript-openbsd-x64 36ms (cache miss)
2542 silly packumentCache full:https://registry.npmjs.org/@typescript%2ftypescript-openbsd-x64 set size:undefined disposed:false
2543 silly fetch manifest @typescript/typescript-darwin-arm64@7.0.2
2544 silly packumentCache full:https://registry.npmjs.org/@typescript%2ftypescript-darwin-arm64 cache-miss
2545 http fetch GET 200 https://registry.npmjs.org/@typescript%2ftypescript-win32-x64 135ms (cache miss)
2546 silly packumentCache full:https://registry.npmjs.org/@typescript%2ftypescript-win32-x64 set size:undefined disposed:false
2547 silly fetch manifest @typescript/typescript-netbsd-arm64@7.0.2
2548 silly packumentCache full:https://registry.npmjs.org/@typescript%2ftypescript-netbsd-arm64 cache-miss
2549 http fetch GET 200 https://registry.npmjs.org/@typescript%2ftypescript-win32-arm64 42ms (cache miss)
2550 silly packumentCache full:https://registry.npmjs.org/@typescript%2ftypescript-win32-arm64 set size:undefined disposed:false
2551 silly fetch manifest @typescript/typescript-freebsd-arm64@7.0.2
2552 silly packumentCache full:https://registry.npmjs.org/@typescript%2ftypescript-freebsd-arm64 cache-miss
2553 http fetch GET 200 https://registry.npmjs.org/@typescript%2ftypescript-darwin-x64 152ms (cache miss)
2554 silly packumentCache full:https://registry.npmjs.org/@typescript%2ftypescript-darwin-x64 set size:undefined disposed:false
2555 silly fetch manifest @typescript/typescript-linux-loong64@7.0.2
2556 silly packumentCache full:https://registry.npmjs.org/@typescript%2ftypescript-linux-loong64 cache-miss
2557 http fetch GET 200 https://registry.npmjs.org/@typescript%2ftypescript-linux-arm 167ms (cache miss)
2558 silly packumentCache full:https://registry.npmjs.org/@typescript%2ftypescript-linux-arm set size:undefined disposed:false
2559 silly fetch manifest @typescript/typescript-linux-riscv64@7.0.2
2560 silly packumentCache full:https://registry.npmjs.org/@typescript%2ftypescript-linux-riscv64 cache-miss
2561 http fetch GET 200 https://registry.npmjs.org/@typescript%2ftypescript-freebsd-arm64 35ms (cache miss)
2562 silly packumentCache full:https://registry.npmjs.org/@typescript%2ftypescript-freebsd-arm64 set size:undefined disposed:false
2563 silly fetch manifest @typescript/typescript-openbsd-arm64@7.0.2
2564 silly packumentCache full:https://registry.npmjs.org/@typescript%2ftypescript-openbsd-arm64 cache-miss
2565 http fetch GET 200 https://registry.npmjs.org/@typescript%2ftypescript-netbsd-arm64 55ms (cache miss)
2566 silly packumentCache full:https://registry.npmjs.org/@typescript%2ftypescript-netbsd-arm64 set size:undefined disposed:false
2567 silly fetch manifest @typescript/typescript-linux-mips64el@7.0.2
2568 silly packumentCache full:https://registry.npmjs.org/@typescript%2ftypescript-linux-mips64el cache-miss
2569 http fetch GET 200 https://registry.npmjs.org/@typescript%2ftypescript-linux-riscv64 35ms (cache miss)
2570 silly packumentCache full:https://registry.npmjs.org/@typescript%2ftypescript-linux-riscv64 set size:undefined disposed:false
2571 http fetch GET 200 https://registry.npmjs.org/@tsconfig%2fnode16 305ms (cache miss)
2572 silly packumentCache full:https://registry.npmjs.org/@tsconfig%2fnode16 set size:undefined disposed:false
2573 http fetch GET 200 https://registry.npmjs.org/@typescript%2ftypescript-linux-s390x 251ms (cache miss)
2574 silly packumentCache full:https://registry.npmjs.org/@typescript%2ftypescript-linux-s390x set size:undefined disposed:false
2575 http fetch GET 200 https://registry.npmjs.org/@typescript%2ftypescript-openbsd-arm64 146ms (cache miss)
2576 silly packumentCache full:https://registry.npmjs.org/@typescript%2ftypescript-openbsd-arm64 set size:undefined disposed:false
2577 http fetch GET 200 https://registry.npmjs.org/@typescript%2ftypescript-darwin-arm64 202ms (cache miss)
2578 silly packumentCache full:https://registry.npmjs.org/@typescript%2ftypescript-darwin-arm64 set size:undefined disposed:false
2579 http fetch GET 200 https://registry.npmjs.org/@typescript%2ftypescript-linux-mips64el 188ms (cache miss)
2580 silly packumentCache full:https://registry.npmjs.org/@typescript%2ftypescript-linux-mips64el set size:undefined disposed:false
2581 http fetch GET 200 https://registry.npmjs.org/@typescript%2ftypescript-linux-loong64 276ms (cache miss)
2582 silly packumentCache full:https://registry.npmjs.org/@typescript%2ftypescript-linux-loong64 set size:undefined disposed:false
2583 silly placeDep ROOT typescript@5.9.3 REPLACE for: @expo/require-utils@55.0.8 want: ^5.0.0 || ^5.0.0-0
2584 silly placeDep ROOT ansicolors@0.3.2 OK for: cardinal@2.1.1 want: ~0.3.2
2585 silly placeDep ROOT redeyed@2.1.1 OK for: cardinal@2.1.1 want: ~2.1.0
2586 silly fetch manifest esprima@~4.0.0
2587 silly packumentCache full:https://registry.npmjs.org/esprima cache-miss
2588 http cache https://registry.npmjs.org/esprima 1ms (cache hit)
2589 silly packumentCache full:https://registry.npmjs.org/esprima set size:118410 disposed:false
2590 silly placeDep ROOT array-union@2.1.0 OK for: globby@11.1.0 want: ^2.1.0
2591 silly placeDep ROOT dir-glob@3.0.1 OK for: globby@11.1.0 want: ^3.0.1
2592 silly fetch manifest path-type@^4.0.0
2593 silly packumentCache full:https://registry.npmjs.org/path-type cache-miss
2594 http fetch GET 200 https://registry.npmjs.org/path-type 29ms (cache miss)
2595 silly packumentCache full:https://registry.npmjs.org/path-type set size:undefined disposed:false
2596 silly placeDep ROOT path-type@4.0.0 OK for: dir-glob@3.0.1 want: ^4.0.0
2597 silly placeDep ROOT argparse@1.0.10 OK for: js-yaml@3.15.2 want: ^1.0.7
2598 silly placeDep ROOT esprima@4.0.1 OK for: js-yaml@3.15.2 want: ^4.0.0
2599 silly fetch manifest sprintf-js@~1.0.2
2600 silly packumentCache full:https://registry.npmjs.org/sprintf-js cache-miss
2601 http fetch GET 200 https://registry.npmjs.org/sprintf-js 35ms (cache miss)
2602 silly packumentCache full:https://registry.npmjs.org/sprintf-js set size:undefined disposed:false
2603 silly placeDep ROOT sprintf-js@1.0.3 OK for: argparse@1.0.10 want: ~1.0.2
2604 silly placeDep ROOT astral-regex@2.0.0 OK for: slice-ansi@4.0.0 want: ^2.0.0
2605 silly placeDep ROOT @cspotcode/source-map-support@0.8.1 OK for: ts-node@10.9.2 want: ^0.8.0
2606 silly placeDep ROOT @tsconfig/node10@1.0.13 OK for: ts-node@10.9.2 want: ^1.0.7
2607 silly placeDep ROOT @tsconfig/node12@1.0.11 OK for: ts-node@10.9.2 want: ^1.0.7
2608 silly placeDep ROOT @tsconfig/node14@1.0.3 OK for: ts-node@10.9.2 want: ^1.0.0
2609 silly placeDep ROOT @tsconfig/node16@1.0.4 OK for: ts-node@10.9.2 want: ^1.0.2
2610 silly placeDep ROOT acorn@8.19.0 OK for: ts-node@10.9.2 want: ^8.4.1
2611 silly placeDep ROOT acorn-walk@8.3.5 OK for: ts-node@10.9.2 want: ^8.1.1
2612 silly placeDep node_modules/ts-node arg@4.1.3 OK for: ts-node@10.9.2 want: ^4.1.0
2613 silly placeDep ROOT create-require@1.1.1 OK for: ts-node@10.9.2 want: ^1.1.0
2614 silly placeDep node_modules/ts-node diff@4.0.4 OK for: ts-node@10.9.2 want: ^4.0.1
2615 silly placeDep ROOT make-error@1.3.6 OK for: ts-node@10.9.2 want: ^1.1.1
2616 silly placeDep ROOT v8-compile-cache-lib@3.0.1 OK for: ts-node@10.9.2 want: ^3.0.1
2617 silly placeDep ROOT yn@3.1.1 OK for: ts-node@10.9.2 want: 3.1.1
2618 silly fetch manifest @jridgewell/trace-mapping@0.3.9
2619 silly packumentCache full:https://registry.npmjs.org/@jridgewell%2ftrace-mapping cache-miss
2620 http cache https://registry.npmjs.org/@jridgewell%2ftrace-mapping 2ms (cache hit)
2621 silly packumentCache full:https://registry.npmjs.org/@jridgewell%2ftrace-mapping set size:170909 disposed:false
2622 silly placeDep node_modules/@cspotcode/source-map-support @jridgewell/trace-mapping@0.3.9 OK for: @cspotcode/source-map-support@0.8.1 want: 0.3.9
2623 silly placeDep node_modules/@expo/prebuild-config @babel/code-frame@7.10.4 OK for: @expo/config@11.0.13 want: ~7.10.4
2624 silly placeDep node_modules/@expo/prebuild-config getenv@2.0.0 OK for: @expo/config@11.0.13 want: ^2.0.0
2625 silly placeDep node_modules/@expo/prebuild-config glob@10.5.0 OK for: @expo/config@11.0.13 want: ^10.4.2
2626 silly placeDep ROOT sucrase@3.35.0 OK for: @expo/config@11.0.13 want: 3.35.0
2627 silly fetch manifest jackspeak@^3.1.2
2628 silly packumentCache full:https://registry.npmjs.org/jackspeak cache-miss
2629 silly fetch manifest minimatch@^9.0.4
2630 silly packumentCache full:https://registry.npmjs.org/minimatch cache-hit
2631 silly fetch manifest path-scurry@^1.11.1
2632 silly packumentCache full:https://registry.npmjs.org/path-scurry cache-miss
2633 silly fetch manifest foreground-child@^3.1.0
2634 silly packumentCache full:https://registry.npmjs.org/foreground-child cache-miss
2635 silly fetch manifest package-json-from-dist@^1.0.0
2636 silly packumentCache full:https://registry.npmjs.org/package-json-from-dist cache-miss
2637 silly fetch manifest mz@^2.7.0
2638 silly packumentCache full:https://registry.npmjs.org/mz cache-miss
2639 silly fetch manifest glob@^10.3.10
2640 silly packumentCache full:https://registry.npmjs.org/glob cache-hit
2641 silly fetch manifest pirates@^4.0.1
2642 silly packumentCache full:https://registry.npmjs.org/pirates cache-miss
2643 silly fetch manifest commander@^4.0.0
2644 silly packumentCache full:https://registry.npmjs.org/commander cache-miss
2645 http cache https://registry.npmjs.org/path-scurry 4ms (cache hit)
2646 silly packumentCache full:https://registry.npmjs.org/path-scurry set size:117612 disposed:false
2647 silly fetch manifest lines-and-columns@^1.1.6
2648 silly packumentCache full:https://registry.npmjs.org/lines-and-columns cache-miss
2649 http fetch GET 200 https://registry.npmjs.org/foreground-child 36ms (cache miss)
2650 silly packumentCache full:https://registry.npmjs.org/foreground-child set size:undefined disposed:false
2651 silly fetch manifest ts-interface-checker@^0.1.9
2652 silly packumentCache full:https://registry.npmjs.org/ts-interface-checker cache-miss
2653 http fetch GET 200 https://registry.npmjs.org/pirates 37ms (cache miss)
2654 silly packumentCache full:https://registry.npmjs.org/pirates set size:undefined disposed:false
2655 http fetch GET 200 https://registry.npmjs.org/jackspeak 41ms (cache miss)
2656 silly packumentCache full:https://registry.npmjs.org/jackspeak set size:undefined disposed:false
2657 http fetch GET 200 https://registry.npmjs.org/lines-and-columns 43ms (cache miss)
2658 silly packumentCache full:https://registry.npmjs.org/lines-and-columns set size:undefined disposed:false
2659 http fetch GET 200 https://registry.npmjs.org/commander 50ms (cache miss)
2660 silly packumentCache full:https://registry.npmjs.org/commander set size:undefined disposed:false
2661 http fetch GET 200 https://registry.npmjs.org/ts-interface-checker 30ms (cache miss)
2662 silly packumentCache full:https://registry.npmjs.org/ts-interface-checker set size:undefined disposed:false
2663 http fetch GET 200 https://registry.npmjs.org/mz 169ms (cache miss)
2664 silly packumentCache full:https://registry.npmjs.org/mz set size:undefined disposed:false
2665 http fetch GET 200 https://registry.npmjs.org/package-json-from-dist 374ms (cache miss)
2666 silly packumentCache full:https://registry.npmjs.org/package-json-from-dist set size:undefined disposed:false
2667 silly placeDep ROOT commander@4.1.1 OK for: sucrase@3.35.0 want: ^4.0.0
2668 silly placeDep node_modules/sucrase glob@10.5.0 OK for: sucrase@3.35.0 want: ^10.3.10
2669 silly placeDep ROOT lines-and-columns@1.2.4 OK for: sucrase@3.35.0 want: ^1.1.6
2670 silly placeDep ROOT mz@2.7.0 OK for: sucrase@3.35.0 want: ^2.7.0
2671 silly placeDep ROOT pirates@4.0.7 OK for: sucrase@3.35.0 want: ^4.0.1
2672 silly placeDep ROOT ts-interface-checker@0.1.13 OK for: sucrase@3.35.0 want: ^0.1.9
2673 silly fetch manifest any-promise@^1.0.0
2674 silly packumentCache full:https://registry.npmjs.org/any-promise cache-miss
2675 silly fetch manifest object-assign@^4.0.1
2676 silly packumentCache full:https://registry.npmjs.org/object-assign cache-miss
2677 silly fetch manifest thenify-all@^1.0.0
2678 silly packumentCache full:https://registry.npmjs.org/thenify-all cache-miss
2679 http fetch GET 200 https://registry.npmjs.org/object-assign 31ms (cache miss)
2680 silly packumentCache full:https://registry.npmjs.org/object-assign set size:undefined disposed:false
2681 http fetch GET 200 https://registry.npmjs.org/any-promise 32ms (cache miss)
2682 silly packumentCache full:https://registry.npmjs.org/any-promise set size:undefined disposed:false
2683 http fetch GET 200 https://registry.npmjs.org/thenify-all 32ms (cache miss)
2684 silly packumentCache full:https://registry.npmjs.org/thenify-all set size:undefined disposed:false
2685 silly placeDep ROOT any-promise@1.3.0 OK for: mz@2.7.0 want: ^1.0.0
2686 silly placeDep ROOT object-assign@4.1.1 OK for: mz@2.7.0 want: ^4.0.1
2687 silly placeDep ROOT thenify-all@1.6.0 OK for: mz@2.7.0 want: ^1.0.0
2688 silly fetch manifest thenify@>= 3.1.0 < 4
2689 silly packumentCache full:https://registry.npmjs.org/thenify cache-miss
2690 http fetch GET 200 https://registry.npmjs.org/thenify 35ms (cache miss)
2691 silly packumentCache full:https://registry.npmjs.org/thenify set size:undefined disposed:false
2692 silly placeDep ROOT thenify@3.3.1 OK for: thenify-all@1.6.0 want: >= 3.1.0 < 4
2693 silly placeDep ROOT foreground-child@3.3.1 OK for: glob@10.5.0 want: ^3.1.0
2694 silly placeDep ROOT jackspeak@3.4.3 OK for: glob@10.5.0 want: ^3.1.2
2695 silly placeDep node_modules/@expo/prebuild-config minimatch@9.0.9 OK for: glob@10.5.0 want: ^9.0.4
2696 silly placeDep ROOT package-json-from-dist@1.0.1 OK for: glob@10.5.0 want: ^1.0.0
2697 silly placeDep node_modules/@expo/prebuild-config path-scurry@1.11.1 OK for: glob@10.5.0 want: ^1.11.1
2698 silly fetch manifest signal-exit@^4.0.1
2699 silly packumentCache full:https://registry.npmjs.org/signal-exit cache-miss
2700 silly fetch manifest @isaacs/cliui@^8.0.2
2701 silly packumentCache full:https://registry.npmjs.org/@isaacs%2fcliui cache-miss
2702 silly fetch manifest @pkgjs/parseargs@^0.11.0
2703 silly packumentCache full:https://registry.npmjs.org/@pkgjs%2fparseargs cache-miss
2704 silly fetch manifest lru-cache@^10.2.0
2705 silly packumentCache full:https://registry.npmjs.org/lru-cache cache-hit
2706 http cache https://registry.npmjs.org/signal-exit 4ms (cache hit)
2707 silly packumentCache full:https://registry.npmjs.org/signal-exit set size:53489 disposed:false
2708 http fetch GET 200 https://registry.npmjs.org/@isaacs%2fcliui 39ms (cache miss)
2709 silly packumentCache full:https://registry.npmjs.org/@isaacs%2fcliui set size:undefined disposed:false
2710 http fetch GET 200 https://registry.npmjs.org/@pkgjs%2fparseargs 38ms (cache miss)
2711 silly packumentCache full:https://registry.npmjs.org/@pkgjs%2fparseargs set size:undefined disposed:false
2712 silly placeDep node_modules/foreground-child signal-exit@4.1.0 OK for: foreground-child@3.3.1 want: ^4.0.1
2713 silly placeDep ROOT @isaacs/cliui@8.0.2 OK for: jackspeak@3.4.3 want: ^8.0.2
2714 silly placeDep ROOT @pkgjs/parseargs@0.11.0 OK for: jackspeak@3.4.3 want: ^0.11.0
2715 silly fetch manifest wrap-ansi@^8.1.0
2716 silly packumentCache full:https://registry.npmjs.org/wrap-ansi cache-hit
2717 silly fetch manifest strip-ansi@^7.0.1
2718 silly packumentCache full:https://registry.npmjs.org/strip-ansi cache-hit
2719 silly fetch manifest string-width@^5.1.2
2720 silly packumentCache full:https://registry.npmjs.org/string-width cache-hit
2721 silly fetch manifest wrap-ansi-cjs@npm:wrap-ansi@^7.0.0
2722 silly packumentCache full:https://registry.npmjs.org/wrap-ansi cache-hit
2723 silly fetch manifest strip-ansi-cjs@npm:strip-ansi@^6.0.1
2724 silly packumentCache full:https://registry.npmjs.org/strip-ansi cache-hit
2725 silly fetch manifest string-width-cjs@npm:string-width@^4.2.0
2726 silly packumentCache full:https://registry.npmjs.org/string-width cache-hit
2727 silly placeDep node_modules/@isaacs/cliui string-width@5.1.2 OK for: @isaacs/cliui@8.0.2 want: ^5.1.2
2728 silly placeDep ROOT string-width-cjs@4.2.3 OK for: @isaacs/cliui@8.0.2 want: npm:string-width@^4.2.0
2729 silly placeDep node_modules/@isaacs/cliui strip-ansi@7.2.0 OK for: @isaacs/cliui@8.0.2 want: ^7.0.1
2730 silly placeDep ROOT strip-ansi-cjs@6.0.1 OK for: @isaacs/cliui@8.0.2 want: npm:strip-ansi@^6.0.1
2731 silly placeDep node_modules/@isaacs/cliui wrap-ansi@8.1.0 OK for: @isaacs/cliui@8.0.2 want: ^8.1.0
2732 silly placeDep ROOT wrap-ansi-cjs@7.0.0 OK for: @isaacs/cliui@8.0.2 want: npm:wrap-ansi@^7.0.0
2733 silly fetch manifest emoji-regex@^9.2.2
2734 silly packumentCache full:https://registry.npmjs.org/emoji-regex cache-miss
2735 silly fetch manifest eastasianwidth@^0.2.0
2736 silly packumentCache full:https://registry.npmjs.org/eastasianwidth cache-miss
2737 silly fetch manifest ansi-regex@^6.2.2
2738 silly packumentCache full:https://registry.npmjs.org/ansi-regex cache-hit
2739 silly fetch manifest ansi-styles@^6.1.0
2740 silly packumentCache full:https://registry.npmjs.org/ansi-styles cache-hit
2741 http cache https://registry.npmjs.org/emoji-regex 2ms (cache hit)
2742 silly packumentCache full:https://registry.npmjs.org/emoji-regex set size:91540 disposed:false
2743 http fetch GET 200 https://registry.npmjs.org/eastasianwidth 30ms (cache miss)
2744 silly packumentCache full:https://registry.npmjs.org/eastasianwidth set size:undefined disposed:false
2745 silly placeDep node_modules/@expo/prebuild-config lru-cache@10.4.3 OK for: path-scurry@1.11.1 want: ^10.2.0
2746 silly placeDep ROOT eastasianwidth@0.2.0 OK for: string-width@5.1.2 want: ^0.2.0
2747 silly placeDep node_modules/@isaacs/cliui emoji-regex@9.2.2 OK for: string-width@5.1.2 want: ^9.2.2
2748 silly placeDep node_modules/@isaacs/cliui ansi-regex@6.4.0 OK for: strip-ansi@7.2.0 want: ^6.2.2
2749 silly placeDep node_modules/@isaacs/cliui ansi-styles@6.2.3 OK for: wrap-ansi@8.1.0 want: ^6.1.0
2750 silly placeDep node_modules/@oclif/core brace-expansion@5.0.12 OK for: minimatch@10.2.6 want: ^5.0.8
2751 silly fetch manifest balanced-match@^4.0.2
2752 silly packumentCache full:https://registry.npmjs.org/balanced-match cache-miss
2753 http cache https://registry.npmjs.org/balanced-match 1ms (cache hit)
2754 silly packumentCache full:https://registry.npmjs.org/balanced-match set size:39082 disposed:false
2755 silly placeDep node_modules/@oclif/core balanced-match@4.0.4 OK for: brace-expansion@5.0.12 want: ^4.0.2
2756 silly placeDep node_modules/@sentry/node agent-base@6.0.2 OK for: https-proxy-agent@5.0.1 want: 6
2757 silly placeDep node_modules/glob brace-expansion@5.0.12 OK for: minimatch@10.2.6 want: ^5.0.8
2758 silly placeDep node_modules/glob balanced-match@4.0.4 OK for: brace-expansion@5.0.12 want: ^4.0.2
2759 silly placeDep ROOT inflight@1.0.6 OK for: glob@6.0.4 want: ^1.0.4
2760 silly placeDep ROOT inherits@2.0.4 OK for: glob@6.0.4 want: 2
2761 silly placeDep node_modules/rimraf minimatch@3.1.5 OK for: glob@6.0.4 want: 2 || 3
2762 silly placeDep ROOT once@1.4.0 OK for: glob@6.0.4 want: ^1.3.0
2763 silly placeDep ROOT path-is-absolute@1.0.1 OK for: glob@6.0.4 want: ^1.0.0
2764 silly fetch manifest wrappy@1
2765 silly packumentCache full:https://registry.npmjs.org/wrappy cache-miss
2766 silly fetch manifest brace-expansion@^1.1.7
2767 silly packumentCache full:https://registry.npmjs.org/brace-expansion cache-hit
2768 silly fetch manifest wrappy@1
2769 silly packumentCache full:https://registry.npmjs.org/wrappy cache-miss
2770 http fetch GET 200 https://registry.npmjs.org/wrappy 31ms (cache miss)
2771 silly packumentCache full:https://registry.npmjs.org/wrappy set size:undefined disposed:false
2772 http fetch GET 200 https://registry.npmjs.org/wrappy 31ms (cache miss)
2773 silly packumentCache full:https://registry.npmjs.org/wrappy set size:undefined disposed:false
2774 silly placeDep ROOT wrappy@1.0.2 OK for: inflight@1.0.6 want: 1
2775 silly placeDep node_modules/rimraf brace-expansion@1.1.21 OK for: minimatch@3.1.5 want: ^1.1.7
2776 silly fetch manifest concat-map@0.0.1
2777 silly packumentCache full:https://registry.npmjs.org/concat-map cache-miss
2778 http fetch GET 200 https://registry.npmjs.org/concat-map 31ms (cache miss)
2779 silly packumentCache full:https://registry.npmjs.org/concat-map set size:undefined disposed:false
2780 silly placeDep ROOT concat-map@0.0.1 OK for: brace-expansion@1.1.21 want: 0.0.1
2781 silly placeDep node_modules/semver yallist@4.0.0 OK for: lru-cache@6.0.0 want: ^4.0.0
2782 silly placeDep node_modules/sucrase minimatch@9.0.9 OK for: glob@10.5.0 want: ^9.0.4
2783 silly placeDep node_modules/sucrase path-scurry@1.11.1 OK for: glob@10.5.0 want: ^1.11.1
2784 silly placeDep node_modules/sucrase lru-cache@10.4.3 OK for: path-scurry@1.11.1 want: ^10.2.0
2785 silly placeDep ROOT is-inside-container@1.0.0 OK for: is-wsl@3.1.1 want: ^1.0.0
2786 silly fetch manifest is-docker@^3.0.0
2787 silly packumentCache full:https://registry.npmjs.org/is-docker cache-miss
2788 http cache https://registry.npmjs.org/is-docker 1ms (cache hit)
2789 silly packumentCache full:https://registry.npmjs.org/is-docker set size:23690 disposed:false
2790 silly placeDep node_modules/is-inside-container is-docker@3.0.0 OK for: is-inside-container@1.0.0 want: ^3.0.0
2791 silly placeDep node_modules/@expo/package-manager ansi-styles@3.2.1 OK for: chalk@2.4.2 want: ^3.2.1
2792 silly placeDep node_modules/@expo/package-manager escape-string-regexp@1.0.5 OK for: chalk@2.4.2 want: ^1.0.5
2793 silly placeDep node_modules/@expo/package-manager supports-color@5.5.0 OK for: chalk@2.4.2 want: ^5.3.0
2794 silly placeDep node_modules/@expo/package-manager color-convert@1.9.3 OK for: ansi-styles@3.2.1 want: ^1.9.0
2795 silly placeDep node_modules/@expo/package-manager color-name@1.1.3 OK for: color-convert@1.9.3 want: 1.1.3
2796 silly placeDep node_modules/@expo/package-manager has-flag@3.0.0 OK for: supports-color@5.5.0 want: ^3.0.0
2797 silly reify moves {}
2798 silly audit bulk request {
2798 silly audit   'eas-cli': [ '24.11.0' ],
2798 silly audit   '@expo/apple-utils': [ '2.2.1' ],
2798 silly audit   '@expo/code-signing-certificates': [ '0.0.5' ],
2798 silly audit   '@expo/config': [ '55.0.10', '11.0.13' ],
2798 silly audit   '@expo/config-plugins': [ '55.0.7', '10.1.2' ],
2798 silly audit   '@expo/eas-build-job': [ '24.9.0' ],
2798 silly audit   '@expo/eas-json': [ '24.9.0' ],
2798 silly audit   '@expo/env': [ '1.0.7' ],
2798 silly audit   '@expo/json-file': [ '8.3.3', '10.2.0', '10.0.16', '9.1.5' ],
2798 silly audit   '@expo/logger': [ '24.8.0' ],
2798 silly audit   '@expo/multipart-body-parser': [ '2.0.0' ],
2798 silly audit   '@expo/osascript': [ '2.1.4' ],
2798 silly audit   '@expo/package-manager': [ '1.9.10' ],
2798 silly audit   '@expo/pkcs12': [ '0.1.3' ],
2798 silly audit   '@expo/plist': [ '0.3.5', '0.5.4' ],
2798 silly audit   '@expo/plugin-help': [ '5.1.23' ],
2798 silly audit   '@expo/plugin-warn-if-update-available': [ '2.5.1' ],
2798 silly audit   '@expo/prebuild-config': [ '9.0.12' ],
2798 silly audit   '@expo/results': [ '1.0.0' ],
2798 silly audit   '@expo/rudder-sdk-node': [ '1.1.1' ],
2798 silly audit   '@expo/spawn-async': [ '1.7.2' ],
2798 silly audit   '@expo/steps': [ '24.9.0' ],
2798 silly audit   '@expo/timeago.js': [ '1.0.0' ],
2798 silly audit   '@oclif/core': [ '4.14.0', '2.16.0' ],
2798 silly audit   '@oclif/plugin-autocomplete': [ '3.3.0' ],
2798 silly audit   '@segment/ajv-human-errors': [ '2.16.0' ],
2798 silly audit   ajv: [ '8.11.0' ],
2798 silly audit   '@sentry/node': [ '7.77.0' ],
2798 silly audit   '@urql/core': [ '4.0.11' ],
2798 silly audit   '@urql/exchange-retry': [ '1.2.0' ],
2798 silly audit   'agent-cli-detector': [ '0.1.7' ],
2798 silly audit   'ajv-formats': [ '2.1.1' ],
2798 silly audit   'better-opn': [ '3.0.2' ],
2798 silly audit   'bplist-parser': [ '0.3.2', '0.3.1' ],
2798 silly audit   centrifuge: [ '5.7.1' ],
2798 silly audit   chalk: [ '4.1.2', '2.4.2' ],
2798 silly audit   'cli-progress': [ '3.12.0' ],
2798 silly audit   dateformat: [ '4.6.3' ],
2798 silly audit   debug: [ '4.4.3' ],
2798 silly audit   diff: [ '7.0.0', '4.0.4' ],
2798 silly audit   dotenv: [ '16.3.1', '16.4.7', '16.6.1' ],
2798 silly audit   'env-paths': [ '2.2.0' ],
2798 silly audit   envinfo: [ '7.11.0' ],
2798 silly audit   'fast-deep-equal': [ '3.1.3' ],
2798 silly audit   'fast-glob': [ '3.3.2' ],
2798 silly audit   figures: [ '3.2.0' ],
2798 silly audit   'form-data': [ '4.0.6' ],
2798 silly audit   'fs-extra': [ '11.2.0', '10.1.0' ],
2798 silly audit   getenv: [ '1.0.0', '2.0.0' ],
2798 silly audit   'gradle-to-js': [ '2.0.1' ],
2798 silly audit   graphql: [ '16.8.1' ],
2798 silly audit   'graphql-tag': [ '2.12.6' ],
2798 silly audit   'https-proxy-agent': [ '7.0.6', '5.0.1' ],
2798 silly audit   ignore: [ '5.3.0' ],
2798 silly audit   'indent-string': [ '4.0.0' ],
2798 silly audit   invariant: [ '2.2.4' ],
2798 silly audit   'jks-js': [ '1.1.0' ],
2798 silly audit   joi: [ '17.11.0', '17.13.8' ],
2798 silly audit   keychain: [ '1.5.0' ],
2798 silly audit   'log-symbols': [ '4.1.0', '2.2.0' ],
2798 silly audit   mime: [ '3.0.0' ],
2798 silly audit   minimatch: [ '5.1.2', '10.2.6', '9.0.9', '3.1.5' ],
2798 silly audit   minizlib: [ '3.1.0' ],
2798 silly audit   nanoid: [ '3.3.8' ],
2798 silly audit   'node-fetch': [ '2.6.7' ],
2798 silly audit   'node-forge': [ '1.4.0' ],
2798 silly audit   'node-stream-zip': [ '1.15.0' ],
2798 silly audit   nullthrows: [ '1.1.1' ],
2798 silly audit   open: [ '8.4.0' ],
2798 silly audit   ora: [ '5.1.0', '3.4.0' ],
2798 silly audit   'pkg-dir': [ '4.2.0' ],
2798 silly audit   pngjs: [ '7.0.0', '3.4.0' ],
2798 silly audit   'promise-limit': [ '2.7.0' ],
2798 silly audit   'promise-retry': [ '2.0.1' ],
2798 silly audit   prompts: [ '2.4.2' ],
2798 silly audit   'qrcode-terminal': [ '0.12.0' ],
2798 silly audit   'resolve-from': [ '5.0.0' ],
2798 silly audit   'sandbox-cli-detector': [ '0.2.0' ],
2798 silly audit   semver: [ '7.5.4', '7.8.5', '7.5.2', '6.3.1' ],
2798 silly audit   'set-interval-async': [ '3.0.3' ],
2798 silly audit   slash: [ '3.0.0' ],
2798 silly audit   tar: [ '7.5.19' ],
2798 silly audit   'tar-stream': [ '3.1.7' ],
2798 silly audit   'terminal-link': [ '2.1.1' ],
2798 silly audit   'ts-deepmerge': [ '6.2.0' ],
2798 silly audit   tslib: [ '2.6.2', '2.4.1' ],
2798 silly audit   turndown: [ '7.1.2' ],
2798 silly audit   untildify: [ '4.0.0' ],
2798 silly audit   uuid: [ '11.1.1', '8.3.2', '7.0.3' ],
2798 silly audit   'wrap-ansi': [ '7.0.0', '8.1.0' ],
2798 silly audit   ws: [ '8.21.1' ],
2798 silly audit   yaml: [ '2.6.0' ],
2798 silly audit   zod: [ '4.6.5' ],
2798 silly audit   '@expo/config-types': [ '55.0.6', '53.0.5' ],
2798 silly audit   '@expo/require-utils': [ '55.0.8' ],
2798 silly audit   deepmerge: [ '4.3.1' ],
2798 silly audit   glob: [ '13.0.6', '6.0.4', '10.5.0' ],
2798 silly audit   'resolve-workspace-root': [ '2.0.1' ],
2798 silly audit   slugify: [ '1.6.9' ],
2798 silly audit   '@expo/sdk-runtime-versions': [ '1.0.1' ],
2798 silly audit   xcode: [ '3.0.1' ],
2798 silly audit   xml2js: [ '0.6.0' ],
2798 silly audit   '@expo/turtle-spawn': [ '24.8.0' ],
2798 silly audit   '@babel/code-frame': [ '7.23.5', '7.10.4', '7.29.7' ],
2798 silly audit   'env-string': [ '1.0.1' ],
2798 silly audit   'golden-fleece': [ '1.0.9' ],
2798 silly audit   '@babel/highlight': [ '7.25.9' ],
2798 silly audit   '@babel/helper-validator-identifier': [ '7.29.7' ],
2798 silly audit   'js-tokens': [ '4.0.0' ],
2798 silly audit   picocolors: [ '1.1.1' ],
2798 silly audit   'dotenv-expand': [ '11.0.7' ],
2798 silly audit   json5: [ '2.2.3' ],
2798 silly audit   'write-file-atomic': [ '2.4.3' ],
2798 silly audit   '@types/bunyan': [ '1.8.11' ],
2798 silly audit   bunyan: [ '1.8.15' ],
2798 silly audit   multipasta: [ '0.2.8' ],
2798 silly audit   'exec-async': [ '2.2.0' ],
2798 silly audit   'npm-package-arg': [ '11.0.3' ],
2798 silly audit   '@xmldom/xmldom': [ '0.8.15', '0.9.12' ],
2798 silly audit   'base64-js': [ '1.5.1' ],
2798 silly audit   xmlbuilder: [ '15.1.1', '11.0.1' ],
2798 silly audit   ejs: [ '3.1.10', '6.0.1' ],
2798 silly audit   'http-call': [ '5.3.0' ],
2798 silly audit   '@expo/image-utils': [ '0.7.6' ],
2798 silly audit   '@react-native/normalize-colors': [ '0.79.6' ],
2798 silly audit   'jimp-compact': [ '0.16.1' ],
2798 silly audit   'parse-png': [ '2.1.0' ],
2798 silly audit   'temp-dir': [ '2.0.0' ],
2798 silly audit   'unique-string': [ '2.0.0' ],
2798 silly audit   '@babel/core': [ '7.29.7' ],
2798 silly audit   '@babel/plugin-transform-modules-commonjs': [ '7.29.7' ],
2798 silly audit   '@babel/generator': [ '7.29.8' ],
2798 silly audit   '@babel/helper-compilation-targets': [ '7.29.7' ],
2798 silly audit   '@babel/helper-module-transforms': [ '7.29.7' ],
2798 silly audit   '@babel/helpers': [ '7.29.10' ],
2798 silly audit   '@babel/parser': [ '7.29.9' ],
2798 silly audit   '@babel/template': [ '7.29.7' ],
2798 silly audit   '@babel/traverse': [ '7.29.10' ],
2798 silly audit   '@babel/types': [ '7.29.8' ],
2798 silly audit   '@jridgewell/remapping': [ '2.3.5' ],
2798 silly audit   'convert-source-map': [ '2.0.0' ],
2798 silly audit   gensync: [ '1.0.0-beta.2' ],
2798 silly audit   '@jridgewell/gen-mapping': [ '0.3.13' ],
2798 silly audit   '@jridgewell/trace-mapping': [ '0.3.31', '0.3.9' ],
2798 silly audit   jsesc: [ '3.1.0' ],
2798 silly audit   '@babel/compat-data': [ '7.29.7' ],
2798 silly audit   '@babel/helper-validator-option': [ '7.29.7' ],
2798 silly audit   browserslist: [ '4.29.3' ],
2798 silly audit   'lru-cache': [ '5.1.1', '10.4.3', '11.5.3', '6.0.0' ],
2798 silly audit   '@babel/helper-module-imports': [ '7.29.7' ],
2798 silly audit   '@babel/helper-plugin-utils': [ '7.29.7' ],
2798 silly audit   '@babel/helper-globals': [ '7.29.7' ],
2798 silly audit   '@babel/helper-string-parser': [ '7.29.7' ],
2798 silly audit   '@expo/bunyan': [ '4.0.1' ],
2798 silly audit   '@segment/loosely-validate-event': [ '2.0.0' ],
2798 silly audit   'fetch-retry': [ '4.1.1' ],
2798 silly audit   md5: [ '2.3.0' ],
2798 silly audit   'remove-trailing-slash': [ '0.1.1' ],
2798 silly audit   'cross-spawn': [ '7.0.6' ],
2798 silly audit   arg: [ '5.0.2', '4.1.3' ],
2798 silly audit   jsep: [ '1.4.0' ],
2798 silly audit   'lodash.clonedeep': [ '4.5.0' ],
2798 silly audit   '@jridgewell/sourcemap-codec': [ '1.6.0' ],
2798 silly audit   '@jridgewell/resolve-uri': [ '3.1.2' ],
2798 silly audit   'ansi-escapes': [ '4.3.2' ],
2798 silly audit   ansis: [ '3.17.0' ],
2798 silly audit   'clean-stack': [ '3.0.1' ],
2798 silly audit   'cli-spinners': [ '2.9.2' ],
2798 silly audit   'get-package-type': [ '0.1.0' ],
2798 silly audit   lilconfig: [ '3.1.3' ],
2798 silly audit   'string-width': [ '4.2.3', '5.1.2' ],
2798 silly audit   'supports-color': [ '8.1.1', '7.2.0', '5.5.0' ],
2798 silly audit   tinyglobby: [ '0.2.17' ],
2798 silly audit   'widest-line': [ '3.1.0' ],
2798 silly audit   wordwrap: [ '1.0.0' ],
2798 silly audit   'wsl-utils': [ '0.4.0' ],
2798 silly audit   'component-type': [ '1.2.2' ],
2798 silly audit   'join-component': [ '1.1.0' ],
2798 silly audit   '@sentry-internal/tracing': [ '7.77.0' ],
2798 silly audit   '@sentry/core': [ '7.77.0' ],
2798 silly audit   '@sentry/types': [ '7.77.0' ],
2798 silly audit   '@sentry/utils': [ '7.77.0' ],
2798 silly audit   '@types/node': [ '26.6.4' ],
2798 silly audit   'undici-types': [ '8.9.0' ],
2798 silly audit   '@0no-co/graphql.web': [ '1.3.4' ],
2798 silly audit   wonka: [ '6.3.6' ],
2798 silly audit   'json-schema-traverse': [ '1.0.0' ],
2798 silly audit   'require-from-string': [ '2.0.2' ],
2798 silly audit   'uri-js': [ '4.4.1' ],
2798 silly audit   'type-fest': [ '0.21.3' ],
2798 silly audit   'big-integer': [ '1.6.52' ],
2798 silly audit   'baseline-browser-mapping': [ '2.11.27' ],
2798 silly audit   'caniuse-lite': [ '1.0.30001815' ],
2798 silly audit   'electron-to-chromium': [ '1.5.449' ],
2798 silly audit   'node-releases': [ '2.0.57' ],
2798 silly audit   'update-browserslist-db': [ '1.3.3' ],
2798 silly audit   'dtrace-provider': [ '0.8.8' ],
2798 silly audit   moment: [ '2.31.0' ],
2798 silly audit   mv: [ '2.1.1' ],
2798 silly audit   'safe-json-stringify': [ '1.2.0' ],
2798 silly audit   events: [ '3.3.0' ],
2798 silly audit   protobufjs: [ '7.6.6' ],
2798 silly audit   'ansi-styles': [ '4.3.0', '3.2.1', '6.2.3' ],
2798 silly audit   'color-convert': [ '2.0.1', '1.9.3' ],
2798 silly audit   'escape-string-regexp': [ '4.0.0', '1.0.5' ],
2798 silly audit   'color-name': [ '1.1.4', '1.1.3' ],
2798 silly audit   'path-key': [ '3.1.1' ],
2798 silly audit   'shebang-command': [ '2.0.0' ],
2798 silly audit   which: [ '2.0.2' ],
2798 silly audit   ms: [ '2.1.3' ],
2798 silly audit   nan: [ '2.29.0' ],
2798 silly audit   jake: [ '10.9.4' ],
2798 silly audit   '@nodelib/fs.stat': [ '2.0.5' ],
2798 silly audit   '@nodelib/fs.walk': [ '1.2.8' ],
2798 silly audit   'glob-parent': [ '5.1.2' ],
2798 silly audit   merge2: [ '1.4.1' ],
2798 silly audit   micromatch: [ '4.0.8' ],
2798 silly audit   '@nodelib/fs.scandir': [ '2.1.5' ],
2798 silly audit   fastq: [ '1.20.3' ],
2798 silly audit   'run-parallel': [ '1.2.0' ],
2798 silly audit   reusify: [ '1.1.0' ],
2798 silly audit   asynckit: [ '0.4.0' ],
2798 silly audit   'combined-stream': [ '1.0.8' ],
2798 silly audit   'es-set-tostringtag': [ '2.1.0' ],
2798 silly audit   hasown: [ '2.0.4' ],
2798 silly audit   'mime-types': [ '2.1.35' ],
2798 silly audit   'delayed-stream': [ '1.0.0' ],
2798 silly audit   'es-errors': [ '1.3.0' ],
2798 silly audit   'get-intrinsic': [ '1.3.0' ],
2798 silly audit   'has-tostringtag': [ '1.0.2' ],
2798 silly audit   'graceful-fs': [ '4.2.11' ],
2798 silly audit   jsonfile: [ '6.2.1' ],
2798 silly audit   universalify: [ '2.0.1' ],
2798 silly audit   'call-bind-apply-helpers': [ '1.0.2' ],
2798 silly audit   'es-define-property': [ '1.0.1' ],
2798 silly audit   'es-object-atoms': [ '1.1.2' ],
2798 silly audit   'function-bind': [ '1.1.2' ],
2798 silly audit   'get-proto': [ '1.0.1' ],
2798 silly audit   gopd: [ '1.2.0' ],
2798 silly audit   'has-symbols': [ '1.1.0' ],
2798 silly audit   'math-intrinsics': [ '1.1.0' ],
2798 silly audit   'dunder-proto': [ '1.0.1' ],
2798 silly audit   minipass: [ '7.1.3' ],
2798 silly audit   'path-scurry': [ '2.0.2', '1.11.1' ],
2798 silly audit   'is-glob': [ '4.0.3' ],
2798 silly audit   'lodash.merge': [ '4.6.2' ],
2798 silly audit   'content-type': [ '1.0.5' ],
2798 silly audit   'is-retry-allowed': [ '1.2.0' ],
2798 silly audit   'is-stream': [ '2.0.1' ],
2798 silly audit   'parse-json': [ '4.0.0' ],
2798 silly audit   'tunnel-agent': [ '0.6.0' ],
2798 silly audit   'agent-base': [ '7.1.4', '6.0.2' ],
2798 silly audit   'loose-envify': [ '1.4.0' ],
2798 silly audit   'is-extglob': [ '2.1.1' ],
2798 silly audit   async: [ '3.2.6' ],
2798 silly audit   filelist: [ '1.0.6' ],
2798 silly audit   'node-int64': [ '0.4.0' ],
2798 silly audit   'node-rsa': [ '1.1.1' ],
2798 silly audit   '@hapi/hoek': [ '9.3.0' ],
2798 silly audit   '@hapi/topo': [ '5.1.0' ],
2798 silly audit   '@sideway/address': [ '4.1.5' ],
2798 silly audit   '@sideway/formula': [ '3.0.1' ],
2798 silly audit   '@sideway/pinpoint': [ '2.0.0' ],
2798 silly audit   'is-unicode-supported': [ '0.1.0' ],
2798 silly audit   yallist: [ '3.1.1', '5.0.0', '4.0.0' ],
2798 silly audit   charenc: [ '0.0.2' ],
2798 silly audit   crypt: [ '0.0.2' ],
2798 silly audit   'is-buffer': [ '1.1.6' ],
2798 silly audit   braces: [ '3.0.3' ],
2798 silly audit   picomatch: [ '2.3.2', '4.0.7' ],
2798 silly audit   'fill-range': [ '7.1.1' ],
2798 silly audit   'to-regex-range': [ '5.0.1' ],
2798 silly audit   'mime-db': [ '1.52.0' ],
2798 silly audit   'brace-expansion': [ '2.1.7', '5.0.12', '1.1.21' ],
2798 silly audit   'balanced-match': [ '1.0.2', '4.0.4' ],
2798 silly audit   mkdirp: [ '0.5.6' ],
2798 silly audit   ncp: [ '2.0.0' ],
2798 silly audit   rimraf: [ '2.4.5' ],
2798 silly audit   minimist: [ '1.2.8' ],
2798 silly audit   'whatwg-url': [ '5.0.0' ],
2798 silly audit   asn1: [ '0.2.6' ],
2798 silly audit   'safer-buffer': [ '2.1.2' ],
2798 silly audit   'hosted-git-info': [ '7.0.2' ],
2798 silly audit   'proc-log': [ '4.2.0' ],
2798 silly audit   'validate-npm-package-name': [ '5.0.1' ],
2798 silly audit   'define-lazy-prop': [ '2.0.0' ],
2798 silly audit   'is-docker': [ '2.2.1', '3.0.0' ],
2798 silly audit   'is-wsl': [ '2.2.0', '3.1.1' ],
2798 silly audit   'cli-cursor': [ '3.1.0', '2.1.0' ],
2798 silly audit   'is-interactive': [ '1.0.0' ],
2798 silly audit   'mute-stream': [ '0.0.8' ],
2798 silly audit   'strip-ansi': [ '6.0.1', '5.2.0', '7.2.0' ],
2798 silly audit   wcwidth: [ '1.0.1' ],
2798 silly audit   'restore-cursor': [ '3.1.0', '2.0.0' ],
2798 silly audit   'error-ex': [ '1.3.4' ],
2798 silly audit   'json-parse-better-errors': [ '1.0.2' ],
2798 silly audit   'is-arrayish': [ '0.2.1' ],
2798 silly audit   'find-up': [ '4.1.0' ],
2798 silly audit   'locate-path': [ '5.0.0' ],
2798 silly audit   'path-exists': [ '4.0.0' ],
2798 silly audit   'p-locate': [ '4.1.0' ],
2798 silly audit   'p-limit': [ '2.3.0' ],
2798 silly audit   'p-try': [ '2.2.0' ],
2798 silly audit   'err-code': [ '2.0.3' ],
2798 silly audit   retry: [ '0.12.0' ],
2798 silly audit   kleur: [ '3.0.3' ],
2798 silly audit   sisteransi: [ '1.0.5' ],
2798 silly audit   '@protobufjs/aspromise': [ '1.1.2' ],
2798 silly audit   '@protobufjs/base64': [ '1.1.2' ],
2798 silly audit   '@protobufjs/codegen': [ '2.0.5' ],
2798 silly audit   '@protobufjs/eventemitter': [ '1.1.1' ],
2798 silly audit   '@protobufjs/fetch': [ '1.1.1' ],
2798 silly audit   '@protobufjs/float': [ '1.0.2' ],
2798 silly audit   '@protobufjs/path': [ '1.1.2' ],
2798 silly audit   '@protobufjs/pool': [ '1.1.0' ],
2798 silly audit   '@protobufjs/utf8': [ '1.1.2' ],
2798 silly audit   long: [ '5.3.2' ],
2798 silly audit   onetime: [ '5.1.2', '2.0.1' ],
2798 silly audit   'signal-exit': [ '3.0.7', '4.1.0' ],
2798 silly audit   'mimic-fn': [ '2.1.0', '1.2.0' ],
2798 silly audit   'queue-microtask': [ '1.2.3' ],
2798 silly audit   'shebang-regex': [ '3.0.0' ],
2798 silly audit   'emoji-regex': [ '8.0.0', '9.2.2' ],
2798 silly audit   'is-fullwidth-code-point': [ '3.0.0' ],
2798 silly audit   'ansi-regex': [ '5.0.1', '4.1.1', '6.4.0' ],
2798 silly audit   'has-flag': [ '4.0.0', '3.0.0' ],
2798 silly audit   '@isaacs/fs-minipass': [ '4.0.1' ],
2798 silly audit   chownr: [ '3.0.0' ],
2798 silly audit   b4a: [ '1.9.0' ],
2798 silly audit   'fast-fifo': [ '1.3.2' ],
2798 silly audit   streamx: [ '2.28.1' ],
2798 silly audit   'events-universal': [ '1.0.1' ],
2798 silly audit   'text-decoder': [ '1.2.7' ],
2798 silly audit   'bare-events': [ '2.9.2' ],
2798 silly audit   'supports-hyperlinks': [ '2.3.0' ],
2798 silly audit   fdir: [ '6.5.0' ],
2798 silly audit   'is-number': [ '7.0.0' ],
2798 silly audit   'safe-buffer': [ '5.2.1' ],
2798 silly audit   domino: [ '2.1.8' ],
2798 silly audit   'crypto-random-string': [ '2.0.0' ],
2798 silly audit   escalade: [ '3.2.0' ],
2798 silly audit   punycode: [ '2.3.1' ],
2798 silly audit   defaults: [ '1.0.4' ],
2798 silly audit   clone: [ '1.0.4' ],
2798 silly audit   tr46: [ '0.0.3' ],
2798 silly audit   'webidl-conversions': [ '3.0.1' ],
2798 silly audit   isexe: [ '2.0.0' ],
2798 silly audit   imurmurhash: [ '0.1.4' ],
2798 silly audit   'powershell-utils': [ '0.1.0' ],
2798 silly audit   'simple-plist': [ '1.3.1' ],
2798 silly audit   'bplist-creator': [ '0.1.0' ],
2798 silly audit   plist: [ '3.1.1' ],
2798 silly audit   'stream-buffers': [ '2.2.0' ],
2798 silly audit   sax: [ '1.6.1' ],
2798 silly audit   '@types/cli-progress': [ '3.11.6' ],
2798 silly audit   cardinal: [ '2.1.1' ],
2798 silly audit   globby: [ '11.1.0' ],
2798 silly audit   hyperlinker: [ '1.0.0' ],
2798 silly audit   'js-yaml': [ '3.15.2' ],
2798 silly audit   'natural-orderby': [ '2.0.3' ],
2798 silly audit   'object-treeify': [ '1.1.33' ],
2798 silly audit   'password-prompt': [ '1.1.3' ],
2798 silly audit   'slice-ansi': [ '4.0.0' ],
2798 silly audit   'ts-node': [ '10.9.2' ],
2798 silly audit   typescript: [ '5.9.3' ],
2798 silly audit   ansicolors: [ '0.3.2' ],
2798 silly audit   redeyed: [ '2.1.1' ],
2798 silly audit   'array-union': [ '2.1.0' ],
2798 silly audit   'dir-glob': [ '3.0.1' ],
2798 silly audit   'path-type': [ '4.0.0' ],
2798 silly audit   argparse: [ '1.0.10' ],
2798 silly audit   esprima: [ '4.0.1' ],
2798 silly audit   'sprintf-js': [ '1.0.3' ],
2798 silly audit   'astral-regex': [ '2.0.0' ],
2798 silly audit   '@cspotcode/source-map-support': [ '0.8.1' ],
2798 silly audit   '@tsconfig/node10': [ '1.0.13' ],
2798 silly audit   '@tsconfig/node12': [ '1.0.11' ],
2798 silly audit   '@tsconfig/node14': [ '1.0.3' ],
2798 silly audit   '@tsconfig/node16': [ '1.0.4' ],
2798 silly audit   acorn: [ '8.19.0' ],
2798 silly audit   'acorn-walk': [ '8.3.5' ],
2798 silly audit   'create-require': [ '1.1.1' ],
2798 silly audit   'make-error': [ '1.3.6' ],
2798 silly audit   'v8-compile-cache-lib': [ '3.0.1' ],
2798 silly audit   yn: [ '3.1.1' ],
2798 silly audit   sucrase: [ '3.35.0' ],
2798 silly audit   commander: [ '4.1.1' ],
2798 silly audit   'lines-and-columns': [ '1.2.4' ],
2798 silly audit   mz: [ '2.7.0' ],
2798 silly audit   pirates: [ '4.0.7' ],
2798 silly audit   'ts-interface-checker': [ '0.1.13' ],
2798 silly audit   'any-promise': [ '1.3.0' ],
2798 silly audit   'object-assign': [ '4.1.1' ],
2798 silly audit   'thenify-all': [ '1.6.0' ],
2798 silly audit   thenify: [ '3.3.1' ],
2798 silly audit   'foreground-child': [ '3.3.1' ],
2798 silly audit   jackspeak: [ '3.4.3' ],
2798 silly audit   'package-json-from-dist': [ '1.0.1' ],
2798 silly audit   '@isaacs/cliui': [ '8.0.2' ],
2798 silly audit   '@pkgjs/parseargs': [ '0.11.0' ],
2798 silly audit   eastasianwidth: [ '0.2.0' ],
2798 silly audit   inflight: [ '1.0.6' ],
2798 silly audit   inherits: [ '2.0.4' ],
2798 silly audit   once: [ '1.4.0' ],
2798 silly audit   'path-is-absolute': [ '1.0.1' ],
2798 silly audit   wrappy: [ '1.0.2' ],
2798 silly audit   'concat-map': [ '0.0.1' ],
2798 silly audit   'is-inside-container': [ '1.0.0' ]
2798 silly audit }
2799 http cache concat-map@https://registry.npmjs.org/concat-map/-/concat-map-0.0.1.tgz 0ms (cache hit)
2800 http cache path-is-absolute@https://registry.npmjs.org/path-is-absolute/-/path-is-absolute-1.0.1.tgz 0ms (cache hit)
2801 http cache once@https://registry.npmjs.org/once/-/once-1.4.0.tgz 0ms (cache hit)
2802 http cache inherits@https://registry.npmjs.org/inherits/-/inherits-2.0.4.tgz 1ms (cache hit)
2803 http cache inflight@https://registry.npmjs.org/inflight/-/inflight-1.0.6.tgz 0ms (cache hit)
2804 http cache wrappy@https://registry.npmjs.org/wrappy/-/wrappy-1.0.2.tgz 0ms (cache hit)
2805 http cache wrap-ansi-cjs@https://registry.npmjs.org/wrap-ansi/-/wrap-ansi-7.0.0.tgz 0ms (cache hit)
2806 http cache strip-ansi-cjs@https://registry.npmjs.org/strip-ansi/-/strip-ansi-6.0.1.tgz 0ms (cache hit)
2807 http cache eastasianwidth@https://registry.npmjs.org/eastasianwidth/-/eastasianwidth-0.2.0.tgz 0ms (cache hit)
2808 http cache @pkgjs/parseargs@https://registry.npmjs.org/@pkgjs/parseargs/-/parseargs-0.11.0.tgz 0ms (cache hit)
2809 http cache @isaacs/cliui@https://registry.npmjs.org/@isaacs/cliui/-/cliui-8.0.2.tgz 0ms (cache hit)
2810 http cache string-width-cjs@https://registry.npmjs.org/string-width/-/string-width-4.2.3.tgz 0ms (cache hit)
2811 http cache jackspeak@https://registry.npmjs.org/jackspeak/-/jackspeak-3.4.3.tgz 0ms (cache hit)
2812 http cache foreground-child@https://registry.npmjs.org/foreground-child/-/foreground-child-3.3.1.tgz 0ms (cache hit)
2813 http cache object-assign@https://registry.npmjs.org/object-assign/-/object-assign-4.1.1.tgz 0ms (cache hit)
2814 http cache thenify-all@https://registry.npmjs.org/thenify-all/-/thenify-all-1.6.0.tgz 0ms (cache hit)
2815 http cache any-promise@https://registry.npmjs.org/any-promise/-/any-promise-1.3.0.tgz 0ms (cache hit)
2816 http cache pirates@https://registry.npmjs.org/pirates/-/pirates-4.0.7.tgz 0ms (cache hit)
2817 http cache mz@https://registry.npmjs.org/mz/-/mz-2.7.0.tgz 0ms (cache hit)
2818 http cache ts-interface-checker@https://registry.npmjs.org/ts-interface-checker/-/ts-interface-checker-0.1.13.tgz 0ms (cache hit)
2819 http cache lines-and-columns@https://registry.npmjs.org/lines-and-columns/-/lines-and-columns-1.2.4.tgz 0ms (cache hit)
2820 http cache yn@https://registry.npmjs.org/yn/-/yn-3.1.1.tgz 0ms (cache hit)
2821 http cache commander@https://registry.npmjs.org/commander/-/commander-4.1.1.tgz 0ms (cache hit)
2822 http cache thenify@https://registry.npmjs.org/thenify/-/thenify-3.3.1.tgz 0ms (cache hit)
2823 http cache v8-compile-cache-lib@https://registry.npmjs.org/v8-compile-cache-lib/-/v8-compile-cache-lib-3.0.1.tgz 0ms (cache hit)
2824 http cache sucrase@https://registry.npmjs.org/sucrase/-/sucrase-3.35.0.tgz 0ms (cache hit)
2825 http cache create-require@https://registry.npmjs.org/create-require/-/create-require-1.1.1.tgz 0ms (cache hit)
2826 http cache make-error@https://registry.npmjs.org/make-error/-/make-error-1.3.6.tgz 0ms (cache hit)
2827 http cache acorn@https://registry.npmjs.org/acorn/-/acorn-8.19.0.tgz 0ms (cache hit)
2828 http cache @tsconfig/node16@https://registry.npmjs.org/@tsconfig/node16/-/node16-1.0.4.tgz 0ms (cache hit)
2829 http cache @tsconfig/node14@https://registry.npmjs.org/@tsconfig/node14/-/node14-1.0.3.tgz 0ms (cache hit)
2830 http cache @tsconfig/node12@https://registry.npmjs.org/@tsconfig/node12/-/node12-1.0.11.tgz 0ms (cache hit)
2831 http cache acorn-walk@https://registry.npmjs.org/acorn-walk/-/acorn-walk-8.3.5.tgz 0ms (cache hit)
2832 http cache @tsconfig/node10@https://registry.npmjs.org/@tsconfig/node10/-/node10-1.0.13.tgz 0ms (cache hit)
2833 http cache @cspotcode/source-map-support@https://registry.npmjs.org/@cspotcode/source-map-support/-/source-map-support-0.8.1.tgz 0ms (cache hit)
2834 http cache sprintf-js@https://registry.npmjs.org/sprintf-js/-/sprintf-js-1.0.3.tgz 0ms (cache hit)
2835 http cache astral-regex@https://registry.npmjs.org/astral-regex/-/astral-regex-2.0.0.tgz 0ms (cache hit)
2836 http cache esprima@https://registry.npmjs.org/esprima/-/esprima-4.0.1.tgz 0ms (cache hit)
2837 http cache package-json-from-dist@https://registry.npmjs.org/package-json-from-dist/-/package-json-from-dist-1.0.1.tgz 0ms (cache hit)
2838 http cache argparse@https://registry.npmjs.org/argparse/-/argparse-1.0.10.tgz 0ms (cache hit)
2839 http cache redeyed@https://registry.npmjs.org/redeyed/-/redeyed-2.1.1.tgz 0ms (cache hit)
2840 http cache ansicolors@https://registry.npmjs.org/ansicolors/-/ansicolors-0.3.2.tgz 0ms (cache hit)
2841 http cache typescript@https://registry.npmjs.org/typescript/-/typescript-5.9.3.tgz 0ms (cache hit)
2842 http cache array-union@https://registry.npmjs.org/array-union/-/array-union-2.1.0.tgz 0ms (cache hit)
2843 http cache dir-glob@https://registry.npmjs.org/dir-glob/-/dir-glob-3.0.1.tgz 0ms (cache hit)
2844 http cache path-type@https://registry.npmjs.org/path-type/-/path-type-4.0.0.tgz 0ms (cache hit)
2845 http cache slice-ansi@https://registry.npmjs.org/slice-ansi/-/slice-ansi-4.0.0.tgz 0ms (cache hit)
2846 http cache ts-node@https://registry.npmjs.org/ts-node/-/ts-node-10.9.2.tgz 0ms (cache hit)
2847 http cache object-treeify@https://registry.npmjs.org/object-treeify/-/object-treeify-1.1.33.tgz 0ms (cache hit)
2848 http cache natural-orderby@https://registry.npmjs.org/natural-orderby/-/natural-orderby-2.0.3.tgz 0ms (cache hit)
2849 http cache is-inside-container@https://registry.npmjs.org/is-inside-container/-/is-inside-container-1.0.0.tgz 0ms (cache hit)
2850 http cache js-yaml@https://registry.npmjs.org/js-yaml/-/js-yaml-3.15.2.tgz 0ms (cache hit)
2851 http cache globby@https://registry.npmjs.org/globby/-/globby-11.1.0.tgz 0ms (cache hit)
2852 http cache password-prompt@https://registry.npmjs.org/password-prompt/-/password-prompt-1.1.3.tgz 0ms (cache hit)
2853 http cache cardinal@https://registry.npmjs.org/cardinal/-/cardinal-2.1.1.tgz 0ms (cache hit)
2854 http cache stream-buffers@https://registry.npmjs.org/stream-buffers/-/stream-buffers-2.2.0.tgz 0ms (cache hit)
2855 http cache @types/cli-progress@https://registry.npmjs.org/@types/cli-progress/-/cli-progress-3.11.6.tgz 0ms (cache hit)
2856 http cache hyperlinker@https://registry.npmjs.org/hyperlinker/-/hyperlinker-1.0.0.tgz 0ms (cache hit)
2857 http cache sax@https://registry.npmjs.org/sax/-/sax-1.6.1.tgz 1ms (cache hit)
2858 http cache bplist-creator@https://registry.npmjs.org/bplist-creator/-/bplist-creator-0.1.0.tgz 0ms (cache hit)
2859 http cache imurmurhash@https://registry.npmjs.org/imurmurhash/-/imurmurhash-0.1.4.tgz 0ms (cache hit)
2860 http cache simple-plist@https://registry.npmjs.org/simple-plist/-/simple-plist-1.3.1.tgz 0ms (cache hit)
2861 http cache tr46@https://registry.npmjs.org/tr46/-/tr46-0.0.3.tgz 0ms (cache hit)
2862 http cache isexe@https://registry.npmjs.org/isexe/-/isexe-2.0.0.tgz 0ms (cache hit)
2863 http cache plist@https://registry.npmjs.org/plist/-/plist-3.1.1.tgz 0ms (cache hit)
2864 http cache clone@https://registry.npmjs.org/clone/-/clone-1.0.4.tgz 0ms (cache hit)
2865 http cache punycode@https://registry.npmjs.org/punycode/-/punycode-2.3.1.tgz 0ms (cache hit)
2866 http cache powershell-utils@https://registry.npmjs.org/powershell-utils/-/powershell-utils-0.1.0.tgz 0ms (cache hit)
2867 http cache domino@https://registry.npmjs.org/domino/-/domino-2.1.8.tgz 0ms (cache hit)
2868 http cache defaults@https://registry.npmjs.org/defaults/-/defaults-1.0.4.tgz 0ms (cache hit)
2869 http cache crypto-random-string@https://registry.npmjs.org/crypto-random-string/-/crypto-random-string-2.0.0.tgz 0ms (cache hit)
2870 http cache is-number@https://registry.npmjs.org/is-number/-/is-number-7.0.0.tgz 0ms (cache hit)
2871 http cache safe-buffer@https://registry.npmjs.org/safe-buffer/-/safe-buffer-5.2.1.tgz 0ms (cache hit)
2872 http cache bare-events@https://registry.npmjs.org/bare-events/-/bare-events-2.9.2.tgz 0ms (cache hit)
2873 http cache supports-hyperlinks@https://registry.npmjs.org/supports-hyperlinks/-/supports-hyperlinks-2.3.0.tgz 0ms (cache hit)
2874 http cache text-decoder@https://registry.npmjs.org/text-decoder/-/text-decoder-1.2.7.tgz 0ms (cache hit)
2875 http cache events-universal@https://registry.npmjs.org/events-universal/-/events-universal-1.0.1.tgz 0ms (cache hit)
2876 http cache escalade@https://registry.npmjs.org/escalade/-/escalade-3.2.0.tgz 0ms (cache hit)
2877 http cache b4a@https://registry.npmjs.org/b4a/-/b4a-1.9.0.tgz 0ms (cache hit)
2878 http cache @isaacs/fs-minipass@https://registry.npmjs.org/@isaacs/fs-minipass/-/fs-minipass-4.0.1.tgz 0ms (cache hit)
2879 http cache chownr@https://registry.npmjs.org/chownr/-/chownr-3.0.0.tgz 0ms (cache hit)
2880 http cache streamx@https://registry.npmjs.org/streamx/-/streamx-2.28.1.tgz 0ms (cache hit)
2881 http cache has-flag@https://registry.npmjs.org/has-flag/-/has-flag-4.0.0.tgz 0ms (cache hit)
2882 http cache shebang-regex@https://registry.npmjs.org/shebang-regex/-/shebang-regex-3.0.0.tgz 0ms (cache hit)
2883 http cache fast-fifo@https://registry.npmjs.org/fast-fifo/-/fast-fifo-1.3.2.tgz 0ms (cache hit)
2884 http cache emoji-regex@https://registry.npmjs.org/emoji-regex/-/emoji-regex-8.0.0.tgz 0ms (cache hit)
2885 http cache mimic-fn@https://registry.npmjs.org/mimic-fn/-/mimic-fn-2.1.0.tgz 0ms (cache hit)
2886 http cache is-fullwidth-code-point@https://registry.npmjs.org/is-fullwidth-code-point/-/is-fullwidth-code-point-3.0.0.tgz 0ms (cache hit)
2887 http cache onetime@https://registry.npmjs.org/onetime/-/onetime-5.1.2.tgz 0ms (cache hit)
2888 http cache @protobufjs/utf8@https://registry.npmjs.org/@protobufjs/utf8/-/utf8-1.1.2.tgz 0ms (cache hit)
2889 http cache long@https://registry.npmjs.org/long/-/long-5.3.2.tgz 0ms (cache hit)
2890 http cache queue-microtask@https://registry.npmjs.org/queue-microtask/-/queue-microtask-1.2.3.tgz 0ms (cache hit)
2891 http cache webidl-conversions@https://registry.npmjs.org/webidl-conversions/-/webidl-conversions-3.0.1.tgz 0ms (cache hit)
2892 http cache ansi-regex@https://registry.npmjs.org/ansi-regex/-/ansi-regex-5.0.1.tgz 0ms (cache hit)
2893 http cache @protobufjs/path@https://registry.npmjs.org/@protobufjs/path/-/path-1.1.2.tgz 0ms (cache hit)
2894 http cache @protobufjs/fetch@https://registry.npmjs.org/@protobufjs/fetch/-/fetch-1.1.1.tgz 0ms (cache hit)
2895 http cache @protobufjs/eventemitter@https://registry.npmjs.org/@protobufjs/eventemitter/-/eventemitter-1.1.1.tgz 0ms (cache hit)
2896 http cache @protobufjs/base64@https://registry.npmjs.org/@protobufjs/base64/-/base64-1.1.2.tgz 0ms (cache hit)
2897 http cache signal-exit@https://registry.npmjs.org/signal-exit/-/signal-exit-3.0.7.tgz 0ms (cache hit)
2898 http cache @protobufjs/aspromise@https://registry.npmjs.org/@protobufjs/aspromise/-/aspromise-1.1.2.tgz 0ms (cache hit)
2899 http cache kleur@https://registry.npmjs.org/kleur/-/kleur-3.0.3.tgz 0ms (cache hit)
2900 http cache sisteransi@https://registry.npmjs.org/sisteransi/-/sisteransi-1.0.5.tgz 0ms (cache hit)
2901 http cache @protobufjs/float@https://registry.npmjs.org/@protobufjs/float/-/float-1.0.2.tgz 0ms (cache hit)
2902 http cache p-try@https://registry.npmjs.org/p-try/-/p-try-2.2.0.tgz 0ms (cache hit)
2903 http cache p-limit@https://registry.npmjs.org/p-limit/-/p-limit-2.3.0.tgz 0ms (cache hit)
2904 http cache locate-path@https://registry.npmjs.org/locate-path/-/locate-path-5.0.0.tgz 0ms (cache hit)
2905 http cache err-code@https://registry.npmjs.org/err-code/-/err-code-2.0.3.tgz 0ms (cache hit)
2906 http cache retry@https://registry.npmjs.org/retry/-/retry-0.12.0.tgz 0ms (cache hit)
2907 http cache path-exists@https://registry.npmjs.org/path-exists/-/path-exists-4.0.0.tgz 0ms (cache hit)
2908 http cache @protobufjs/codegen@https://registry.npmjs.org/@protobufjs/codegen/-/codegen-2.0.5.tgz 0ms (cache hit)
2909 http cache json-parse-better-errors@https://registry.npmjs.org/json-parse-better-errors/-/json-parse-better-errors-1.0.2.tgz 0ms (cache hit)
2910 http cache find-up@https://registry.npmjs.org/find-up/-/find-up-4.1.0.tgz 0ms (cache hit)
2911 http cache wcwidth@https://registry.npmjs.org/wcwidth/-/wcwidth-1.0.1.tgz 0ms (cache hit)
2912 http cache error-ex@https://registry.npmjs.org/error-ex/-/error-ex-1.3.4.tgz 0ms (cache hit)
2913 http cache is-arrayish@https://registry.npmjs.org/is-arrayish/-/is-arrayish-0.2.1.tgz 0ms (cache hit)
2914 http cache strip-ansi@https://registry.npmjs.org/strip-ansi/-/strip-ansi-6.0.1.tgz 0ms (cache hit)
2915 http cache mute-stream@https://registry.npmjs.org/mute-stream/-/mute-stream-0.0.8.tgz 0ms (cache hit)
2916 http cache restore-cursor@https://registry.npmjs.org/restore-cursor/-/restore-cursor-3.1.0.tgz 0ms (cache hit)
2917 http cache is-interactive@https://registry.npmjs.org/is-interactive/-/is-interactive-1.0.0.tgz 0ms (cache hit)
2918 http cache cli-cursor@https://registry.npmjs.org/cli-cursor/-/cli-cursor-3.1.0.tgz 0ms (cache hit)
2919 http cache @protobufjs/pool@https://registry.npmjs.org/@protobufjs/pool/-/pool-1.1.0.tgz 0ms (cache hit)
2920 http cache hosted-git-info@https://registry.npmjs.org/hosted-git-info/-/hosted-git-info-7.0.2.tgz 0ms (cache hit)
2921 http cache proc-log@https://registry.npmjs.org/proc-log/-/proc-log-4.2.0.tgz 0ms (cache hit)
2922 http cache safer-buffer@https://registry.npmjs.org/safer-buffer/-/safer-buffer-2.1.2.tgz 0ms (cache hit)
2923 http cache define-lazy-prop@https://registry.npmjs.org/define-lazy-prop/-/define-lazy-prop-2.0.0.tgz 0ms (cache hit)
2924 http cache whatwg-url@https://registry.npmjs.org/whatwg-url/-/whatwg-url-5.0.0.tgz 0ms (cache hit)
2925 http cache rimraf@https://registry.npmjs.org/rimraf/-/rimraf-2.4.5.tgz 0ms (cache hit)
2926 http cache validate-npm-package-name@https://registry.npmjs.org/validate-npm-package-name/-/validate-npm-package-name-5.0.1.tgz 0ms (cache hit)
2927 http cache asn1@https://registry.npmjs.org/asn1/-/asn1-0.2.6.tgz 0ms (cache hit)
2928 http cache brace-expansion@https://registry.npmjs.org/brace-expansion/-/brace-expansion-2.1.7.tgz 0ms (cache hit)
2929 http cache is-docker@https://registry.npmjs.org/is-docker/-/is-docker-2.2.1.tgz 0ms (cache hit)
2930 http cache is-wsl@https://registry.npmjs.org/is-wsl/-/is-wsl-2.2.0.tgz 0ms (cache hit)
2931 http cache mime-db@https://registry.npmjs.org/mime-db/-/mime-db-1.52.0.tgz 0ms (cache hit)
2932 http cache fill-range@https://registry.npmjs.org/fill-range/-/fill-range-7.1.1.tgz 0ms (cache hit)
2933 http cache balanced-match@https://registry.npmjs.org/balanced-match/-/balanced-match-1.0.2.tgz 0ms (cache hit)
2934 http cache p-locate@https://registry.npmjs.org/p-locate/-/p-locate-4.1.0.tgz 0ms (cache hit)
2935 http cache ncp@https://registry.npmjs.org/ncp/-/ncp-2.0.0.tgz 0ms (cache hit)
2936 http cache mkdirp@https://registry.npmjs.org/mkdirp/-/mkdirp-0.5.6.tgz 0ms (cache hit)
2937 http cache to-regex-range@https://registry.npmjs.org/to-regex-range/-/to-regex-range-5.0.1.tgz 0ms (cache hit)
2938 http cache braces@https://registry.npmjs.org/braces/-/braces-3.0.3.tgz 0ms (cache hit)
2939 http cache is-buffer@https://registry.npmjs.org/is-buffer/-/is-buffer-1.1.6.tgz 0ms (cache hit)
2940 http cache crypt@https://registry.npmjs.org/crypt/-/crypt-0.0.2.tgz 0ms (cache hit)
2941 http cache charenc@https://registry.npmjs.org/charenc/-/charenc-0.0.2.tgz 0ms (cache hit)
2942 http cache minimist@https://registry.npmjs.org/minimist/-/minimist-1.2.8.tgz 0ms (cache hit)
2943 http cache yallist@https://registry.npmjs.org/yallist/-/yallist-3.1.1.tgz 0ms (cache hit)
2944 http cache @sideway/formula@https://registry.npmjs.org/@sideway/formula/-/formula-3.0.1.tgz 0ms (cache hit)
2945 http cache @hapi/topo@https://registry.npmjs.org/@hapi/topo/-/topo-5.1.0.tgz 0ms (cache hit)
2946 http cache node-rsa@https://registry.npmjs.org/node-rsa/-/node-rsa-1.1.1.tgz 0ms (cache hit)
2947 http cache @hapi/hoek@https://registry.npmjs.org/@hapi/hoek/-/hoek-9.3.0.tgz 0ms (cache hit)
2948 http cache picomatch@https://registry.npmjs.org/picomatch/-/picomatch-2.3.2.tgz 0ms (cache hit)
2949 http cache @sideway/pinpoint@https://registry.npmjs.org/@sideway/pinpoint/-/pinpoint-2.0.0.tgz 0ms (cache hit)
2950 http cache node-int64@https://registry.npmjs.org/node-int64/-/node-int64-0.4.0.tgz 0ms (cache hit)
2951 http cache tunnel-agent@https://registry.npmjs.org/tunnel-agent/-/tunnel-agent-0.6.0.tgz 0ms (cache hit)
2952 http cache parse-json@https://registry.npmjs.org/parse-json/-/parse-json-4.0.0.tgz 0ms (cache hit)
2953 http cache @sideway/address@https://registry.npmjs.org/@sideway/address/-/address-4.1.5.tgz 0ms (cache hit)
2954 http cache loose-envify@https://registry.npmjs.org/loose-envify/-/loose-envify-1.4.0.tgz 0ms (cache hit)
2955 http cache is-stream@https://registry.npmjs.org/is-stream/-/is-stream-2.0.1.tgz 0ms (cache hit)
2956 http cache is-extglob@https://registry.npmjs.org/is-extglob/-/is-extglob-2.1.1.tgz 0ms (cache hit)
2957 http cache content-type@https://registry.npmjs.org/content-type/-/content-type-1.0.5.tgz 0ms (cache hit)
2958 http cache lodash.merge@https://registry.npmjs.org/lodash.merge/-/lodash.merge-4.6.2.tgz 0ms (cache hit)
2959 http cache filelist@https://registry.npmjs.org/filelist/-/filelist-1.0.6.tgz 0ms (cache hit)
2960 http cache async@https://registry.npmjs.org/async/-/async-3.2.6.tgz 0ms (cache hit)
2961 http cache is-retry-allowed@https://registry.npmjs.org/is-retry-allowed/-/is-retry-allowed-1.2.0.tgz 0ms (cache hit)
2962 http cache path-scurry@https://registry.npmjs.org/path-scurry/-/path-scurry-2.0.2.tgz 0ms (cache hit)
2963 http cache dunder-proto@https://registry.npmjs.org/dunder-proto/-/dunder-proto-1.0.1.tgz 0ms (cache hit)
2964 http cache agent-base@https://registry.npmjs.org/agent-base/-/agent-base-7.1.4.tgz 0ms (cache hit)
2965 http cache is-glob@https://registry.npmjs.org/is-glob/-/is-glob-4.0.3.tgz 0ms (cache hit)
2966 http cache is-unicode-supported@https://registry.npmjs.org/is-unicode-supported/-/is-unicode-supported-0.1.0.tgz 0ms (cache hit)
2967 http cache gopd@https://registry.npmjs.org/gopd/-/gopd-1.2.0.tgz 0ms (cache hit)
2968 http cache has-symbols@https://registry.npmjs.org/has-symbols/-/has-symbols-1.1.0.tgz 0ms (cache hit)
2969 http cache call-bind-apply-helpers@https://registry.npmjs.org/call-bind-apply-helpers/-/call-bind-apply-helpers-1.0.2.tgz 0ms (cache hit)
2970 http cache function-bind@https://registry.npmjs.org/function-bind/-/function-bind-1.1.2.tgz 0ms (cache hit)
2971 http cache math-intrinsics@https://registry.npmjs.org/math-intrinsics/-/math-intrinsics-1.1.0.tgz 0ms (cache hit)
2972 http cache jsonfile@https://registry.npmjs.org/jsonfile/-/jsonfile-6.2.1.tgz 0ms (cache hit)
2973 http cache es-object-atoms@https://registry.npmjs.org/es-object-atoms/-/es-object-atoms-1.1.2.tgz 0ms (cache hit)
2974 http cache universalify@https://registry.npmjs.org/universalify/-/universalify-2.0.1.tgz 0ms (cache hit)
2975 http cache minipass@https://registry.npmjs.org/minipass/-/minipass-7.1.3.tgz 0ms (cache hit)
2976 http cache delayed-stream@https://registry.npmjs.org/delayed-stream/-/delayed-stream-1.0.0.tgz 0ms (cache hit)
2977 http cache es-define-property@https://registry.npmjs.org/es-define-property/-/es-define-property-1.0.1.tgz 0ms (cache hit)
2978 http cache es-errors@https://registry.npmjs.org/es-errors/-/es-errors-1.3.0.tgz 0ms (cache hit)
2979 http cache has-tostringtag@https://registry.npmjs.org/has-tostringtag/-/has-tostringtag-1.0.2.tgz 0ms (cache hit)
2980 http cache graceful-fs@https://registry.npmjs.org/graceful-fs/-/graceful-fs-4.2.11.tgz 0ms (cache hit)
2981 http cache asynckit@https://registry.npmjs.org/asynckit/-/asynckit-0.4.0.tgz 0ms (cache hit)
2982 http cache hasown@https://registry.npmjs.org/hasown/-/hasown-2.0.4.tgz 0ms (cache hit)
2983 http cache get-intrinsic@https://registry.npmjs.org/get-intrinsic/-/get-intrinsic-1.3.0.tgz 0ms (cache hit)
2984 http cache combined-stream@https://registry.npmjs.org/combined-stream/-/combined-stream-1.0.8.tgz 0ms (cache hit)
2985 http cache mime-types@https://registry.npmjs.org/mime-types/-/mime-types-2.1.35.tgz 0ms (cache hit)
2986 http cache reusify@https://registry.npmjs.org/reusify/-/reusify-1.1.0.tgz 0ms (cache hit)
2987 http cache es-set-tostringtag@https://registry.npmjs.org/es-set-tostringtag/-/es-set-tostringtag-2.1.0.tgz 0ms (cache hit)
2988 http cache micromatch@https://registry.npmjs.org/micromatch/-/micromatch-4.0.8.tgz 0ms (cache hit)
2989 http cache run-parallel@https://registry.npmjs.org/run-parallel/-/run-parallel-1.2.0.tgz 0ms (cache hit)
2990 http cache @nodelib/fs.scandir@https://registry.npmjs.org/@nodelib/fs.scandir/-/fs.scandir-2.1.5.tgz 0ms (cache hit)
2991 http cache merge2@https://registry.npmjs.org/merge2/-/merge2-1.4.1.tgz 0ms (cache hit)
2992 http cache glob-parent@https://registry.npmjs.org/glob-parent/-/glob-parent-5.1.2.tgz 0ms (cache hit)
2993 http cache @nodelib/fs.stat@https://registry.npmjs.org/@nodelib/fs.stat/-/fs.stat-2.0.5.tgz 0ms (cache hit)
2994 http cache jake@https://registry.npmjs.org/jake/-/jake-10.9.4.tgz 0ms (cache hit)
2995 http cache ms@https://registry.npmjs.org/ms/-/ms-2.1.3.tgz 0ms (cache hit)
2996 http cache color-name@https://registry.npmjs.org/color-name/-/color-name-1.1.4.tgz 0ms (cache hit)
2997 http cache fastq@https://registry.npmjs.org/fastq/-/fastq-1.20.3.tgz 0ms (cache hit)
2998 http cache path-key@https://registry.npmjs.org/path-key/-/path-key-3.1.1.tgz 0ms (cache hit)
2999 http cache nan@https://registry.npmjs.org/nan/-/nan-2.29.0.tgz 0ms (cache hit)
3000 http cache @nodelib/fs.walk@https://registry.npmjs.org/@nodelib/fs.walk/-/fs.walk-1.2.8.tgz 0ms (cache hit)
3001 http cache ansi-styles@https://registry.npmjs.org/ansi-styles/-/ansi-styles-4.3.0.tgz 0ms (cache hit)
3002 http cache shebang-command@https://registry.npmjs.org/shebang-command/-/shebang-command-2.0.0.tgz 0ms (cache hit)
3003 http cache color-convert@https://registry.npmjs.org/color-convert/-/color-convert-2.0.1.tgz 0ms (cache hit)
3004 http cache which@https://registry.npmjs.org/which/-/which-2.0.2.tgz 0ms (cache hit)
3005 http cache escape-string-regexp@https://registry.npmjs.org/escape-string-regexp/-/escape-string-regexp-4.0.0.tgz 0ms (cache hit)
3006 http cache protobufjs@https://registry.npmjs.org/protobufjs/-/protobufjs-7.6.6.tgz 0ms (cache hit)
3007 http cache safe-json-stringify@https://registry.npmjs.org/safe-json-stringify/-/safe-json-stringify-1.2.0.tgz 0ms (cache hit)
3008 http cache dtrace-provider@https://registry.npmjs.org/dtrace-provider/-/dtrace-provider-0.8.8.tgz 0ms (cache hit)
3009 http cache moment@https://registry.npmjs.org/moment/-/moment-2.31.0.tgz 0ms (cache hit)
3010 http cache update-browserslist-db@https://registry.npmjs.org/update-browserslist-db/-/update-browserslist-db-1.3.3.tgz 0ms (cache hit)
3011 http cache caniuse-lite@https://registry.npmjs.org/caniuse-lite/-/caniuse-lite-1.0.30001815.tgz 0ms (cache hit)
3012 http cache electron-to-chromium@https://registry.npmjs.org/electron-to-chromium/-/electron-to-chromium-1.5.449.tgz 0ms (cache hit)
3013 http cache mv@https://registry.npmjs.org/mv/-/mv-2.1.1.tgz 0ms (cache hit)
3014 http cache get-proto@https://registry.npmjs.org/get-proto/-/get-proto-1.0.1.tgz 0ms (cache hit)
3015 http cache baseline-browser-mapping@https://registry.npmjs.org/baseline-browser-mapping/-/baseline-browser-mapping-2.11.27.tgz 0ms (cache hit)
3016 http cache events@https://registry.npmjs.org/events/-/events-3.3.0.tgz 0ms (cache hit)
3017 http cache node-releases@https://registry.npmjs.org/node-releases/-/node-releases-2.0.57.tgz 0ms (cache hit)
3018 http cache @0no-co/graphql.web@https://registry.npmjs.org/@0no-co/graphql.web/-/graphql.web-1.3.4.tgz 0ms (cache hit)
3019 http cache json-schema-traverse@https://registry.npmjs.org/json-schema-traverse/-/json-schema-traverse-1.0.0.tgz 0ms (cache hit)
3020 http cache type-fest@https://registry.npmjs.org/type-fest/-/type-fest-0.21.3.tgz 0ms (cache hit)
3021 http cache wonka@https://registry.npmjs.org/wonka/-/wonka-6.3.6.tgz 0ms (cache hit)
3022 http cache @types/node@https://registry.npmjs.org/@types/node/-/node-26.6.4.tgz 0ms (cache hit)
3023 http cache big-integer@https://registry.npmjs.org/big-integer/-/big-integer-1.6.52.tgz 0ms (cache hit)
3024 http cache join-component@https://registry.npmjs.org/join-component/-/join-component-1.1.0.tgz 0ms (cache hit)
3025 http cache @sentry/utils@https://registry.npmjs.org/@sentry/utils/-/utils-7.77.0.tgz 0ms (cache hit)
3026 http cache @sentry-internal/tracing@https://registry.npmjs.org/@sentry-internal/tracing/-/tracing-7.77.0.tgz 0ms (cache hit)
3027 http cache @sentry/types@https://registry.npmjs.org/@sentry/types/-/types-7.77.0.tgz 0ms (cache hit)
3028 http cache component-type@https://registry.npmjs.org/component-type/-/component-type-1.2.2.tgz 0ms (cache hit)
3029 http cache wsl-utils@https://registry.npmjs.org/wsl-utils/-/wsl-utils-0.4.0.tgz 0ms (cache hit)
3030 http cache @sentry/core@https://registry.npmjs.org/@sentry/core/-/core-7.77.0.tgz 0ms (cache hit)
3031 http cache undici-types@https://registry.npmjs.org/undici-types/-/undici-types-8.9.0.tgz 0ms (cache hit)
3032 http cache uri-js@https://registry.npmjs.org/uri-js/-/uri-js-4.4.1.tgz 0ms (cache hit)
3033 http cache supports-color@https://registry.npmjs.org/supports-color/-/supports-color-8.1.1.tgz 0ms (cache hit)
3034 http cache tinyglobby@https://registry.npmjs.org/tinyglobby/-/tinyglobby-0.2.17.tgz 0ms (cache hit)
3035 http cache wordwrap@https://registry.npmjs.org/wordwrap/-/wordwrap-1.0.0.tgz 0ms (cache hit)
3036 http cache require-from-string@https://registry.npmjs.org/require-from-string/-/require-from-string-2.0.2.tgz 0ms (cache hit)
3037 http cache widest-line@https://registry.npmjs.org/widest-line/-/widest-line-3.1.0.tgz 0ms (cache hit)
3038 http cache ansi-escapes@https://registry.npmjs.org/ansi-escapes/-/ansi-escapes-4.3.2.tgz 0ms (cache hit)
3039 http cache cli-spinners@https://registry.npmjs.org/cli-spinners/-/cli-spinners-2.9.2.tgz 0ms (cache hit)
3040 http cache lilconfig@https://registry.npmjs.org/lilconfig/-/lilconfig-3.1.3.tgz 0ms (cache hit)
3041 http cache ansis@https://registry.npmjs.org/ansis/-/ansis-3.17.0.tgz 0ms (cache hit)
3042 http cache string-width@https://registry.npmjs.org/string-width/-/string-width-4.2.3.tgz 0ms (cache hit)
3043 http cache @jridgewell/resolve-uri@https://registry.npmjs.org/@jridgewell/resolve-uri/-/resolve-uri-3.1.2.tgz 0ms (cache hit)
3044 http cache clean-stack@https://registry.npmjs.org/clean-stack/-/clean-stack-3.0.1.tgz 0ms (cache hit)
3045 http cache cross-spawn@https://registry.npmjs.org/cross-spawn/-/cross-spawn-7.0.6.tgz 0ms (cache hit)
3046 http cache lodash.clonedeep@https://registry.npmjs.org/lodash.clonedeep/-/lodash.clonedeep-4.5.0.tgz 0ms (cache hit)
3047 http cache @jridgewell/sourcemap-codec@https://registry.npmjs.org/@jridgewell/sourcemap-codec/-/sourcemap-codec-1.6.0.tgz 0ms (cache hit)
3048 http cache md5@https://registry.npmjs.org/md5/-/md5-2.3.0.tgz 0ms (cache hit)
3049 http cache arg@https://registry.npmjs.org/arg/-/arg-5.0.2.tgz 0ms (cache hit)
3050 http cache remove-trailing-slash@https://registry.npmjs.org/remove-trailing-slash/-/remove-trailing-slash-0.1.1.tgz 0ms (cache hit)
3051 http cache @babel/helper-string-parser@https://registry.npmjs.org/@babel/helper-string-parser/-/helper-string-parser-7.29.7.tgz 0ms (cache hit)
3052 http cache get-package-type@https://registry.npmjs.org/get-package-type/-/get-package-type-0.1.0.tgz 0ms (cache hit)
3053 http cache @babel/helper-plugin-utils@https://registry.npmjs.org/@babel/helper-plugin-utils/-/helper-plugin-utils-7.29.7.tgz 0ms (cache hit)
3054 http cache @segment/loosely-validate-event@https://registry.npmjs.org/@segment/loosely-validate-event/-/loosely-validate-event-2.0.0.tgz 0ms (cache hit)
3055 http cache jsep@https://registry.npmjs.org/jsep/-/jsep-1.4.0.tgz 0ms (cache hit)
3056 http cache @babel/helper-globals@https://registry.npmjs.org/@babel/helper-globals/-/helper-globals-7.29.7.tgz 0ms (cache hit)
3057 http cache @expo/bunyan@https://registry.npmjs.org/@expo/bunyan/-/bunyan-4.0.1.tgz 0ms (cache hit)
3058 http cache @babel/helper-module-imports@https://registry.npmjs.org/@babel/helper-module-imports/-/helper-module-imports-7.29.7.tgz 0ms (cache hit)
3059 http cache jsesc@https://registry.npmjs.org/jsesc/-/jsesc-3.1.0.tgz 0ms (cache hit)
3060 http cache @babel/helper-validator-option@https://registry.npmjs.org/@babel/helper-validator-option/-/helper-validator-option-7.29.7.tgz 0ms (cache hit)
3061 http cache lru-cache@https://registry.npmjs.org/lru-cache/-/lru-cache-5.1.1.tgz 0ms (cache hit)
3062 http cache @babel/compat-data@https://registry.npmjs.org/@babel/compat-data/-/compat-data-7.29.7.tgz 0ms (cache hit)
3063 http cache fetch-retry@https://registry.npmjs.org/fetch-retry/-/fetch-retry-4.1.1.tgz 0ms (cache hit)
3064 http cache browserslist@https://registry.npmjs.org/browserslist/-/browserslist-4.29.3.tgz 0ms (cache hit)
3065 http cache @jridgewell/remapping@https://registry.npmjs.org/@jridgewell/remapping/-/remapping-2.3.5.tgz 0ms (cache hit)
3066 http cache @babel/types@https://registry.npmjs.org/@babel/types/-/types-7.29.8.tgz 0ms (cache hit)
3067 http cache @jridgewell/trace-mapping@https://registry.npmjs.org/@jridgewell/trace-mapping/-/trace-mapping-0.3.31.tgz 0ms (cache hit)
3068 http cache convert-source-map@https://registry.npmjs.org/convert-source-map/-/convert-source-map-2.0.0.tgz 0ms (cache hit)
3069 http cache @jridgewell/gen-mapping@https://registry.npmjs.org/@jridgewell/gen-mapping/-/gen-mapping-0.3.13.tgz 0ms (cache hit)
3070 http cache gensync@https://registry.npmjs.org/gensync/-/gensync-1.0.0-beta.2.tgz 0ms (cache hit)
3071 http cache @babel/helper-module-transforms@https://registry.npmjs.org/@babel/helper-module-transforms/-/helper-module-transforms-7.29.7.tgz 0ms (cache hit)
3072 http cache @babel/parser@https://registry.npmjs.org/@babel/parser/-/parser-7.29.9.tgz 0ms (cache hit)
3073 http cache @babel/helpers@https://registry.npmjs.org/@babel/helpers/-/helpers-7.29.10.tgz 0ms (cache hit)
3074 http cache @babel/traverse@https://registry.npmjs.org/@babel/traverse/-/traverse-7.29.10.tgz 0ms (cache hit)
3075 http cache temp-dir@https://registry.npmjs.org/temp-dir/-/temp-dir-2.0.0.tgz 0ms (cache hit)
3076 http cache @babel/helper-compilation-targets@https://registry.npmjs.org/@babel/helper-compilation-targets/-/helper-compilation-targets-7.29.7.tgz 0ms (cache hit)
3077 http cache unique-string@https://registry.npmjs.org/unique-string/-/unique-string-2.0.0.tgz 0ms (cache hit)
3078 http cache parse-png@https://registry.npmjs.org/parse-png/-/parse-png-2.1.0.tgz 0ms (cache hit)
3079 http cache @babel/generator@https://registry.npmjs.org/@babel/generator/-/generator-7.29.8.tgz 0ms (cache hit)
3080 http cache @babel/template@https://registry.npmjs.org/@babel/template/-/template-7.29.7.tgz 0ms (cache hit)
3081 http cache @babel/core@https://registry.npmjs.org/@babel/core/-/core-7.29.7.tgz 0ms (cache hit)
3082 http cache jimp-compact@https://registry.npmjs.org/jimp-compact/-/jimp-compact-0.16.1.tgz 0ms (cache hit)
3083 http cache @babel/plugin-transform-modules-commonjs@https://registry.npmjs.org/@babel/plugin-transform-modules-commonjs/-/plugin-transform-modules-commonjs-7.29.7.tgz 0ms (cache hit)
3084 http cache http-call@https://registry.npmjs.org/http-call/-/http-call-5.3.0.tgz 0ms (cache hit)
3085 http cache base64-js@https://registry.npmjs.org/base64-js/-/base64-js-1.5.1.tgz 0ms (cache hit)
3086 http cache @expo/image-utils@https://registry.npmjs.org/@expo/image-utils/-/image-utils-0.7.6.tgz 0ms (cache hit)
3087 http cache @xmldom/xmldom@https://registry.npmjs.org/@xmldom/xmldom/-/xmldom-0.8.15.tgz 0ms (cache hit)
3088 http cache multipasta@https://registry.npmjs.org/multipasta/-/multipasta-0.2.8.tgz 0ms (cache hit)
3089 http cache bunyan@https://registry.npmjs.org/bunyan/-/bunyan-1.8.15.tgz 0ms (cache hit)
3090 http cache write-file-atomic@https://registry.npmjs.org/write-file-atomic/-/write-file-atomic-2.4.3.tgz 0ms (cache hit)
3091 http cache @types/bunyan@https://registry.npmjs.org/@types/bunyan/-/bunyan-1.8.11.tgz 0ms (cache hit)
3092 http cache exec-async@https://registry.npmjs.org/exec-async/-/exec-async-2.2.0.tgz 0ms (cache hit)
3093 http cache json5@https://registry.npmjs.org/json5/-/json5-2.2.3.tgz 0ms (cache hit)
3094 http cache xmlbuilder@https://registry.npmjs.org/xmlbuilder/-/xmlbuilder-15.1.1.tgz 0ms (cache hit)
3095 http cache @react-native/normalize-colors@https://registry.npmjs.org/@react-native/normalize-colors/-/normalize-colors-0.79.6.tgz 0ms (cache hit)
3096 http cache dotenv-expand@https://registry.npmjs.org/dotenv-expand/-/dotenv-expand-11.0.7.tgz 0ms (cache hit)
3097 http cache npm-package-arg@https://registry.npmjs.org/npm-package-arg/-/npm-package-arg-11.0.3.tgz 0ms (cache hit)
3098 http cache picocolors@https://registry.npmjs.org/picocolors/-/picocolors-1.1.1.tgz 0ms (cache hit)
3099 http cache golden-fleece@https://registry.npmjs.org/golden-fleece/-/golden-fleece-1.0.9.tgz 0ms (cache hit)
3100 http cache env-string@https://registry.npmjs.org/env-string/-/env-string-1.0.1.tgz 0ms (cache hit)
3101 http cache ejs@https://registry.npmjs.org/ejs/-/ejs-3.1.10.tgz 0ms (cache hit)
3102 http cache @babel/helper-validator-identifier@https://registry.npmjs.org/@babel/helper-validator-identifier/-/helper-validator-identifier-7.29.7.tgz 0ms (cache hit)
3103 http cache xml2js@https://registry.npmjs.org/xml2js/-/xml2js-0.6.0.tgz 0ms (cache hit)
3104 http cache xcode@https://registry.npmjs.org/xcode/-/xcode-3.0.1.tgz 0ms (cache hit)
3105 http cache @expo/turtle-spawn@https://registry.npmjs.org/@expo/turtle-spawn/-/turtle-spawn-24.8.0.tgz 0ms (cache hit)
3106 http cache @babel/code-frame@https://registry.npmjs.org/@babel/code-frame/-/code-frame-7.23.5.tgz 0ms (cache hit)
3107 http cache slugify@https://registry.npmjs.org/slugify/-/slugify-1.6.9.tgz 0ms (cache hit)
3108 http cache resolve-workspace-root@https://registry.npmjs.org/resolve-workspace-root/-/resolve-workspace-root-2.0.1.tgz 0ms (cache hit)
3109 http cache @babel/highlight@https://registry.npmjs.org/@babel/highlight/-/highlight-7.25.9.tgz 0ms (cache hit)
3110 http cache js-tokens@https://registry.npmjs.org/js-tokens/-/js-tokens-4.0.0.tgz 0ms (cache hit)
3111 http cache @expo/sdk-runtime-versions@https://registry.npmjs.org/@expo/sdk-runtime-versions/-/sdk-runtime-versions-1.0.1.tgz 0ms (cache hit)
3112 http cache @expo/require-utils@https://registry.npmjs.org/@expo/require-utils/-/require-utils-55.0.8.tgz 0ms (cache hit)
3113 http cache zod@https://registry.npmjs.org/zod/-/zod-4.6.5.tgz 0ms (cache hit)
3114 http cache ws@https://registry.npmjs.org/ws/-/ws-8.21.1.tgz 0ms (cache hit)
3115 http cache yaml@https://registry.npmjs.org/yaml/-/yaml-2.6.0.tgz 0ms (cache hit)
3116 http cache @expo/config-types@https://registry.npmjs.org/@expo/config-types/-/config-types-55.0.6.tgz 0ms (cache hit)
3117 http cache untildify@https://registry.npmjs.org/untildify/-/untildify-4.0.0.tgz 0ms (cache hit)
3118 http cache uuid@https://registry.npmjs.org/uuid/-/uuid-11.1.1.tgz 0ms (cache hit)
3119 http cache ts-deepmerge@https://registry.npmjs.org/ts-deepmerge/-/ts-deepmerge-6.2.0.tgz 0ms (cache hit)
3120 http cache tslib@https://registry.npmjs.org/tslib/-/tslib-2.6.2.tgz 0ms (cache hit)
3121 http cache wrap-ansi@https://registry.npmjs.org/wrap-ansi/-/wrap-ansi-7.0.0.tgz 0ms (cache hit)
3122 http cache tar@https://registry.npmjs.org/tar/-/tar-7.5.19.tgz 0ms (cache hit)
3123 http cache turndown@https://registry.npmjs.org/turndown/-/turndown-7.1.2.tgz 0ms (cache hit)
3124 http cache semver@https://registry.npmjs.org/semver/-/semver-7.5.4.tgz 0ms (cache hit)
3125 http cache sandbox-cli-detector@https://registry.npmjs.org/sandbox-cli-detector/-/sandbox-cli-detector-0.2.0.tgz 0ms (cache hit)
3126 http cache terminal-link@https://registry.npmjs.org/terminal-link/-/terminal-link-2.1.1.tgz 0ms (cache hit)
3127 http cache resolve-from@https://registry.npmjs.org/resolve-from/-/resolve-from-5.0.0.tgz 0ms (cache hit)
3128 http cache glob@https://registry.npmjs.org/glob/-/glob-13.0.6.tgz 0ms (cache hit)
3129 http cache deepmerge@https://registry.npmjs.org/deepmerge/-/deepmerge-4.3.1.tgz 0ms (cache hit)
3130 http cache tar-stream@https://registry.npmjs.org/tar-stream/-/tar-stream-3.1.7.tgz 0ms (cache hit)
3131 http cache prompts@https://registry.npmjs.org/prompts/-/prompts-2.4.2.tgz 0ms (cache hit)
3132 http cache pkg-dir@https://registry.npmjs.org/pkg-dir/-/pkg-dir-4.2.0.tgz 0ms (cache hit)
3133 http cache ora@https://registry.npmjs.org/ora/-/ora-5.1.0.tgz 0ms (cache hit)
3134 http cache promise-limit@https://registry.npmjs.org/promise-limit/-/promise-limit-2.7.0.tgz 0ms (cache hit)
3135 http cache promise-retry@https://registry.npmjs.org/promise-retry/-/promise-retry-2.0.1.tgz 0ms (cache hit)
3136 http cache nullthrows@https://registry.npmjs.org/nullthrows/-/nullthrows-1.1.1.tgz 0ms (cache hit)
3137 http cache set-interval-async@https://registry.npmjs.org/set-interval-async/-/set-interval-async-3.0.3.tgz 0ms (cache hit)
3138 http cache pngjs@https://registry.npmjs.org/pngjs/-/pngjs-7.0.0.tgz 0ms (cache hit)
3139 http cache node-fetch@https://registry.npmjs.org/node-fetch/-/node-fetch-2.6.7.tgz 0ms (cache hit)
3140 http cache node-forge@https://registry.npmjs.org/node-forge/-/node-forge-1.4.0.tgz 0ms (cache hit)
3141 http cache open@https://registry.npmjs.org/open/-/open-8.4.0.tgz 0ms (cache hit)
3142 http cache nanoid@https://registry.npmjs.org/nanoid/-/nanoid-3.3.8.tgz 0ms (cache hit)
3143 http cache minizlib@https://registry.npmjs.org/minizlib/-/minizlib-3.1.0.tgz 0ms (cache hit)
3144 http cache joi@https://registry.npmjs.org/joi/-/joi-17.11.0.tgz 0ms (cache hit)
3145 http cache keychain@https://registry.npmjs.org/keychain/-/keychain-1.5.0.tgz 0ms (cache hit)
3146 http cache log-symbols@https://registry.npmjs.org/log-symbols/-/log-symbols-4.1.0.tgz 0ms (cache hit)
3147 http cache minimatch@https://registry.npmjs.org/minimatch/-/minimatch-5.1.2.tgz 0ms (cache hit)
3148 http cache invariant@https://registry.npmjs.org/invariant/-/invariant-2.2.4.tgz 0ms (cache hit)
3149 http cache jks-js@https://registry.npmjs.org/jks-js/-/jks-js-1.1.0.tgz 0ms (cache hit)
3150 http cache node-stream-zip@https://registry.npmjs.org/node-stream-zip/-/node-stream-zip-1.15.0.tgz 0ms (cache hit)
3151 http cache graphql-tag@https://registry.npmjs.org/graphql-tag/-/graphql-tag-2.12.6.tgz 0ms (cache hit)
3152 http cache gradle-to-js@https://registry.npmjs.org/gradle-to-js/-/gradle-to-js-2.0.1.tgz 0ms (cache hit)
3153 http cache ignore@https://registry.npmjs.org/ignore/-/ignore-5.3.0.tgz 0ms (cache hit)
3154 http cache mime@https://registry.npmjs.org/mime/-/mime-3.0.0.tgz 0ms (cache hit)
3155 http cache https-proxy-agent@https://registry.npmjs.org/https-proxy-agent/-/https-proxy-agent-7.0.6.tgz 0ms (cache hit)
3156 http cache qrcode-terminal@https://registry.npmjs.org/qrcode-terminal/-/qrcode-terminal-0.12.0.tgz 0ms (cache hit)
3157 http cache indent-string@https://registry.npmjs.org/indent-string/-/indent-string-4.0.0.tgz 0ms (cache hit)
3158 http cache fs-extra@https://registry.npmjs.org/fs-extra/-/fs-extra-11.2.0.tgz 0ms (cache hit)
3159 http cache fast-glob@https://registry.npmjs.org/fast-glob/-/fast-glob-3.3.2.tgz 0ms (cache hit)
3160 http cache fast-deep-equal@https://registry.npmjs.org/fast-deep-equal/-/fast-deep-equal-3.1.3.tgz 0ms (cache hit)
3161 http cache figures@https://registry.npmjs.org/figures/-/figures-3.2.0.tgz 0ms (cache hit)
3162 http cache form-data@https://registry.npmjs.org/form-data/-/form-data-4.0.6.tgz 0ms (cache hit)
3163 http cache getenv@https://registry.npmjs.org/getenv/-/getenv-1.0.0.tgz 0ms (cache hit)
3164 http cache envinfo@https://registry.npmjs.org/envinfo/-/envinfo-7.11.0.tgz 0ms (cache hit)
3165 http cache diff@https://registry.npmjs.org/diff/-/diff-7.0.0.tgz 0ms (cache hit)
3166 http cache debug@https://registry.npmjs.org/debug/-/debug-4.4.3.tgz 0ms (cache hit)
3167 http cache dotenv@https://registry.npmjs.org/dotenv/-/dotenv-16.3.1.tgz 0ms (cache hit)
3168 http cache cli-progress@https://registry.npmjs.org/cli-progress/-/cli-progress-3.12.0.tgz 0ms (cache hit)
3169 http cache chalk@https://registry.npmjs.org/chalk/-/chalk-4.1.2.tgz 0ms (cache hit)
3170 http cache centrifuge@https://registry.npmjs.org/centrifuge/-/centrifuge-5.7.1.tgz 0ms (cache hit)
3171 http cache better-opn@https://registry.npmjs.org/better-opn/-/better-opn-3.0.2.tgz 0ms (cache hit)
3172 http cache env-paths@https://registry.npmjs.org/env-paths/-/env-paths-2.2.0.tgz 0ms (cache hit)
3173 http cache graphql@https://registry.npmjs.org/graphql/-/graphql-16.8.1.tgz 0ms (cache hit)
3174 http cache ajv-formats@https://registry.npmjs.org/ajv-formats/-/ajv-formats-2.1.1.tgz 0ms (cache hit)
3175 http cache slash@https://registry.npmjs.org/slash/-/slash-3.0.0.tgz 0ms (cache hit)
3176 http cache @urql/exchange-retry@https://registry.npmjs.org/@urql/exchange-retry/-/exchange-retry-1.2.0.tgz 0ms (cache hit)
3177 http cache agent-cli-detector@https://registry.npmjs.org/agent-cli-detector/-/agent-cli-detector-0.1.7.tgz 0ms (cache hit)
3178 http cache @urql/core@https://registry.npmjs.org/@urql/core/-/core-4.0.11.tgz 0ms (cache hit)
3179 http cache ajv@https://registry.npmjs.org/ajv/-/ajv-8.11.0.tgz 0ms (cache hit)
3180 http cache @oclif/plugin-autocomplete@https://registry.npmjs.org/@oclif/plugin-autocomplete/-/plugin-autocomplete-3.3.0.tgz 0ms (cache hit)
3181 http cache @sentry/node@https://registry.npmjs.org/@sentry/node/-/node-7.77.0.tgz 0ms (cache hit)
3182 http cache dateformat@https://registry.npmjs.org/dateformat/-/dateformat-4.6.3.tgz 0ms (cache hit)
3183 http cache @oclif/core@https://registry.npmjs.org/@oclif/core/-/core-4.14.0.tgz 0ms (cache hit)
3184 http cache @expo/steps@https://registry.npmjs.org/@expo/steps/-/steps-24.9.0.tgz 0ms (cache hit)
3185 http cache @expo/rudder-sdk-node@https://registry.npmjs.org/@expo/rudder-sdk-node/-/rudder-sdk-node-1.1.1.tgz 0ms (cache hit)
3186 http cache @expo/results@https://registry.npmjs.org/@expo/results/-/results-1.0.0.tgz 0ms (cache hit)
3187 http cache @segment/ajv-human-errors@https://registry.npmjs.org/@segment/ajv-human-errors/-/ajv-human-errors-2.16.0.tgz 0ms (cache hit)
3188 http cache @expo/spawn-async@https://registry.npmjs.org/@expo/spawn-async/-/spawn-async-1.7.2.tgz 0ms (cache hit)
3189 http cache @expo/plugin-warn-if-update-available@https://registry.npmjs.org/@expo/plugin-warn-if-update-available/-/plugin-warn-if-update-available-2.5.1.tgz 0ms (cache hit)
3190 http cache @expo/timeago.js@https://registry.npmjs.org/@expo/timeago.js/-/timeago.js-1.0.0.tgz 0ms (cache hit)
3191 http cache @expo/pkcs12@https://registry.npmjs.org/@expo/pkcs12/-/pkcs12-0.1.3.tgz 0ms (cache hit)
3192 http cache bplist-parser@https://registry.npmjs.org/bplist-parser/-/bplist-parser-0.3.2.tgz 0ms (cache hit)
3193 http cache @expo/multipart-body-parser@https://registry.npmjs.org/@expo/multipart-body-parser/-/multipart-body-parser-2.0.0.tgz 0ms (cache hit)
3194 http cache @expo/prebuild-config@https://registry.npmjs.org/@expo/prebuild-config/-/prebuild-config-9.0.12.tgz 0ms (cache hit)
3195 http cache @expo/package-manager@https://registry.npmjs.org/@expo/package-manager/-/package-manager-1.9.10.tgz 0ms (cache hit)
3196 http cache @expo/osascript@https://registry.npmjs.org/@expo/osascript/-/osascript-2.1.4.tgz 0ms (cache hit)
3197 http cache @expo/plugin-help@https://registry.npmjs.org/@expo/plugin-help/-/plugin-help-5.1.23.tgz 0ms (cache hit)
3198 http cache @expo/plist@https://registry.npmjs.org/@expo/plist/-/plist-0.3.5.tgz 0ms (cache hit)
3199 http cache @expo/eas-build-job@https://registry.npmjs.org/@expo/eas-build-job/-/eas-build-job-24.9.0.tgz 0ms (cache hit)
3200 http cache @expo/json-file@https://registry.npmjs.org/@expo/json-file/-/json-file-8.3.3.tgz 0ms (cache hit)
3201 http cache @expo/eas-json@https://registry.npmjs.org/@expo/eas-json/-/eas-json-24.9.0.tgz 0ms (cache hit)
3202 http cache @expo/env@https://registry.npmjs.org/@expo/env/-/env-1.0.7.tgz 0ms (cache hit)
3203 http cache @expo/config-plugins@https://registry.npmjs.org/@expo/config-plugins/-/config-plugins-55.0.7.tgz 0ms (cache hit)
3204 http cache @expo/logger@https://registry.npmjs.org/@expo/logger/-/logger-24.8.0.tgz 0ms (cache hit)
3205 http cache is-docker@https://registry.npmjs.org/is-docker/-/is-docker-3.0.0.tgz 0ms (cache hit)
3206 http cache @expo/config@https://registry.npmjs.org/@expo/config/-/config-55.0.10.tgz 0ms (cache hit)
3207 http cache eas-cli@https://registry.npmjs.org/eas-cli/-/eas-cli-24.11.0.tgz 0ms (cache hit)
3208 http cache emoji-regex@https://registry.npmjs.org/emoji-regex/-/emoji-regex-9.2.2.tgz 0ms (cache hit)
3209 http cache ansi-styles@https://registry.npmjs.org/ansi-styles/-/ansi-styles-6.2.3.tgz 0ms (cache hit)
3210 http cache @expo/code-signing-certificates@https://registry.npmjs.org/@expo/code-signing-certificates/-/code-signing-certificates-0.0.5.tgz 0ms (cache hit)
3211 http cache string-width@https://registry.npmjs.org/string-width/-/string-width-5.1.2.tgz 0ms (cache hit)
3212 http cache @expo/apple-utils@https://registry.npmjs.org/@expo/apple-utils/-/apple-utils-2.2.1.tgz 0ms (cache hit)
3213 http cache signal-exit@https://registry.npmjs.org/signal-exit/-/signal-exit-4.1.0.tgz 0ms (cache hit)
3214 http cache lru-cache@https://registry.npmjs.org/lru-cache/-/lru-cache-10.4.3.tgz 0ms (cache hit)
3215 http cache wrap-ansi@https://registry.npmjs.org/wrap-ansi/-/wrap-ansi-8.1.0.tgz 0ms (cache hit)
3216 http cache path-scurry@https://registry.npmjs.org/path-scurry/-/path-scurry-1.11.1.tgz 0ms (cache hit)
3217 http cache @xmldom/xmldom@https://registry.npmjs.org/@xmldom/xmldom/-/xmldom-0.9.12.tgz 0ms (cache hit)
3218 http cache ansi-regex@https://registry.npmjs.org/ansi-regex/-/ansi-regex-6.4.0.tgz 0ms (cache hit)
3219 http cache arg@https://registry.npmjs.org/arg/-/arg-4.1.3.tgz 0ms (cache hit)
3220 http cache minimatch@https://registry.npmjs.org/minimatch/-/minimatch-9.0.9.tgz 0ms (cache hit)
3221 http cache @jridgewell/trace-mapping@https://registry.npmjs.org/@jridgewell/trace-mapping/-/trace-mapping-0.3.9.tgz 0ms (cache hit)
3222 http cache strip-ansi@https://registry.npmjs.org/strip-ansi/-/strip-ansi-7.2.0.tgz 0ms (cache hit)
3223 http cache bplist-parser@https://registry.npmjs.org/bplist-parser/-/bplist-parser-0.3.1.tgz 0ms (cache hit)
3224 http cache supports-color@https://registry.npmjs.org/supports-color/-/supports-color-7.2.0.tgz 0ms (cache hit)
3225 http cache diff@https://registry.npmjs.org/diff/-/diff-4.0.4.tgz 0ms (cache hit)
3226 http cache minimatch@https://registry.npmjs.org/minimatch/-/minimatch-3.1.5.tgz 0ms (cache hit)
3227 http cache is-wsl@https://registry.npmjs.org/is-wsl/-/is-wsl-3.1.1.tgz 0ms (cache hit)
3228 http cache glob@https://registry.npmjs.org/glob/-/glob-6.0.4.tgz 0ms (cache hit)
3229 http cache lru-cache@https://registry.npmjs.org/lru-cache/-/lru-cache-11.5.3.tgz 0ms (cache hit)
3230 http cache picomatch@https://registry.npmjs.org/picomatch/-/picomatch-4.0.7.tgz 0ms (cache hit)
3231 http cache fdir@https://registry.npmjs.org/fdir/-/fdir-6.5.0.tgz 0ms (cache hit)
3232 http cache brace-expansion@https://registry.npmjs.org/brace-expansion/-/brace-expansion-1.1.21.tgz 0ms (cache hit)
3233 http cache lru-cache@https://registry.npmjs.org/lru-cache/-/lru-cache-10.4.3.tgz 0ms (cache hit)
3234 http cache semver@https://registry.npmjs.org/semver/-/semver-6.3.1.tgz 0ms (cache hit)
3235 http cache semver@https://registry.npmjs.org/semver/-/semver-6.3.1.tgz 0ms (cache hit)
3236 http cache @babel/code-frame@https://registry.npmjs.org/@babel/code-frame/-/code-frame-7.29.7.tgz 0ms (cache hit)
3237 http cache @babel/code-frame@https://registry.npmjs.org/@babel/code-frame/-/code-frame-7.29.7.tgz 0ms (cache hit)
3238 http cache glob@https://registry.npmjs.org/glob/-/glob-10.5.0.tgz 0ms (cache hit)
3239 http cache uuid@https://registry.npmjs.org/uuid/-/uuid-8.3.2.tgz 0ms (cache hit)
3240 http cache dotenv@https://registry.npmjs.org/dotenv/-/dotenv-16.6.1.tgz 0ms (cache hit)
3241 http cache @babel/code-frame@https://registry.npmjs.org/@babel/code-frame/-/code-frame-7.29.7.tgz 0ms (cache hit)
3242 http cache supports-color@https://registry.npmjs.org/supports-color/-/supports-color-5.5.0.tgz 0ms (cache hit)
3243 http cache has-flag@https://registry.npmjs.org/has-flag/-/has-flag-3.0.0.tgz 0ms (cache hit)
3244 http cache color-convert@https://registry.npmjs.org/color-convert/-/color-convert-1.9.3.tgz 0ms (cache hit)
3245 http cache getenv@https://registry.npmjs.org/getenv/-/getenv-2.0.0.tgz 0ms (cache hit)
3246 http cache chalk@https://registry.npmjs.org/chalk/-/chalk-2.4.2.tgz 0ms (cache hit)
3247 http cache has-flag@https://registry.npmjs.org/has-flag/-/has-flag-3.0.0.tgz 0ms (cache hit)
3248 http cache color-name@https://registry.npmjs.org/color-name/-/color-name-1.1.3.tgz 0ms (cache hit)
3249 http cache color-name@https://registry.npmjs.org/color-name/-/color-name-1.1.3.tgz 0ms (cache hit)
3250 http cache ansi-styles@https://registry.npmjs.org/ansi-styles/-/ansi-styles-3.2.1.tgz 0ms (cache hit)
3251 http cache pngjs@https://registry.npmjs.org/pngjs/-/pngjs-3.4.0.tgz 0ms (cache hit)
3252 http cache semver@https://registry.npmjs.org/semver/-/semver-7.8.5.tgz 0ms (cache hit)
3253 http cache supports-color@https://registry.npmjs.org/supports-color/-/supports-color-5.5.0.tgz 0ms (cache hit)
3254 http cache uuid@https://registry.npmjs.org/uuid/-/uuid-7.0.3.tgz 0ms (cache hit)
3255 http cache escape-string-regexp@https://registry.npmjs.org/escape-string-regexp/-/escape-string-regexp-1.0.5.tgz 0ms (cache hit)
3256 http cache chalk@https://registry.npmjs.org/chalk/-/chalk-2.4.2.tgz 0ms (cache hit)
3257 http cache balanced-match@https://registry.npmjs.org/balanced-match/-/balanced-match-4.0.4.tgz 0ms (cache hit)
3258 http cache yallist@https://registry.npmjs.org/yallist/-/yallist-5.0.0.tgz 0ms (cache hit)
3259 http cache color-convert@https://registry.npmjs.org/color-convert/-/color-convert-1.9.3.tgz 0ms (cache hit)
3260 http cache lru-cache@https://registry.npmjs.org/lru-cache/-/lru-cache-6.0.0.tgz 0ms (cache hit)
3261 http cache ansi-styles@https://registry.npmjs.org/ansi-styles/-/ansi-styles-3.2.1.tgz 0ms (cache hit)
3262 http cache supports-color@https://registry.npmjs.org/supports-color/-/supports-color-7.2.0.tgz 0ms (cache hit)
3263 http cache escape-string-regexp@https://registry.npmjs.org/escape-string-regexp/-/escape-string-regexp-1.0.5.tgz 0ms (cache hit)
3264 http cache agent-base@https://registry.npmjs.org/agent-base/-/agent-base-6.0.2.tgz 0ms (cache hit)
3265 http cache brace-expansion@https://registry.npmjs.org/brace-expansion/-/brace-expansion-5.0.12.tgz 0ms (cache hit)
3266 http cache https-proxy-agent@https://registry.npmjs.org/https-proxy-agent/-/https-proxy-agent-5.0.1.tgz 0ms (cache hit)
3267 http cache yallist@https://registry.npmjs.org/yallist/-/yallist-4.0.0.tgz 0ms (cache hit)
3268 http cache escape-string-regexp@https://registry.npmjs.org/escape-string-regexp/-/escape-string-regexp-1.0.5.tgz 0ms (cache hit)
3269 http cache balanced-match@https://registry.npmjs.org/balanced-match/-/balanced-match-4.0.4.tgz 0ms (cache hit)
3270 http cache minimatch@https://registry.npmjs.org/minimatch/-/minimatch-10.2.6.tgz 0ms (cache hit)
3271 http cache xmlbuilder@https://registry.npmjs.org/xmlbuilder/-/xmlbuilder-11.0.1.tgz 0ms (cache hit)
3272 http cache joi@https://registry.npmjs.org/joi/-/joi-17.13.8.tgz 0ms (cache hit)
3273 http cache semver@https://registry.npmjs.org/semver/-/semver-7.8.5.tgz 0ms (cache hit)
3274 http cache ejs@https://registry.npmjs.org/ejs/-/ejs-6.0.1.tgz 0ms (cache hit)
3275 http cache brace-expansion@https://registry.npmjs.org/brace-expansion/-/brace-expansion-5.0.12.tgz 0ms (cache hit)
3276 http cache uuid@https://registry.npmjs.org/uuid/-/uuid-8.3.2.tgz 0ms (cache hit)
3277 http cache lru-cache@https://registry.npmjs.org/lru-cache/-/lru-cache-10.4.3.tgz 0ms (cache hit)
3278 http cache minimatch@https://registry.npmjs.org/minimatch/-/minimatch-10.2.6.tgz 0ms (cache hit)
3279 http cache path-scurry@https://registry.npmjs.org/path-scurry/-/path-scurry-1.11.1.tgz 0ms (cache hit)
3280 http cache getenv@https://registry.npmjs.org/getenv/-/getenv-2.0.0.tgz 0ms (cache hit)
3281 http cache @expo/config@https://registry.npmjs.org/@expo/config/-/config-11.0.13.tgz 0ms (cache hit)
3282 http cache minimatch@https://registry.npmjs.org/minimatch/-/minimatch-9.0.9.tgz 0ms (cache hit)
3283 http cache @expo/config-plugins@https://registry.npmjs.org/@expo/config-plugins/-/config-plugins-10.1.2.tgz 0ms (cache hit)
3284 http cache @babel/code-frame@https://registry.npmjs.org/@babel/code-frame/-/code-frame-7.10.4.tgz 0ms (cache hit)
3285 http cache @expo/json-file@https://registry.npmjs.org/@expo/json-file/-/json-file-9.1.5.tgz 0ms (cache hit)
3286 http cache semver@https://registry.npmjs.org/semver/-/semver-7.8.5.tgz 0ms (cache hit)
3287 http cache @oclif/core@https://registry.npmjs.org/@oclif/core/-/core-2.16.0.tgz 0ms (cache hit)
3288 http cache fs-extra@https://registry.npmjs.org/fs-extra/-/fs-extra-10.1.0.tgz 0ms (cache hit)
3289 http cache color-name@https://registry.npmjs.org/color-name/-/color-name-1.1.3.tgz 0ms (cache hit)
3290 http cache @expo/config-types@https://registry.npmjs.org/@expo/config-types/-/config-types-53.0.5.tgz 0ms (cache hit)
3291 http cache glob@https://registry.npmjs.org/glob/-/glob-10.5.0.tgz 0ms (cache hit)
3292 http cache @oclif/core@https://registry.npmjs.org/@oclif/core/-/core-2.16.0.tgz 0ms (cache hit)
3293 http cache has-flag@https://registry.npmjs.org/has-flag/-/has-flag-3.0.0.tgz 0ms (cache hit)
3294 http cache ansi-styles@https://registry.npmjs.org/ansi-styles/-/ansi-styles-3.2.1.tgz 0ms (cache hit)
3295 http cache restore-cursor@https://registry.npmjs.org/restore-cursor/-/restore-cursor-2.0.0.tgz 0ms (cache hit)
3296 http cache escape-string-regexp@https://registry.npmjs.org/escape-string-regexp/-/escape-string-regexp-1.0.5.tgz 0ms (cache hit)
3297 http cache supports-color@https://registry.npmjs.org/supports-color/-/supports-color-5.5.0.tgz 0ms (cache hit)
3298 http cache ansi-regex@https://registry.npmjs.org/ansi-regex/-/ansi-regex-4.1.1.tgz 0ms (cache hit)
3299 http cache strip-ansi@https://registry.npmjs.org/strip-ansi/-/strip-ansi-5.2.0.tgz 0ms (cache hit)
3300 http cache mimic-fn@https://registry.npmjs.org/mimic-fn/-/mimic-fn-1.2.0.tgz 0ms (cache hit)
3301 http cache cli-cursor@https://registry.npmjs.org/cli-cursor/-/cli-cursor-2.1.0.tgz 0ms (cache hit)
3302 http cache chalk@https://registry.npmjs.org/chalk/-/chalk-2.4.2.tgz 0ms (cache hit)
3303 http cache @expo/json-file@https://registry.npmjs.org/@expo/json-file/-/json-file-10.2.0.tgz 0ms (cache hit)
3304 http cache chalk@https://registry.npmjs.org/chalk/-/chalk-2.4.2.tgz 0ms (cache hit)
3305 http cache color-convert@https://registry.npmjs.org/color-convert/-/color-convert-1.9.3.tgz 0ms (cache hit)
3306 http cache @babel/code-frame@https://registry.npmjs.org/@babel/code-frame/-/code-frame-7.10.4.tgz 0ms (cache hit)
3307 http cache onetime@https://registry.npmjs.org/onetime/-/onetime-2.0.1.tgz 0ms (cache hit)
3308 http cache log-symbols@https://registry.npmjs.org/log-symbols/-/log-symbols-2.2.0.tgz 0ms (cache hit)
3309 http cache ora@https://registry.npmjs.org/ora/-/ora-3.4.0.tgz 0ms (cache hit)
3310 http cache getenv@https://registry.npmjs.org/getenv/-/getenv-2.0.0.tgz 0ms (cache hit)
3311 http cache dotenv@https://registry.npmjs.org/dotenv/-/dotenv-16.4.7.tgz 0ms (cache hit)
3312 http cache lru-cache@https://registry.npmjs.org/lru-cache/-/lru-cache-6.0.0.tgz 0ms (cache hit)
3313 http cache tslib@https://registry.npmjs.org/tslib/-/tslib-2.4.1.tgz 0ms (cache hit)
3314 http cache yallist@https://registry.npmjs.org/yallist/-/yallist-4.0.0.tgz 0ms (cache hit)
3315 http cache semver@https://registry.npmjs.org/semver/-/semver-7.8.5.tgz 0ms (cache hit)
3316 http cache joi@https://registry.npmjs.org/joi/-/joi-17.13.8.tgz 0ms (cache hit)
3317 http cache @babel/code-frame@https://registry.npmjs.org/@babel/code-frame/-/code-frame-7.10.4.tgz 0ms (cache hit)
3318 http cache semver@https://registry.npmjs.org/semver/-/semver-7.8.5.tgz 0ms (cache hit)
3319 http cache @expo/json-file@https://registry.npmjs.org/@expo/json-file/-/json-file-10.2.0.tgz 0ms (cache hit)
3320 http cache @expo/plist@https://registry.npmjs.org/@expo/plist/-/plist-0.5.4.tgz 0ms (cache hit)
3321 silly tarball no local data for concat-map@https://registry.npmjs.org/concat-map/-/concat-map-0.0.1.tgz. Extracting by manifest.
3322 silly tarball no local data for path-is-absolute@https://registry.npmjs.org/path-is-absolute/-/path-is-absolute-1.0.1.tgz. Extracting by manifest.
3323 silly tarball no local data for once@https://registry.npmjs.org/once/-/once-1.4.0.tgz. Extracting by manifest.
3324 silly tarball no local data for inherits@https://registry.npmjs.org/inherits/-/inherits-2.0.4.tgz. Extracting by manifest.
3325 silly tarball no local data for inflight@https://registry.npmjs.org/inflight/-/inflight-1.0.6.tgz. Extracting by manifest.
3326 silly tarball no local data for wrappy@https://registry.npmjs.org/wrappy/-/wrappy-1.0.2.tgz. Extracting by manifest.
3327 silly tarball no local data for wrap-ansi-cjs@https://registry.npmjs.org/wrap-ansi/-/wrap-ansi-7.0.0.tgz. Extracting by manifest.
3328 silly tarball no local data for strip-ansi-cjs@https://registry.npmjs.org/strip-ansi/-/strip-ansi-6.0.1.tgz. Extracting by manifest.
3329 silly tarball no local data for eastasianwidth@https://registry.npmjs.org/eastasianwidth/-/eastasianwidth-0.2.0.tgz. Extracting by manifest.
3330 silly tarball no local data for @pkgjs/parseargs@https://registry.npmjs.org/@pkgjs/parseargs/-/parseargs-0.11.0.tgz. Extracting by manifest.
3331 silly tarball no local data for @isaacs/cliui@https://registry.npmjs.org/@isaacs/cliui/-/cliui-8.0.2.tgz. Extracting by manifest.
3332 silly tarball no local data for string-width-cjs@https://registry.npmjs.org/string-width/-/string-width-4.2.3.tgz. Extracting by manifest.
3333 silly tarball no local data for jackspeak@https://registry.npmjs.org/jackspeak/-/jackspeak-3.4.3.tgz. Extracting by manifest.
3334 silly tarball no local data for foreground-child@https://registry.npmjs.org/foreground-child/-/foreground-child-3.3.1.tgz. Extracting by manifest.
3335 silly tarball no local data for object-assign@https://registry.npmjs.org/object-assign/-/object-assign-4.1.1.tgz. Extracting by manifest.
3336 silly tarball no local data for thenify-all@https://registry.npmjs.org/thenify-all/-/thenify-all-1.6.0.tgz. Extracting by manifest.
3337 silly tarball no local data for any-promise@https://registry.npmjs.org/any-promise/-/any-promise-1.3.0.tgz. Extracting by manifest.
3338 silly tarball no local data for pirates@https://registry.npmjs.org/pirates/-/pirates-4.0.7.tgz. Extracting by manifest.
3339 silly tarball no local data for mz@https://registry.npmjs.org/mz/-/mz-2.7.0.tgz. Extracting by manifest.
3340 silly tarball no local data for ts-interface-checker@https://registry.npmjs.org/ts-interface-checker/-/ts-interface-checker-0.1.13.tgz. Extracting by manifest.
3341 silly tarball no local data for lines-and-columns@https://registry.npmjs.org/lines-and-columns/-/lines-and-columns-1.2.4.tgz. Extracting by manifest.
3342 silly tarball no local data for yn@https://registry.npmjs.org/yn/-/yn-3.1.1.tgz. Extracting by manifest.
3343 silly tarball no local data for commander@https://registry.npmjs.org/commander/-/commander-4.1.1.tgz. Extracting by manifest.
3344 silly tarball no local data for thenify@https://registry.npmjs.org/thenify/-/thenify-3.3.1.tgz. Extracting by manifest.
3345 silly tarball no local data for v8-compile-cache-lib@https://registry.npmjs.org/v8-compile-cache-lib/-/v8-compile-cache-lib-3.0.1.tgz. Extracting by manifest.
3346 silly tarball no local data for sucrase@https://registry.npmjs.org/sucrase/-/sucrase-3.35.0.tgz. Extracting by manifest.
3347 silly tarball no local data for create-require@https://registry.npmjs.org/create-require/-/create-require-1.1.1.tgz. Extracting by manifest.
3348 silly tarball no local data for make-error@https://registry.npmjs.org/make-error/-/make-error-1.3.6.tgz. Extracting by manifest.
3349 silly tarball no local data for acorn@https://registry.npmjs.org/acorn/-/acorn-8.19.0.tgz. Extracting by manifest.
3350 silly tarball no local data for @tsconfig/node16@https://registry.npmjs.org/@tsconfig/node16/-/node16-1.0.4.tgz. Extracting by manifest.
3351 silly tarball no local data for @tsconfig/node14@https://registry.npmjs.org/@tsconfig/node14/-/node14-1.0.3.tgz. Extracting by manifest.
3352 silly tarball no local data for @tsconfig/node12@https://registry.npmjs.org/@tsconfig/node12/-/node12-1.0.11.tgz. Extracting by manifest.
3353 silly tarball no local data for acorn-walk@https://registry.npmjs.org/acorn-walk/-/acorn-walk-8.3.5.tgz. Extracting by manifest.
3354 silly tarball no local data for @tsconfig/node10@https://registry.npmjs.org/@tsconfig/node10/-/node10-1.0.13.tgz. Extracting by manifest.
3355 http cache getenv@https://registry.npmjs.org/getenv/-/getenv-2.0.0.tgz 0ms (cache hit)
3356 silly tarball no local data for @cspotcode/source-map-support@https://registry.npmjs.org/@cspotcode/source-map-support/-/source-map-support-0.8.1.tgz. Extracting by manifest.
3357 silly tarball no local data for sprintf-js@https://registry.npmjs.org/sprintf-js/-/sprintf-js-1.0.3.tgz. Extracting by manifest.
3358 http cache semver@https://registry.npmjs.org/semver/-/semver-7.5.2.tgz 0ms (cache hit)
3359 silly tarball no local data for astral-regex@https://registry.npmjs.org/astral-regex/-/astral-regex-2.0.0.tgz. Extracting by manifest.
3360 silly tarball no local data for esprima@https://registry.npmjs.org/esprima/-/esprima-4.0.1.tgz. Extracting by manifest.
3361 silly tarball no local data for package-json-from-dist@https://registry.npmjs.org/package-json-from-dist/-/package-json-from-dist-1.0.1.tgz. Extracting by manifest.
3362 silly tarball no local data for argparse@https://registry.npmjs.org/argparse/-/argparse-1.0.10.tgz. Extracting by manifest.
3363 silly tarball no local data for redeyed@https://registry.npmjs.org/redeyed/-/redeyed-2.1.1.tgz. Extracting by manifest.
3364 silly tarball no local data for ansicolors@https://registry.npmjs.org/ansicolors/-/ansicolors-0.3.2.tgz. Extracting by manifest.
3365 silly tarball no local data for typescript@https://registry.npmjs.org/typescript/-/typescript-5.9.3.tgz. Extracting by manifest.
3366 silly tarball no local data for array-union@https://registry.npmjs.org/array-union/-/array-union-2.1.0.tgz. Extracting by manifest.
3367 silly tarball no local data for dir-glob@https://registry.npmjs.org/dir-glob/-/dir-glob-3.0.1.tgz. Extracting by manifest.
3368 silly tarball no local data for path-type@https://registry.npmjs.org/path-type/-/path-type-4.0.0.tgz. Extracting by manifest.
3369 silly tarball no local data for slice-ansi@https://registry.npmjs.org/slice-ansi/-/slice-ansi-4.0.0.tgz. Extracting by manifest.
3370 silly tarball no local data for ts-node@https://registry.npmjs.org/ts-node/-/ts-node-10.9.2.tgz. Extracting by manifest.
3371 silly tarball no local data for object-treeify@https://registry.npmjs.org/object-treeify/-/object-treeify-1.1.33.tgz. Extracting by manifest.
3372 silly tarball no local data for natural-orderby@https://registry.npmjs.org/natural-orderby/-/natural-orderby-2.0.3.tgz. Extracting by manifest.
3373 silly tarball no local data for is-inside-container@https://registry.npmjs.org/is-inside-container/-/is-inside-container-1.0.0.tgz. Extracting by manifest.
3374 silly tarball no local data for js-yaml@https://registry.npmjs.org/js-yaml/-/js-yaml-3.15.2.tgz. Extracting by manifest.
3375 silly tarball no local data for globby@https://registry.npmjs.org/globby/-/globby-11.1.0.tgz. Extracting by manifest.
3376 silly tarball no local data for password-prompt@https://registry.npmjs.org/password-prompt/-/password-prompt-1.1.3.tgz. Extracting by manifest.
3377 silly tarball no local data for cardinal@https://registry.npmjs.org/cardinal/-/cardinal-2.1.1.tgz. Extracting by manifest.
3378 silly tarball no local data for stream-buffers@https://registry.npmjs.org/stream-buffers/-/stream-buffers-2.2.0.tgz. Extracting by manifest.
3379 silly tarball no local data for @types/cli-progress@https://registry.npmjs.org/@types/cli-progress/-/cli-progress-3.11.6.tgz. Extracting by manifest.
3380 http cache @expo/json-file@https://registry.npmjs.org/@expo/json-file/-/json-file-10.0.16.tgz 0ms (cache hit)
3381 silly tarball no local data for hyperlinker@https://registry.npmjs.org/hyperlinker/-/hyperlinker-1.0.0.tgz. Extracting by manifest.
3382 silly tarball no local data for sax@https://registry.npmjs.org/sax/-/sax-1.6.1.tgz. Extracting by manifest.
3383 silly tarball no local data for bplist-creator@https://registry.npmjs.org/bplist-creator/-/bplist-creator-0.1.0.tgz. Extracting by manifest.
3384 silly tarball no local data for imurmurhash@https://registry.npmjs.org/imurmurhash/-/imurmurhash-0.1.4.tgz. Extracting by manifest.
3385 silly tarball no local data for simple-plist@https://registry.npmjs.org/simple-plist/-/simple-plist-1.3.1.tgz. Extracting by manifest.
3386 silly tarball no local data for tr46@https://registry.npmjs.org/tr46/-/tr46-0.0.3.tgz. Extracting by manifest.
3387 silly tarball no local data for isexe@https://registry.npmjs.org/isexe/-/isexe-2.0.0.tgz. Extracting by manifest.
3388 silly tarball no local data for plist@https://registry.npmjs.org/plist/-/plist-3.1.1.tgz. Extracting by manifest.
3389 silly tarball no local data for clone@https://registry.npmjs.org/clone/-/clone-1.0.4.tgz. Extracting by manifest.
3390 silly tarball no local data for punycode@https://registry.npmjs.org/punycode/-/punycode-2.3.1.tgz. Extracting by manifest.
3391 silly tarball no local data for powershell-utils@https://registry.npmjs.org/powershell-utils/-/powershell-utils-0.1.0.tgz. Extracting by manifest.
3392 silly tarball no local data for domino@https://registry.npmjs.org/domino/-/domino-2.1.8.tgz. Extracting by manifest.
3393 silly tarball no local data for defaults@https://registry.npmjs.org/defaults/-/defaults-1.0.4.tgz. Extracting by manifest.
3394 silly tarball no local data for crypto-random-string@https://registry.npmjs.org/crypto-random-string/-/crypto-random-string-2.0.0.tgz. Extracting by manifest.
3395 silly tarball no local data for is-number@https://registry.npmjs.org/is-number/-/is-number-7.0.0.tgz. Extracting by manifest.
3396 silly tarball no local data for safe-buffer@https://registry.npmjs.org/safe-buffer/-/safe-buffer-5.2.1.tgz. Extracting by manifest.
3397 silly tarball no local data for bare-events@https://registry.npmjs.org/bare-events/-/bare-events-2.9.2.tgz. Extracting by manifest.
3398 silly tarball no local data for supports-hyperlinks@https://registry.npmjs.org/supports-hyperlinks/-/supports-hyperlinks-2.3.0.tgz. Extracting by manifest.
3399 silly tarball no local data for text-decoder@https://registry.npmjs.org/text-decoder/-/text-decoder-1.2.7.tgz. Extracting by manifest.
3400 silly tarball no local data for events-universal@https://registry.npmjs.org/events-universal/-/events-universal-1.0.1.tgz. Extracting by manifest.
3401 silly tarball no local data for escalade@https://registry.npmjs.org/escalade/-/escalade-3.2.0.tgz. Extracting by manifest.
3402 silly tarball no local data for b4a@https://registry.npmjs.org/b4a/-/b4a-1.9.0.tgz. Extracting by manifest.
3403 silly tarball no local data for @isaacs/fs-minipass@https://registry.npmjs.org/@isaacs/fs-minipass/-/fs-minipass-4.0.1.tgz. Extracting by manifest.
3404 silly tarball no local data for chownr@https://registry.npmjs.org/chownr/-/chownr-3.0.0.tgz. Extracting by manifest.
3405 silly tarball no local data for streamx@https://registry.npmjs.org/streamx/-/streamx-2.28.1.tgz. Extracting by manifest.
3406 silly tarball no local data for has-flag@https://registry.npmjs.org/has-flag/-/has-flag-4.0.0.tgz. Extracting by manifest.
3407 silly tarball no local data for shebang-regex@https://registry.npmjs.org/shebang-regex/-/shebang-regex-3.0.0.tgz. Extracting by manifest.
3408 silly tarball no local data for fast-fifo@https://registry.npmjs.org/fast-fifo/-/fast-fifo-1.3.2.tgz. Extracting by manifest.
3409 silly tarball no local data for emoji-regex@https://registry.npmjs.org/emoji-regex/-/emoji-regex-8.0.0.tgz. Extracting by manifest.
3410 silly tarball no local data for mimic-fn@https://registry.npmjs.org/mimic-fn/-/mimic-fn-2.1.0.tgz. Extracting by manifest.
3411 silly tarball no local data for is-fullwidth-code-point@https://registry.npmjs.org/is-fullwidth-code-point/-/is-fullwidth-code-point-3.0.0.tgz. Extracting by manifest.
3412 silly tarball no local data for onetime@https://registry.npmjs.org/onetime/-/onetime-5.1.2.tgz. Extracting by manifest.
3413 silly tarball no local data for @protobufjs/utf8@https://registry.npmjs.org/@protobufjs/utf8/-/utf8-1.1.2.tgz. Extracting by manifest.
3414 silly tarball no local data for long@https://registry.npmjs.org/long/-/long-5.3.2.tgz. Extracting by manifest.
3415 silly tarball no local data for queue-microtask@https://registry.npmjs.org/queue-microtask/-/queue-microtask-1.2.3.tgz. Extracting by manifest.
3416 silly tarball no local data for webidl-conversions@https://registry.npmjs.org/webidl-conversions/-/webidl-conversions-3.0.1.tgz. Extracting by manifest.
3417 silly tarball no local data for ansi-regex@https://registry.npmjs.org/ansi-regex/-/ansi-regex-5.0.1.tgz. Extracting by manifest.
3418 silly tarball no local data for @protobufjs/path@https://registry.npmjs.org/@protobufjs/path/-/path-1.1.2.tgz. Extracting by manifest.
3419 silly tarball no local data for @protobufjs/fetch@https://registry.npmjs.org/@protobufjs/fetch/-/fetch-1.1.1.tgz. Extracting by manifest.
3420 silly tarball no local data for @protobufjs/eventemitter@https://registry.npmjs.org/@protobufjs/eventemitter/-/eventemitter-1.1.1.tgz. Extracting by manifest.
3421 silly tarball no local data for @protobufjs/base64@https://registry.npmjs.org/@protobufjs/base64/-/base64-1.1.2.tgz. Extracting by manifest.
3422 silly tarball no local data for signal-exit@https://registry.npmjs.org/signal-exit/-/signal-exit-3.0.7.tgz. Extracting by manifest.
3423 silly tarball no local data for @protobufjs/aspromise@https://registry.npmjs.org/@protobufjs/aspromise/-/aspromise-1.1.2.tgz. Extracting by manifest.
3424 silly tarball no local data for kleur@https://registry.npmjs.org/kleur/-/kleur-3.0.3.tgz. Extracting by manifest.
3425 silly tarball no local data for sisteransi@https://registry.npmjs.org/sisteransi/-/sisteransi-1.0.5.tgz. Extracting by manifest.
3426 silly tarball no local data for @protobufjs/float@https://registry.npmjs.org/@protobufjs/float/-/float-1.0.2.tgz. Extracting by manifest.
3427 silly tarball no local data for p-try@https://registry.npmjs.org/p-try/-/p-try-2.2.0.tgz. Extracting by manifest.
3428 silly tarball no local data for p-limit@https://registry.npmjs.org/p-limit/-/p-limit-2.3.0.tgz. Extracting by manifest.
3429 silly tarball no local data for locate-path@https://registry.npmjs.org/locate-path/-/locate-path-5.0.0.tgz. Extracting by manifest.
3430 silly tarball no local data for err-code@https://registry.npmjs.org/err-code/-/err-code-2.0.3.tgz. Extracting by manifest.
3431 silly tarball no local data for retry@https://registry.npmjs.org/retry/-/retry-0.12.0.tgz. Extracting by manifest.
3432 silly tarball no local data for path-exists@https://registry.npmjs.org/path-exists/-/path-exists-4.0.0.tgz. Extracting by manifest.
3433 silly tarball no local data for @protobufjs/codegen@https://registry.npmjs.org/@protobufjs/codegen/-/codegen-2.0.5.tgz. Extracting by manifest.
3434 silly tarball no local data for json-parse-better-errors@https://registry.npmjs.org/json-parse-better-errors/-/json-parse-better-errors-1.0.2.tgz. Extracting by manifest.
3435 silly tarball no local data for find-up@https://registry.npmjs.org/find-up/-/find-up-4.1.0.tgz. Extracting by manifest.
3436 silly tarball no local data for wcwidth@https://registry.npmjs.org/wcwidth/-/wcwidth-1.0.1.tgz. Extracting by manifest.
3437 silly tarball no local data for error-ex@https://registry.npmjs.org/error-ex/-/error-ex-1.3.4.tgz. Extracting by manifest.
3438 silly tarball no local data for is-arrayish@https://registry.npmjs.org/is-arrayish/-/is-arrayish-0.2.1.tgz. Extracting by manifest.
3439 silly tarball no local data for strip-ansi@https://registry.npmjs.org/strip-ansi/-/strip-ansi-6.0.1.tgz. Extracting by manifest.
3440 silly tarball no local data for mute-stream@https://registry.npmjs.org/mute-stream/-/mute-stream-0.0.8.tgz. Extracting by manifest.
3441 silly tarball no local data for restore-cursor@https://registry.npmjs.org/restore-cursor/-/restore-cursor-3.1.0.tgz. Extracting by manifest.
3442 silly tarball no local data for is-interactive@https://registry.npmjs.org/is-interactive/-/is-interactive-1.0.0.tgz. Extracting by manifest.
3443 http cache getenv@https://registry.npmjs.org/getenv/-/getenv-2.0.0.tgz 0ms (cache hit)
3444 silly tarball no local data for cli-cursor@https://registry.npmjs.org/cli-cursor/-/cli-cursor-3.1.0.tgz. Extracting by manifest.
3445 silly tarball no local data for @protobufjs/pool@https://registry.npmjs.org/@protobufjs/pool/-/pool-1.1.0.tgz. Extracting by manifest.
3446 silly tarball no local data for hosted-git-info@https://registry.npmjs.org/hosted-git-info/-/hosted-git-info-7.0.2.tgz. Extracting by manifest.
3447 silly tarball no local data for proc-log@https://registry.npmjs.org/proc-log/-/proc-log-4.2.0.tgz. Extracting by manifest.
3448 silly tarball no local data for safer-buffer@https://registry.npmjs.org/safer-buffer/-/safer-buffer-2.1.2.tgz. Extracting by manifest.
3449 silly tarball no local data for define-lazy-prop@https://registry.npmjs.org/define-lazy-prop/-/define-lazy-prop-2.0.0.tgz. Extracting by manifest.
3450 silly tarball no local data for whatwg-url@https://registry.npmjs.org/whatwg-url/-/whatwg-url-5.0.0.tgz. Extracting by manifest.
3451 silly tarball no local data for rimraf@https://registry.npmjs.org/rimraf/-/rimraf-2.4.5.tgz. Extracting by manifest.
3452 silly tarball no local data for validate-npm-package-name@https://registry.npmjs.org/validate-npm-package-name/-/validate-npm-package-name-5.0.1.tgz. Extracting by manifest.
3453 silly tarball no local data for asn1@https://registry.npmjs.org/asn1/-/asn1-0.2.6.tgz. Extracting by manifest.
3454 silly tarball no local data for brace-expansion@https://registry.npmjs.org/brace-expansion/-/brace-expansion-2.1.7.tgz. Extracting by manifest.
3455 silly tarball no local data for is-docker@https://registry.npmjs.org/is-docker/-/is-docker-2.2.1.tgz. Extracting by manifest.
3456 silly tarball no local data for is-wsl@https://registry.npmjs.org/is-wsl/-/is-wsl-2.2.0.tgz. Extracting by manifest.
3457 silly tarball no local data for mime-db@https://registry.npmjs.org/mime-db/-/mime-db-1.52.0.tgz. Extracting by manifest.
3458 silly tarball no local data for fill-range@https://registry.npmjs.org/fill-range/-/fill-range-7.1.1.tgz. Extracting by manifest.
3459 silly tarball no local data for balanced-match@https://registry.npmjs.org/balanced-match/-/balanced-match-1.0.2.tgz. Extracting by manifest.
3460 silly tarball no local data for p-locate@https://registry.npmjs.org/p-locate/-/p-locate-4.1.0.tgz. Extracting by manifest.
3461 silly tarball no local data for ncp@https://registry.npmjs.org/ncp/-/ncp-2.0.0.tgz. Extracting by manifest.
3462 silly tarball no local data for mkdirp@https://registry.npmjs.org/mkdirp/-/mkdirp-0.5.6.tgz. Extracting by manifest.
3463 silly tarball no local data for to-regex-range@https://registry.npmjs.org/to-regex-range/-/to-regex-range-5.0.1.tgz. Extracting by manifest.
3464 silly tarball no local data for braces@https://registry.npmjs.org/braces/-/braces-3.0.3.tgz. Extracting by manifest.
3465 silly tarball no local data for is-buffer@https://registry.npmjs.org/is-buffer/-/is-buffer-1.1.6.tgz. Extracting by manifest.
3466 silly tarball no local data for crypt@https://registry.npmjs.org/crypt/-/crypt-0.0.2.tgz. Extracting by manifest.
3467 silly tarball no local data for charenc@https://registry.npmjs.org/charenc/-/charenc-0.0.2.tgz. Extracting by manifest.
3468 silly tarball no local data for minimist@https://registry.npmjs.org/minimist/-/minimist-1.2.8.tgz. Extracting by manifest.
3469 silly tarball no local data for yallist@https://registry.npmjs.org/yallist/-/yallist-3.1.1.tgz. Extracting by manifest.
3470 silly tarball no local data for @sideway/formula@https://registry.npmjs.org/@sideway/formula/-/formula-3.0.1.tgz. Extracting by manifest.
3471 silly tarball no local data for @hapi/topo@https://registry.npmjs.org/@hapi/topo/-/topo-5.1.0.tgz. Extracting by manifest.
3472 silly tarball no local data for node-rsa@https://registry.npmjs.org/node-rsa/-/node-rsa-1.1.1.tgz. Extracting by manifest.
3473 silly tarball no local data for @hapi/hoek@https://registry.npmjs.org/@hapi/hoek/-/hoek-9.3.0.tgz. Extracting by manifest.
3474 silly tarball no local data for picomatch@https://registry.npmjs.org/picomatch/-/picomatch-2.3.2.tgz. Extracting by manifest.
3475 silly tarball no local data for @sideway/pinpoint@https://registry.npmjs.org/@sideway/pinpoint/-/pinpoint-2.0.0.tgz. Extracting by manifest.
3476 silly tarball no local data for node-int64@https://registry.npmjs.org/node-int64/-/node-int64-0.4.0.tgz. Extracting by manifest.
3477 silly tarball no local data for tunnel-agent@https://registry.npmjs.org/tunnel-agent/-/tunnel-agent-0.6.0.tgz. Extracting by manifest.
3478 silly tarball no local data for parse-json@https://registry.npmjs.org/parse-json/-/parse-json-4.0.0.tgz. Extracting by manifest.
3479 silly tarball no local data for @sideway/address@https://registry.npmjs.org/@sideway/address/-/address-4.1.5.tgz. Extracting by manifest.
3480 silly tarball no local data for loose-envify@https://registry.npmjs.org/loose-envify/-/loose-envify-1.4.0.tgz. Extracting by manifest.
3481 silly tarball no local data for is-stream@https://registry.npmjs.org/is-stream/-/is-stream-2.0.1.tgz. Extracting by manifest.
3482 silly tarball no local data for is-extglob@https://registry.npmjs.org/is-extglob/-/is-extglob-2.1.1.tgz. Extracting by manifest.
3483 silly tarball no local data for content-type@https://registry.npmjs.org/content-type/-/content-type-1.0.5.tgz. Extracting by manifest.
3484 silly tarball no local data for lodash.merge@https://registry.npmjs.org/lodash.merge/-/lodash.merge-4.6.2.tgz. Extracting by manifest.
3485 silly tarball no local data for filelist@https://registry.npmjs.org/filelist/-/filelist-1.0.6.tgz. Extracting by manifest.
3486 silly tarball no local data for async@https://registry.npmjs.org/async/-/async-3.2.6.tgz. Extracting by manifest.
3487 silly tarball no local data for is-retry-allowed@https://registry.npmjs.org/is-retry-allowed/-/is-retry-allowed-1.2.0.tgz. Extracting by manifest.
3488 silly tarball no local data for path-scurry@https://registry.npmjs.org/path-scurry/-/path-scurry-2.0.2.tgz. Extracting by manifest.
3489 silly tarball no local data for dunder-proto@https://registry.npmjs.org/dunder-proto/-/dunder-proto-1.0.1.tgz. Extracting by manifest.
3490 silly tarball no local data for agent-base@https://registry.npmjs.org/agent-base/-/agent-base-7.1.4.tgz. Extracting by manifest.
3491 silly tarball no local data for is-glob@https://registry.npmjs.org/is-glob/-/is-glob-4.0.3.tgz. Extracting by manifest.
3492 silly tarball no local data for is-unicode-supported@https://registry.npmjs.org/is-unicode-supported/-/is-unicode-supported-0.1.0.tgz. Extracting by manifest.
3493 silly tarball no local data for gopd@https://registry.npmjs.org/gopd/-/gopd-1.2.0.tgz. Extracting by manifest.
3494 silly tarball no local data for has-symbols@https://registry.npmjs.org/has-symbols/-/has-symbols-1.1.0.tgz. Extracting by manifest.
3495 silly tarball no local data for call-bind-apply-helpers@https://registry.npmjs.org/call-bind-apply-helpers/-/call-bind-apply-helpers-1.0.2.tgz. Extracting by manifest.
3496 silly tarball no local data for function-bind@https://registry.npmjs.org/function-bind/-/function-bind-1.1.2.tgz. Extracting by manifest.
3497 silly tarball no local data for math-intrinsics@https://registry.npmjs.org/math-intrinsics/-/math-intrinsics-1.1.0.tgz. Extracting by manifest.
3498 silly tarball no local data for jsonfile@https://registry.npmjs.org/jsonfile/-/jsonfile-6.2.1.tgz. Extracting by manifest.
3499 silly tarball no local data for es-object-atoms@https://registry.npmjs.org/es-object-atoms/-/es-object-atoms-1.1.2.tgz. Extracting by manifest.
3500 silly tarball no local data for universalify@https://registry.npmjs.org/universalify/-/universalify-2.0.1.tgz. Extracting by manifest.
3501 silly tarball no local data for minipass@https://registry.npmjs.org/minipass/-/minipass-7.1.3.tgz. Extracting by manifest.
3502 silly tarball no local data for delayed-stream@https://registry.npmjs.org/delayed-stream/-/delayed-stream-1.0.0.tgz. Extracting by manifest.
3503 silly tarball no local data for es-define-property@https://registry.npmjs.org/es-define-property/-/es-define-property-1.0.1.tgz. Extracting by manifest.
3504 silly tarball no local data for es-errors@https://registry.npmjs.org/es-errors/-/es-errors-1.3.0.tgz. Extracting by manifest.
3505 silly tarball no local data for has-tostringtag@https://registry.npmjs.org/has-tostringtag/-/has-tostringtag-1.0.2.tgz. Extracting by manifest.
3506 silly tarball no local data for graceful-fs@https://registry.npmjs.org/graceful-fs/-/graceful-fs-4.2.11.tgz. Extracting by manifest.
3507 silly tarball no local data for asynckit@https://registry.npmjs.org/asynckit/-/asynckit-0.4.0.tgz. Extracting by manifest.
3508 silly tarball no local data for hasown@https://registry.npmjs.org/hasown/-/hasown-2.0.4.tgz. Extracting by manifest.
3509 silly tarball no local data for get-intrinsic@https://registry.npmjs.org/get-intrinsic/-/get-intrinsic-1.3.0.tgz. Extracting by manifest.
3510 silly tarball no local data for combined-stream@https://registry.npmjs.org/combined-stream/-/combined-stream-1.0.8.tgz. Extracting by manifest.
3511 silly tarball no local data for mime-types@https://registry.npmjs.org/mime-types/-/mime-types-2.1.35.tgz. Extracting by manifest.
3512 silly tarball no local data for reusify@https://registry.npmjs.org/reusify/-/reusify-1.1.0.tgz. Extracting by manifest.
3513 silly tarball no local data for es-set-tostringtag@https://registry.npmjs.org/es-set-tostringtag/-/es-set-tostringtag-2.1.0.tgz. Extracting by manifest.
3514 silly tarball no local data for micromatch@https://registry.npmjs.org/micromatch/-/micromatch-4.0.8.tgz. Extracting by manifest.
3515 silly tarball no local data for run-parallel@https://registry.npmjs.org/run-parallel/-/run-parallel-1.2.0.tgz. Extracting by manifest.
3516 silly tarball no local data for @nodelib/fs.scandir@https://registry.npmjs.org/@nodelib/fs.scandir/-/fs.scandir-2.1.5.tgz. Extracting by manifest.
3517 silly tarball no local data for merge2@https://registry.npmjs.org/merge2/-/merge2-1.4.1.tgz. Extracting by manifest.
3518 silly tarball no local data for glob-parent@https://registry.npmjs.org/glob-parent/-/glob-parent-5.1.2.tgz. Extracting by manifest.
3519 silly tarball no local data for @nodelib/fs.stat@https://registry.npmjs.org/@nodelib/fs.stat/-/fs.stat-2.0.5.tgz. Extracting by manifest.
3520 silly tarball no local data for jake@https://registry.npmjs.org/jake/-/jake-10.9.4.tgz. Extracting by manifest.
3521 silly tarball no local data for ms@https://registry.npmjs.org/ms/-/ms-2.1.3.tgz. Extracting by manifest.
3522 silly tarball no local data for color-name@https://registry.npmjs.org/color-name/-/color-name-1.1.4.tgz. Extracting by manifest.
3523 silly tarball no local data for fastq@https://registry.npmjs.org/fastq/-/fastq-1.20.3.tgz. Extracting by manifest.
3524 silly tarball no local data for path-key@https://registry.npmjs.org/path-key/-/path-key-3.1.1.tgz. Extracting by manifest.
3525 silly tarball no local data for nan@https://registry.npmjs.org/nan/-/nan-2.29.0.tgz. Extracting by manifest.
3526 silly tarball no local data for @nodelib/fs.walk@https://registry.npmjs.org/@nodelib/fs.walk/-/fs.walk-1.2.8.tgz. Extracting by manifest.
3527 silly tarball no local data for ansi-styles@https://registry.npmjs.org/ansi-styles/-/ansi-styles-4.3.0.tgz. Extracting by manifest.
3528 silly tarball no local data for shebang-command@https://registry.npmjs.org/shebang-command/-/shebang-command-2.0.0.tgz. Extracting by manifest.
3529 silly tarball no local data for color-convert@https://registry.npmjs.org/color-convert/-/color-convert-2.0.1.tgz. Extracting by manifest.
3530 silly tarball no local data for which@https://registry.npmjs.org/which/-/which-2.0.2.tgz. Extracting by manifest.
3531 silly tarball no local data for escape-string-regexp@https://registry.npmjs.org/escape-string-regexp/-/escape-string-regexp-4.0.0.tgz. Extracting by manifest.
3532 silly tarball no local data for protobufjs@https://registry.npmjs.org/protobufjs/-/protobufjs-7.6.6.tgz. Extracting by manifest.
3533 silly tarball no local data for safe-json-stringify@https://registry.npmjs.org/safe-json-stringify/-/safe-json-stringify-1.2.0.tgz. Extracting by manifest.
3534 silly tarball no local data for dtrace-provider@https://registry.npmjs.org/dtrace-provider/-/dtrace-provider-0.8.8.tgz. Extracting by manifest.
3535 silly tarball no local data for moment@https://registry.npmjs.org/moment/-/moment-2.31.0.tgz. Extracting by manifest.
3536 silly tarball no local data for update-browserslist-db@https://registry.npmjs.org/update-browserslist-db/-/update-browserslist-db-1.3.3.tgz. Extracting by manifest.
3537 silly tarball no local data for caniuse-lite@https://registry.npmjs.org/caniuse-lite/-/caniuse-lite-1.0.30001815.tgz. Extracting by manifest.
3538 silly tarball no local data for electron-to-chromium@https://registry.npmjs.org/electron-to-chromium/-/electron-to-chromium-1.5.449.tgz. Extracting by manifest.
3539 silly tarball no local data for mv@https://registry.npmjs.org/mv/-/mv-2.1.1.tgz. Extracting by manifest.
3540 silly tarball no local data for get-proto@https://registry.npmjs.org/get-proto/-/get-proto-1.0.1.tgz. Extracting by manifest.
3541 silly tarball no local data for baseline-browser-mapping@https://registry.npmjs.org/baseline-browser-mapping/-/baseline-browser-mapping-2.11.27.tgz. Extracting by manifest.
3542 silly tarball no local data for events@https://registry.npmjs.org/events/-/events-3.3.0.tgz. Extracting by manifest.
3543 silly tarball no local data for node-releases@https://registry.npmjs.org/node-releases/-/node-releases-2.0.57.tgz. Extracting by manifest.
3544 silly tarball no local data for @0no-co/graphql.web@https://registry.npmjs.org/@0no-co/graphql.web/-/graphql.web-1.3.4.tgz. Extracting by manifest.
3545 silly tarball no local data for json-schema-traverse@https://registry.npmjs.org/json-schema-traverse/-/json-schema-traverse-1.0.0.tgz. Extracting by manifest.
3546 silly tarball no local data for type-fest@https://registry.npmjs.org/type-fest/-/type-fest-0.21.3.tgz. Extracting by manifest.
3547 silly tarball no local data for wonka@https://registry.npmjs.org/wonka/-/wonka-6.3.6.tgz. Extracting by manifest.
3548 silly tarball no local data for @types/node@https://registry.npmjs.org/@types/node/-/node-26.6.4.tgz. Extracting by manifest.
3549 silly tarball no local data for big-integer@https://registry.npmjs.org/big-integer/-/big-integer-1.6.52.tgz. Extracting by manifest.
3550 silly tarball no local data for join-component@https://registry.npmjs.org/join-component/-/join-component-1.1.0.tgz. Extracting by manifest.
3551 silly tarball no local data for @sentry/utils@https://registry.npmjs.org/@sentry/utils/-/utils-7.77.0.tgz. Extracting by manifest.
3552 silly tarball no local data for @sentry-internal/tracing@https://registry.npmjs.org/@sentry-internal/tracing/-/tracing-7.77.0.tgz. Extracting by manifest.
3553 silly tarball no local data for @sentry/types@https://registry.npmjs.org/@sentry/types/-/types-7.77.0.tgz. Extracting by manifest.
3554 silly tarball no local data for component-type@https://registry.npmjs.org/component-type/-/component-type-1.2.2.tgz. Extracting by manifest.
3555 silly tarball no local data for wsl-utils@https://registry.npmjs.org/wsl-utils/-/wsl-utils-0.4.0.tgz. Extracting by manifest.
3556 silly tarball no local data for @sentry/core@https://registry.npmjs.org/@sentry/core/-/core-7.77.0.tgz. Extracting by manifest.
3557 silly tarball no local data for undici-types@https://registry.npmjs.org/undici-types/-/undici-types-8.9.0.tgz. Extracting by manifest.
3558 silly tarball no local data for uri-js@https://registry.npmjs.org/uri-js/-/uri-js-4.4.1.tgz. Extracting by manifest.
3559 silly tarball no local data for supports-color@https://registry.npmjs.org/supports-color/-/supports-color-8.1.1.tgz. Extracting by manifest.
3560 silly tarball no local data for tinyglobby@https://registry.npmjs.org/tinyglobby/-/tinyglobby-0.2.17.tgz. Extracting by manifest.
3561 silly tarball no local data for wordwrap@https://registry.npmjs.org/wordwrap/-/wordwrap-1.0.0.tgz. Extracting by manifest.
3562 silly tarball no local data for require-from-string@https://registry.npmjs.org/require-from-string/-/require-from-string-2.0.2.tgz. Extracting by manifest.
3563 silly tarball no local data for widest-line@https://registry.npmjs.org/widest-line/-/widest-line-3.1.0.tgz. Extracting by manifest.
3564 silly tarball no local data for ansi-escapes@https://registry.npmjs.org/ansi-escapes/-/ansi-escapes-4.3.2.tgz. Extracting by manifest.
3565 silly tarball no local data for cli-spinners@https://registry.npmjs.org/cli-spinners/-/cli-spinners-2.9.2.tgz. Extracting by manifest.
3566 silly tarball no local data for lilconfig@https://registry.npmjs.org/lilconfig/-/lilconfig-3.1.3.tgz. Extracting by manifest.
3567 silly tarball no local data for ansis@https://registry.npmjs.org/ansis/-/ansis-3.17.0.tgz. Extracting by manifest.
3568 silly tarball no local data for string-width@https://registry.npmjs.org/string-width/-/string-width-4.2.3.tgz. Extracting by manifest.
3569 silly tarball no local data for @jridgewell/resolve-uri@https://registry.npmjs.org/@jridgewell/resolve-uri/-/resolve-uri-3.1.2.tgz. Extracting by manifest.
3570 silly tarball no local data for clean-stack@https://registry.npmjs.org/clean-stack/-/clean-stack-3.0.1.tgz. Extracting by manifest.
3571 silly tarball no local data for cross-spawn@https://registry.npmjs.org/cross-spawn/-/cross-spawn-7.0.6.tgz. Extracting by manifest.
3572 silly tarball no local data for lodash.clonedeep@https://registry.npmjs.org/lodash.clonedeep/-/lodash.clonedeep-4.5.0.tgz. Extracting by manifest.
3573 silly tarball no local data for @jridgewell/sourcemap-codec@https://registry.npmjs.org/@jridgewell/sourcemap-codec/-/sourcemap-codec-1.6.0.tgz. Extracting by manifest.
3574 silly tarball no local data for md5@https://registry.npmjs.org/md5/-/md5-2.3.0.tgz. Extracting by manifest.
3575 silly tarball no local data for arg@https://registry.npmjs.org/arg/-/arg-5.0.2.tgz. Extracting by manifest.
3576 silly tarball no local data for remove-trailing-slash@https://registry.npmjs.org/remove-trailing-slash/-/remove-trailing-slash-0.1.1.tgz. Extracting by manifest.
3577 silly tarball no local data for @babel/helper-string-parser@https://registry.npmjs.org/@babel/helper-string-parser/-/helper-string-parser-7.29.7.tgz. Extracting by manifest.
3578 silly tarball no local data for get-package-type@https://registry.npmjs.org/get-package-type/-/get-package-type-0.1.0.tgz. Extracting by manifest.
3579 silly tarball no local data for @babel/helper-plugin-utils@https://registry.npmjs.org/@babel/helper-plugin-utils/-/helper-plugin-utils-7.29.7.tgz. Extracting by manifest.
3580 silly tarball no local data for @segment/loosely-validate-event@https://registry.npmjs.org/@segment/loosely-validate-event/-/loosely-validate-event-2.0.0.tgz. Extracting by manifest.
3581 silly tarball no local data for jsep@https://registry.npmjs.org/jsep/-/jsep-1.4.0.tgz. Extracting by manifest.
3582 silly tarball no local data for @babel/helper-globals@https://registry.npmjs.org/@babel/helper-globals/-/helper-globals-7.29.7.tgz. Extracting by manifest.
3583 silly tarball no local data for @expo/bunyan@https://registry.npmjs.org/@expo/bunyan/-/bunyan-4.0.1.tgz. Extracting by manifest.
3584 silly tarball no local data for @babel/helper-module-imports@https://registry.npmjs.org/@babel/helper-module-imports/-/helper-module-imports-7.29.7.tgz. Extracting by manifest.
3585 silly tarball no local data for jsesc@https://registry.npmjs.org/jsesc/-/jsesc-3.1.0.tgz. Extracting by manifest.
3586 silly tarball no local data for @babel/helper-validator-option@https://registry.npmjs.org/@babel/helper-validator-option/-/helper-validator-option-7.29.7.tgz. Extracting by manifest.
3587 silly tarball no local data for lru-cache@https://registry.npmjs.org/lru-cache/-/lru-cache-5.1.1.tgz. Extracting by manifest.
3588 silly tarball no local data for @babel/compat-data@https://registry.npmjs.org/@babel/compat-data/-/compat-data-7.29.7.tgz. Extracting by manifest.
3589 silly tarball no local data for fetch-retry@https://registry.npmjs.org/fetch-retry/-/fetch-retry-4.1.1.tgz. Extracting by manifest.
3590 silly tarball no local data for browserslist@https://registry.npmjs.org/browserslist/-/browserslist-4.29.3.tgz. Extracting by manifest.
3591 silly tarball no local data for @jridgewell/remapping@https://registry.npmjs.org/@jridgewell/remapping/-/remapping-2.3.5.tgz. Extracting by manifest.
3592 silly tarball no local data for @babel/types@https://registry.npmjs.org/@babel/types/-/types-7.29.8.tgz. Extracting by manifest.
3593 silly tarball no local data for @jridgewell/trace-mapping@https://registry.npmjs.org/@jridgewell/trace-mapping/-/trace-mapping-0.3.31.tgz. Extracting by manifest.
3594 silly tarball no local data for convert-source-map@https://registry.npmjs.org/convert-source-map/-/convert-source-map-2.0.0.tgz. Extracting by manifest.
3595 silly tarball no local data for @jridgewell/gen-mapping@https://registry.npmjs.org/@jridgewell/gen-mapping/-/gen-mapping-0.3.13.tgz. Extracting by manifest.
3596 silly tarball no local data for gensync@https://registry.npmjs.org/gensync/-/gensync-1.0.0-beta.2.tgz. Extracting by manifest.
3597 silly tarball no local data for @babel/helper-module-transforms@https://registry.npmjs.org/@babel/helper-module-transforms/-/helper-module-transforms-7.29.7.tgz. Extracting by manifest.
3598 silly tarball no local data for @babel/parser@https://registry.npmjs.org/@babel/parser/-/parser-7.29.9.tgz. Extracting by manifest.
3599 silly tarball no local data for @babel/helpers@https://registry.npmjs.org/@babel/helpers/-/helpers-7.29.10.tgz. Extracting by manifest.
3600 silly tarball no local data for @babel/traverse@https://registry.npmjs.org/@babel/traverse/-/traverse-7.29.10.tgz. Extracting by manifest.
3601 silly tarball no local data for temp-dir@https://registry.npmjs.org/temp-dir/-/temp-dir-2.0.0.tgz. Extracting by manifest.
3602 silly tarball no local data for @babel/helper-compilation-targets@https://registry.npmjs.org/@babel/helper-compilation-targets/-/helper-compilation-targets-7.29.7.tgz. Extracting by manifest.
3603 silly tarball no local data for unique-string@https://registry.npmjs.org/unique-string/-/unique-string-2.0.0.tgz. Extracting by manifest.
3604 silly tarball no local data for parse-png@https://registry.npmjs.org/parse-png/-/parse-png-2.1.0.tgz. Extracting by manifest.
3605 silly tarball no local data for @babel/generator@https://registry.npmjs.org/@babel/generator/-/generator-7.29.8.tgz. Extracting by manifest.
3606 silly tarball no local data for @babel/template@https://registry.npmjs.org/@babel/template/-/template-7.29.7.tgz. Extracting by manifest.
3607 silly tarball no local data for @babel/core@https://registry.npmjs.org/@babel/core/-/core-7.29.7.tgz. Extracting by manifest.
3608 silly tarball no local data for jimp-compact@https://registry.npmjs.org/jimp-compact/-/jimp-compact-0.16.1.tgz. Extracting by manifest.
3609 silly tarball no local data for @babel/plugin-transform-modules-commonjs@https://registry.npmjs.org/@babel/plugin-transform-modules-commonjs/-/plugin-transform-modules-commonjs-7.29.7.tgz. Extracting by manifest.
3610 silly tarball no local data for http-call@https://registry.npmjs.org/http-call/-/http-call-5.3.0.tgz. Extracting by manifest.
3611 silly tarball no local data for base64-js@https://registry.npmjs.org/base64-js/-/base64-js-1.5.1.tgz. Extracting by manifest.
3612 silly tarball no local data for @expo/image-utils@https://registry.npmjs.org/@expo/image-utils/-/image-utils-0.7.6.tgz. Extracting by manifest.
3613 silly tarball no local data for @xmldom/xmldom@https://registry.npmjs.org/@xmldom/xmldom/-/xmldom-0.8.15.tgz. Extracting by manifest.
3614 silly tarball no local data for multipasta@https://registry.npmjs.org/multipasta/-/multipasta-0.2.8.tgz. Extracting by manifest.
3615 silly tarball no local data for bunyan@https://registry.npmjs.org/bunyan/-/bunyan-1.8.15.tgz. Extracting by manifest.
3616 silly tarball no local data for write-file-atomic@https://registry.npmjs.org/write-file-atomic/-/write-file-atomic-2.4.3.tgz. Extracting by manifest.
3617 silly tarball no local data for @types/bunyan@https://registry.npmjs.org/@types/bunyan/-/bunyan-1.8.11.tgz. Extracting by manifest.
3618 silly tarball no local data for exec-async@https://registry.npmjs.org/exec-async/-/exec-async-2.2.0.tgz. Extracting by manifest.
3619 silly tarball no local data for json5@https://registry.npmjs.org/json5/-/json5-2.2.3.tgz. Extracting by manifest.
3620 silly tarball no local data for xmlbuilder@https://registry.npmjs.org/xmlbuilder/-/xmlbuilder-15.1.1.tgz. Extracting by manifest.
3621 silly tarball no local data for @react-native/normalize-colors@https://registry.npmjs.org/@react-native/normalize-colors/-/normalize-colors-0.79.6.tgz. Extracting by manifest.
3622 silly tarball no local data for dotenv-expand@https://registry.npmjs.org/dotenv-expand/-/dotenv-expand-11.0.7.tgz. Extracting by manifest.
3623 silly tarball no local data for npm-package-arg@https://registry.npmjs.org/npm-package-arg/-/npm-package-arg-11.0.3.tgz. Extracting by manifest.
3624 silly tarball no local data for picocolors@https://registry.npmjs.org/picocolors/-/picocolors-1.1.1.tgz. Extracting by manifest.
3625 silly tarball no local data for golden-fleece@https://registry.npmjs.org/golden-fleece/-/golden-fleece-1.0.9.tgz. Extracting by manifest.
3626 silly tarball no local data for env-string@https://registry.npmjs.org/env-string/-/env-string-1.0.1.tgz. Extracting by manifest.
3627 silly tarball no local data for ejs@https://registry.npmjs.org/ejs/-/ejs-3.1.10.tgz. Extracting by manifest.
3628 silly tarball no local data for @babel/helper-validator-identifier@https://registry.npmjs.org/@babel/helper-validator-identifier/-/helper-validator-identifier-7.29.7.tgz. Extracting by manifest.
3629 silly tarball no local data for xml2js@https://registry.npmjs.org/xml2js/-/xml2js-0.6.0.tgz. Extracting by manifest.
3630 silly tarball no local data for xcode@https://registry.npmjs.org/xcode/-/xcode-3.0.1.tgz. Extracting by manifest.
3631 silly tarball no local data for @expo/turtle-spawn@https://registry.npmjs.org/@expo/turtle-spawn/-/turtle-spawn-24.8.0.tgz. Extracting by manifest.
3632 silly tarball no local data for @babel/code-frame@https://registry.npmjs.org/@babel/code-frame/-/code-frame-7.23.5.tgz. Extracting by manifest.
3633 silly tarball no local data for slugify@https://registry.npmjs.org/slugify/-/slugify-1.6.9.tgz. Extracting by manifest.
3634 silly tarball no local data for resolve-workspace-root@https://registry.npmjs.org/resolve-workspace-root/-/resolve-workspace-root-2.0.1.tgz. Extracting by manifest.
3635 silly tarball no local data for @babel/highlight@https://registry.npmjs.org/@babel/highlight/-/highlight-7.25.9.tgz. Extracting by manifest.
3636 silly tarball no local data for js-tokens@https://registry.npmjs.org/js-tokens/-/js-tokens-4.0.0.tgz. Extracting by manifest.
3637 silly tarball no local data for @expo/sdk-runtime-versions@https://registry.npmjs.org/@expo/sdk-runtime-versions/-/sdk-runtime-versions-1.0.1.tgz. Extracting by manifest.
3638 silly tarball no local data for @expo/require-utils@https://registry.npmjs.org/@expo/require-utils/-/require-utils-55.0.8.tgz. Extracting by manifest.
3639 silly tarball no local data for zod@https://registry.npmjs.org/zod/-/zod-4.6.5.tgz. Extracting by manifest.
3640 silly tarball no local data for ws@https://registry.npmjs.org/ws/-/ws-8.21.1.tgz. Extracting by manifest.
3641 silly tarball no local data for yaml@https://registry.npmjs.org/yaml/-/yaml-2.6.0.tgz. Extracting by manifest.
3642 silly tarball no local data for @expo/config-types@https://registry.npmjs.org/@expo/config-types/-/config-types-55.0.6.tgz. Extracting by manifest.
3643 silly tarball no local data for untildify@https://registry.npmjs.org/untildify/-/untildify-4.0.0.tgz. Extracting by manifest.
3644 silly tarball no local data for uuid@https://registry.npmjs.org/uuid/-/uuid-11.1.1.tgz. Extracting by manifest.
3645 silly tarball no local data for ts-deepmerge@https://registry.npmjs.org/ts-deepmerge/-/ts-deepmerge-6.2.0.tgz. Extracting by manifest.
3646 silly tarball no local data for tslib@https://registry.npmjs.org/tslib/-/tslib-2.6.2.tgz. Extracting by manifest.
3647 silly tarball no local data for wrap-ansi@https://registry.npmjs.org/wrap-ansi/-/wrap-ansi-7.0.0.tgz. Extracting by manifest.
3648 silly tarball no local data for turndown@https://registry.npmjs.org/turndown/-/turndown-7.1.2.tgz. Extracting by manifest.
3649 silly tarball no local data for terminal-link@https://registry.npmjs.org/terminal-link/-/terminal-link-2.1.1.tgz. Extracting by manifest.
3650 silly tarball no local data for sandbox-cli-detector@https://registry.npmjs.org/sandbox-cli-detector/-/sandbox-cli-detector-0.2.0.tgz. Extracting by manifest.
3651 silly tarball no local data for glob@https://registry.npmjs.org/glob/-/glob-13.0.6.tgz. Extracting by manifest.
3652 silly tarball no local data for resolve-from@https://registry.npmjs.org/resolve-from/-/resolve-from-5.0.0.tgz. Extracting by manifest.
3653 silly tarball no local data for deepmerge@https://registry.npmjs.org/deepmerge/-/deepmerge-4.3.1.tgz. Extracting by manifest.
3654 silly tarball no local data for tar@https://registry.npmjs.org/tar/-/tar-7.5.19.tgz. Extracting by manifest.
3655 silly tarball no local data for tar-stream@https://registry.npmjs.org/tar-stream/-/tar-stream-3.1.7.tgz. Extracting by manifest.
3656 silly tarball no local data for prompts@https://registry.npmjs.org/prompts/-/prompts-2.4.2.tgz. Extracting by manifest.
3657 silly tarball no local data for pkg-dir@https://registry.npmjs.org/pkg-dir/-/pkg-dir-4.2.0.tgz. Extracting by manifest.
3658 silly tarball no local data for ora@https://registry.npmjs.org/ora/-/ora-5.1.0.tgz. Extracting by manifest.
3659 silly tarball no local data for promise-limit@https://registry.npmjs.org/promise-limit/-/promise-limit-2.7.0.tgz. Extracting by manifest.
3660 silly tarball no local data for promise-retry@https://registry.npmjs.org/promise-retry/-/promise-retry-2.0.1.tgz. Extracting by manifest.
3661 silly tarball no local data for nullthrows@https://registry.npmjs.org/nullthrows/-/nullthrows-1.1.1.tgz. Extracting by manifest.
3662 silly tarball no local data for set-interval-async@https://registry.npmjs.org/set-interval-async/-/set-interval-async-3.0.3.tgz. Extracting by manifest.
3663 silly tarball no local data for pngjs@https://registry.npmjs.org/pngjs/-/pngjs-7.0.0.tgz. Extracting by manifest.
3664 silly tarball no local data for node-fetch@https://registry.npmjs.org/node-fetch/-/node-fetch-2.6.7.tgz. Extracting by manifest.
3665 silly tarball no local data for node-forge@https://registry.npmjs.org/node-forge/-/node-forge-1.4.0.tgz. Extracting by manifest.
3666 silly tarball no local data for open@https://registry.npmjs.org/open/-/open-8.4.0.tgz. Extracting by manifest.
3667 silly tarball no local data for semver@https://registry.npmjs.org/semver/-/semver-7.5.4.tgz. Extracting by manifest.
3668 silly tarball no local data for nanoid@https://registry.npmjs.org/nanoid/-/nanoid-3.3.8.tgz. Extracting by manifest.
3669 silly tarball no local data for minizlib@https://registry.npmjs.org/minizlib/-/minizlib-3.1.0.tgz. Extracting by manifest.
3670 silly tarball no local data for joi@https://registry.npmjs.org/joi/-/joi-17.11.0.tgz. Extracting by manifest.
3671 silly tarball no local data for keychain@https://registry.npmjs.org/keychain/-/keychain-1.5.0.tgz. Extracting by manifest.
3672 silly tarball no local data for log-symbols@https://registry.npmjs.org/log-symbols/-/log-symbols-4.1.0.tgz. Extracting by manifest.
3673 silly tarball no local data for minimatch@https://registry.npmjs.org/minimatch/-/minimatch-5.1.2.tgz. Extracting by manifest.
3674 silly tarball no local data for invariant@https://registry.npmjs.org/invariant/-/invariant-2.2.4.tgz. Extracting by manifest.
3675 silly tarball no local data for jks-js@https://registry.npmjs.org/jks-js/-/jks-js-1.1.0.tgz. Extracting by manifest.
3676 silly tarball no local data for node-stream-zip@https://registry.npmjs.org/node-stream-zip/-/node-stream-zip-1.15.0.tgz. Extracting by manifest.
3677 silly tarball no local data for graphql-tag@https://registry.npmjs.org/graphql-tag/-/graphql-tag-2.12.6.tgz. Extracting by manifest.
3678 silly tarball no local data for gradle-to-js@https://registry.npmjs.org/gradle-to-js/-/gradle-to-js-2.0.1.tgz. Extracting by manifest.
3679 silly tarball no local data for ignore@https://registry.npmjs.org/ignore/-/ignore-5.3.0.tgz. Extracting by manifest.
3680 silly tarball no local data for mime@https://registry.npmjs.org/mime/-/mime-3.0.0.tgz. Extracting by manifest.
3681 silly tarball no local data for https-proxy-agent@https://registry.npmjs.org/https-proxy-agent/-/https-proxy-agent-7.0.6.tgz. Extracting by manifest.
3682 silly tarball no local data for qrcode-terminal@https://registry.npmjs.org/qrcode-terminal/-/qrcode-terminal-0.12.0.tgz. Extracting by manifest.
3683 silly tarball no local data for indent-string@https://registry.npmjs.org/indent-string/-/indent-string-4.0.0.tgz. Extracting by manifest.
3684 silly tarball no local data for fs-extra@https://registry.npmjs.org/fs-extra/-/fs-extra-11.2.0.tgz. Extracting by manifest.
3685 silly tarball no local data for fast-glob@https://registry.npmjs.org/fast-glob/-/fast-glob-3.3.2.tgz. Extracting by manifest.
3686 silly tarball no local data for fast-deep-equal@https://registry.npmjs.org/fast-deep-equal/-/fast-deep-equal-3.1.3.tgz. Extracting by manifest.
3687 silly tarball no local data for figures@https://registry.npmjs.org/figures/-/figures-3.2.0.tgz. Extracting by manifest.
3688 silly tarball no local data for form-data@https://registry.npmjs.org/form-data/-/form-data-4.0.6.tgz. Extracting by manifest.
3689 silly tarball no local data for getenv@https://registry.npmjs.org/getenv/-/getenv-1.0.0.tgz. Extracting by manifest.
3690 silly tarball no local data for envinfo@https://registry.npmjs.org/envinfo/-/envinfo-7.11.0.tgz. Extracting by manifest.
3691 silly tarball no local data for diff@https://registry.npmjs.org/diff/-/diff-7.0.0.tgz. Extracting by manifest.
3692 silly tarball no local data for debug@https://registry.npmjs.org/debug/-/debug-4.4.3.tgz. Extracting by manifest.
3693 silly tarball no local data for dotenv@https://registry.npmjs.org/dotenv/-/dotenv-16.3.1.tgz. Extracting by manifest.
3694 silly tarball no local data for cli-progress@https://registry.npmjs.org/cli-progress/-/cli-progress-3.12.0.tgz. Extracting by manifest.
3695 silly tarball no local data for chalk@https://registry.npmjs.org/chalk/-/chalk-4.1.2.tgz. Extracting by manifest.
3696 silly tarball no local data for centrifuge@https://registry.npmjs.org/centrifuge/-/centrifuge-5.7.1.tgz. Extracting by manifest.
3697 silly tarball no local data for better-opn@https://registry.npmjs.org/better-opn/-/better-opn-3.0.2.tgz. Extracting by manifest.
3698 silly tarball no local data for env-paths@https://registry.npmjs.org/env-paths/-/env-paths-2.2.0.tgz. Extracting by manifest.
3699 silly tarball no local data for graphql@https://registry.npmjs.org/graphql/-/graphql-16.8.1.tgz. Extracting by manifest.
3700 silly tarball no local data for ajv-formats@https://registry.npmjs.org/ajv-formats/-/ajv-formats-2.1.1.tgz. Extracting by manifest.
3701 silly tarball no local data for slash@https://registry.npmjs.org/slash/-/slash-3.0.0.tgz. Extracting by manifest.
3702 silly tarball no local data for @urql/exchange-retry@https://registry.npmjs.org/@urql/exchange-retry/-/exchange-retry-1.2.0.tgz. Extracting by manifest.
3703 silly tarball no local data for agent-cli-detector@https://registry.npmjs.org/agent-cli-detector/-/agent-cli-detector-0.1.7.tgz. Extracting by manifest.
3704 silly tarball no local data for @urql/core@https://registry.npmjs.org/@urql/core/-/core-4.0.11.tgz. Extracting by manifest.
3705 silly tarball no local data for ajv@https://registry.npmjs.org/ajv/-/ajv-8.11.0.tgz. Extracting by manifest.
3706 silly tarball no local data for @oclif/plugin-autocomplete@https://registry.npmjs.org/@oclif/plugin-autocomplete/-/plugin-autocomplete-3.3.0.tgz. Extracting by manifest.
3707 silly tarball no local data for @sentry/node@https://registry.npmjs.org/@sentry/node/-/node-7.77.0.tgz. Extracting by manifest.
3708 silly tarball no local data for dateformat@https://registry.npmjs.org/dateformat/-/dateformat-4.6.3.tgz. Extracting by manifest.
3709 silly tarball no local data for @oclif/core@https://registry.npmjs.org/@oclif/core/-/core-4.14.0.tgz. Extracting by manifest.
3710 silly tarball no local data for @expo/steps@https://registry.npmjs.org/@expo/steps/-/steps-24.9.0.tgz. Extracting by manifest.
3711 silly tarball no local data for @expo/rudder-sdk-node@https://registry.npmjs.org/@expo/rudder-sdk-node/-/rudder-sdk-node-1.1.1.tgz. Extracting by manifest.
3712 silly tarball no local data for @expo/results@https://registry.npmjs.org/@expo/results/-/results-1.0.0.tgz. Extracting by manifest.
3713 silly tarball no local data for @segment/ajv-human-errors@https://registry.npmjs.org/@segment/ajv-human-errors/-/ajv-human-errors-2.16.0.tgz. Extracting by manifest.
3714 silly tarball no local data for @expo/spawn-async@https://registry.npmjs.org/@expo/spawn-async/-/spawn-async-1.7.2.tgz. Extracting by manifest.
3715 silly tarball no local data for @expo/plugin-warn-if-update-available@https://registry.npmjs.org/@expo/plugin-warn-if-update-available/-/plugin-warn-if-update-available-2.5.1.tgz. Extracting by manifest.
3716 silly tarball no local data for @expo/timeago.js@https://registry.npmjs.org/@expo/timeago.js/-/timeago.js-1.0.0.tgz. Extracting by manifest.
3717 silly tarball no local data for @expo/pkcs12@https://registry.npmjs.org/@expo/pkcs12/-/pkcs12-0.1.3.tgz. Extracting by manifest.
3718 silly tarball no local data for bplist-parser@https://registry.npmjs.org/bplist-parser/-/bplist-parser-0.3.2.tgz. Extracting by manifest.
3719 silly tarball no local data for @expo/multipart-body-parser@https://registry.npmjs.org/@expo/multipart-body-parser/-/multipart-body-parser-2.0.0.tgz. Extracting by manifest.
3720 silly tarball no local data for @expo/prebuild-config@https://registry.npmjs.org/@expo/prebuild-config/-/prebuild-config-9.0.12.tgz. Extracting by manifest.
3721 silly tarball no local data for @expo/package-manager@https://registry.npmjs.org/@expo/package-manager/-/package-manager-1.9.10.tgz. Extracting by manifest.
3722 silly tarball no local data for @expo/osascript@https://registry.npmjs.org/@expo/osascript/-/osascript-2.1.4.tgz. Extracting by manifest.
3723 silly tarball no local data for @expo/plugin-help@https://registry.npmjs.org/@expo/plugin-help/-/plugin-help-5.1.23.tgz. Extracting by manifest.
3724 silly tarball no local data for @expo/plist@https://registry.npmjs.org/@expo/plist/-/plist-0.3.5.tgz. Extracting by manifest.
3725 silly tarball no local data for @expo/eas-build-job@https://registry.npmjs.org/@expo/eas-build-job/-/eas-build-job-24.9.0.tgz. Extracting by manifest.
3726 silly tarball no local data for @expo/json-file@https://registry.npmjs.org/@expo/json-file/-/json-file-8.3.3.tgz. Extracting by manifest.
3727 silly tarball no local data for @expo/eas-json@https://registry.npmjs.org/@expo/eas-json/-/eas-json-24.9.0.tgz. Extracting by manifest.
3728 silly tarball no local data for @expo/env@https://registry.npmjs.org/@expo/env/-/env-1.0.7.tgz. Extracting by manifest.
3729 silly tarball no local data for @expo/config-plugins@https://registry.npmjs.org/@expo/config-plugins/-/config-plugins-55.0.7.tgz. Extracting by manifest.
3730 silly tarball no local data for @expo/logger@https://registry.npmjs.org/@expo/logger/-/logger-24.8.0.tgz. Extracting by manifest.
3731 silly tarball no local data for is-docker@https://registry.npmjs.org/is-docker/-/is-docker-3.0.0.tgz. Extracting by manifest.
3732 silly tarball no local data for @expo/config@https://registry.npmjs.org/@expo/config/-/config-55.0.10.tgz. Extracting by manifest.
3733 silly tarball no local data for eas-cli@https://registry.npmjs.org/eas-cli/-/eas-cli-24.11.0.tgz. Extracting by manifest.
3734 silly tarball no local data for emoji-regex@https://registry.npmjs.org/emoji-regex/-/emoji-regex-9.2.2.tgz. Extracting by manifest.
3735 silly tarball no local data for ansi-styles@https://registry.npmjs.org/ansi-styles/-/ansi-styles-6.2.3.tgz. Extracting by manifest.
3736 silly tarball no local data for @expo/code-signing-certificates@https://registry.npmjs.org/@expo/code-signing-certificates/-/code-signing-certificates-0.0.5.tgz. Extracting by manifest.
3737 silly tarball no local data for string-width@https://registry.npmjs.org/string-width/-/string-width-5.1.2.tgz. Extracting by manifest.
3738 silly tarball no local data for @expo/apple-utils@https://registry.npmjs.org/@expo/apple-utils/-/apple-utils-2.2.1.tgz. Extracting by manifest.
3739 silly tarball no local data for signal-exit@https://registry.npmjs.org/signal-exit/-/signal-exit-4.1.0.tgz. Extracting by manifest.
3740 silly tarball no local data for lru-cache@https://registry.npmjs.org/lru-cache/-/lru-cache-10.4.3.tgz. Extracting by manifest.
3741 silly tarball no local data for wrap-ansi@https://registry.npmjs.org/wrap-ansi/-/wrap-ansi-8.1.0.tgz. Extracting by manifest.
3742 silly tarball no local data for path-scurry@https://registry.npmjs.org/path-scurry/-/path-scurry-1.11.1.tgz. Extracting by manifest.
3743 silly tarball no local data for @xmldom/xmldom@https://registry.npmjs.org/@xmldom/xmldom/-/xmldom-0.9.12.tgz. Extracting by manifest.
3744 silly tarball no local data for ansi-regex@https://registry.npmjs.org/ansi-regex/-/ansi-regex-6.4.0.tgz. Extracting by manifest.
3745 silly tarball no local data for arg@https://registry.npmjs.org/arg/-/arg-4.1.3.tgz. Extracting by manifest.
3746 silly tarball no local data for minimatch@https://registry.npmjs.org/minimatch/-/minimatch-9.0.9.tgz. Extracting by manifest.
3747 silly tarball no local data for @jridgewell/trace-mapping@https://registry.npmjs.org/@jridgewell/trace-mapping/-/trace-mapping-0.3.9.tgz. Extracting by manifest.
3748 silly tarball no local data for strip-ansi@https://registry.npmjs.org/strip-ansi/-/strip-ansi-7.2.0.tgz. Extracting by manifest.
3749 silly tarball no local data for bplist-parser@https://registry.npmjs.org/bplist-parser/-/bplist-parser-0.3.1.tgz. Extracting by manifest.
3750 silly tarball no local data for supports-color@https://registry.npmjs.org/supports-color/-/supports-color-7.2.0.tgz. Extracting by manifest.
3751 silly tarball no local data for diff@https://registry.npmjs.org/diff/-/diff-4.0.4.tgz. Extracting by manifest.
3752 silly tarball no local data for minimatch@https://registry.npmjs.org/minimatch/-/minimatch-3.1.5.tgz. Extracting by manifest.
3753 silly tarball no local data for is-wsl@https://registry.npmjs.org/is-wsl/-/is-wsl-3.1.1.tgz. Extracting by manifest.
3754 silly tarball no local data for glob@https://registry.npmjs.org/glob/-/glob-6.0.4.tgz. Extracting by manifest.
3755 silly tarball no local data for lru-cache@https://registry.npmjs.org/lru-cache/-/lru-cache-11.5.3.tgz. Extracting by manifest.
3756 silly tarball no local data for picomatch@https://registry.npmjs.org/picomatch/-/picomatch-4.0.7.tgz. Extracting by manifest.
3757 silly tarball no local data for fdir@https://registry.npmjs.org/fdir/-/fdir-6.5.0.tgz. Extracting by manifest.
3758 silly tarball no local data for brace-expansion@https://registry.npmjs.org/brace-expansion/-/brace-expansion-1.1.21.tgz. Extracting by manifest.
3759 silly tarball no local data for lru-cache@https://registry.npmjs.org/lru-cache/-/lru-cache-10.4.3.tgz. Extracting by manifest.
3760 silly tarball no local data for semver@https://registry.npmjs.org/semver/-/semver-6.3.1.tgz. Extracting by manifest.
3761 silly tarball no local data for semver@https://registry.npmjs.org/semver/-/semver-6.3.1.tgz. Extracting by manifest.
3762 silly tarball no local data for @babel/code-frame@https://registry.npmjs.org/@babel/code-frame/-/code-frame-7.29.7.tgz. Extracting by manifest.
3763 silly tarball no local data for @babel/code-frame@https://registry.npmjs.org/@babel/code-frame/-/code-frame-7.29.7.tgz. Extracting by manifest.
3764 silly tarball no local data for glob@https://registry.npmjs.org/glob/-/glob-10.5.0.tgz. Extracting by manifest.
3765 silly tarball no local data for uuid@https://registry.npmjs.org/uuid/-/uuid-8.3.2.tgz. Extracting by manifest.
3766 silly tarball no local data for dotenv@https://registry.npmjs.org/dotenv/-/dotenv-16.6.1.tgz. Extracting by manifest.
3767 silly tarball no local data for @babel/code-frame@https://registry.npmjs.org/@babel/code-frame/-/code-frame-7.29.7.tgz. Extracting by manifest.
3768 silly tarball no local data for supports-color@https://registry.npmjs.org/supports-color/-/supports-color-5.5.0.tgz. Extracting by manifest.
3769 silly tarball no local data for has-flag@https://registry.npmjs.org/has-flag/-/has-flag-3.0.0.tgz. Extracting by manifest.
3770 silly tarball no local data for color-convert@https://registry.npmjs.org/color-convert/-/color-convert-1.9.3.tgz. Extracting by manifest.
3771 silly tarball no local data for getenv@https://registry.npmjs.org/getenv/-/getenv-2.0.0.tgz. Extracting by manifest.
3772 silly tarball no local data for chalk@https://registry.npmjs.org/chalk/-/chalk-2.4.2.tgz. Extracting by manifest.
3773 silly tarball no local data for has-flag@https://registry.npmjs.org/has-flag/-/has-flag-3.0.0.tgz. Extracting by manifest.
3774 silly tarball no local data for color-name@https://registry.npmjs.org/color-name/-/color-name-1.1.3.tgz. Extracting by manifest.
3775 silly tarball no local data for color-name@https://registry.npmjs.org/color-name/-/color-name-1.1.3.tgz. Extracting by manifest.
3776 silly tarball no local data for ansi-styles@https://registry.npmjs.org/ansi-styles/-/ansi-styles-3.2.1.tgz. Extracting by manifest.
3777 silly tarball no local data for pngjs@https://registry.npmjs.org/pngjs/-/pngjs-3.4.0.tgz. Extracting by manifest.
3778 silly tarball no local data for semver@https://registry.npmjs.org/semver/-/semver-7.8.5.tgz. Extracting by manifest.
3779 silly tarball no local data for supports-color@https://registry.npmjs.org/supports-color/-/supports-color-5.5.0.tgz. Extracting by manifest.
3780 silly tarball no local data for uuid@https://registry.npmjs.org/uuid/-/uuid-7.0.3.tgz. Extracting by manifest.
3781 silly tarball no local data for escape-string-regexp@https://registry.npmjs.org/escape-string-regexp/-/escape-string-regexp-1.0.5.tgz. Extracting by manifest.
3782 silly tarball no local data for chalk@https://registry.npmjs.org/chalk/-/chalk-2.4.2.tgz. Extracting by manifest.
3783 silly tarball no local data for balanced-match@https://registry.npmjs.org/balanced-match/-/balanced-match-4.0.4.tgz. Extracting by manifest.
3784 silly tarball no local data for yallist@https://registry.npmjs.org/yallist/-/yallist-5.0.0.tgz. Extracting by manifest.
3785 silly tarball no local data for color-convert@https://registry.npmjs.org/color-convert/-/color-convert-1.9.3.tgz. Extracting by manifest.
3786 silly tarball no local data for lru-cache@https://registry.npmjs.org/lru-cache/-/lru-cache-6.0.0.tgz. Extracting by manifest.
3787 silly tarball no local data for ansi-styles@https://registry.npmjs.org/ansi-styles/-/ansi-styles-3.2.1.tgz. Extracting by manifest.
3788 silly tarball no local data for supports-color@https://registry.npmjs.org/supports-color/-/supports-color-7.2.0.tgz. Extracting by manifest.
3789 silly tarball no local data for escape-string-regexp@https://registry.npmjs.org/escape-string-regexp/-/escape-string-regexp-1.0.5.tgz. Extracting by manifest.
3790 silly tarball no local data for agent-base@https://registry.npmjs.org/agent-base/-/agent-base-6.0.2.tgz. Extracting by manifest.
3791 silly tarball no local data for brace-expansion@https://registry.npmjs.org/brace-expansion/-/brace-expansion-5.0.12.tgz. Extracting by manifest.
3792 silly tarball no local data for https-proxy-agent@https://registry.npmjs.org/https-proxy-agent/-/https-proxy-agent-5.0.1.tgz. Extracting by manifest.
3793 silly tarball no local data for yallist@https://registry.npmjs.org/yallist/-/yallist-4.0.0.tgz. Extracting by manifest.
3794 silly tarball no local data for escape-string-regexp@https://registry.npmjs.org/escape-string-regexp/-/escape-string-regexp-1.0.5.tgz. Extracting by manifest.
3795 silly tarball no local data for balanced-match@https://registry.npmjs.org/balanced-match/-/balanced-match-4.0.4.tgz. Extracting by manifest.
3796 silly tarball no local data for minimatch@https://registry.npmjs.org/minimatch/-/minimatch-10.2.6.tgz. Extracting by manifest.
3797 silly tarball no local data for xmlbuilder@https://registry.npmjs.org/xmlbuilder/-/xmlbuilder-11.0.1.tgz. Extracting by manifest.
3798 silly tarball no local data for joi@https://registry.npmjs.org/joi/-/joi-17.13.8.tgz. Extracting by manifest.
3799 silly tarball no local data for semver@https://registry.npmjs.org/semver/-/semver-7.8.5.tgz. Extracting by manifest.
3800 silly tarball no local data for ejs@https://registry.npmjs.org/ejs/-/ejs-6.0.1.tgz. Extracting by manifest.
3801 silly tarball no local data for brace-expansion@https://registry.npmjs.org/brace-expansion/-/brace-expansion-5.0.12.tgz. Extracting by manifest.
3802 silly tarball no local data for uuid@https://registry.npmjs.org/uuid/-/uuid-8.3.2.tgz. Extracting by manifest.
3803 silly tarball no local data for lru-cache@https://registry.npmjs.org/lru-cache/-/lru-cache-10.4.3.tgz. Extracting by manifest.
3804 silly tarball no local data for minimatch@https://registry.npmjs.org/minimatch/-/minimatch-10.2.6.tgz. Extracting by manifest.
3805 silly tarball no local data for path-scurry@https://registry.npmjs.org/path-scurry/-/path-scurry-1.11.1.tgz. Extracting by manifest.
3806 silly tarball no local data for getenv@https://registry.npmjs.org/getenv/-/getenv-2.0.0.tgz. Extracting by manifest.
3807 silly tarball no local data for @expo/config@https://registry.npmjs.org/@expo/config/-/config-11.0.13.tgz. Extracting by manifest.
3808 silly tarball no local data for minimatch@https://registry.npmjs.org/minimatch/-/minimatch-9.0.9.tgz. Extracting by manifest.
3809 silly tarball no local data for @expo/config-plugins@https://registry.npmjs.org/@expo/config-plugins/-/config-plugins-10.1.2.tgz. Extracting by manifest.
3810 silly tarball no local data for @babel/code-frame@https://registry.npmjs.org/@babel/code-frame/-/code-frame-7.10.4.tgz. Extracting by manifest.
3811 silly tarball no local data for @expo/json-file@https://registry.npmjs.org/@expo/json-file/-/json-file-9.1.5.tgz. Extracting by manifest.
3812 silly tarball no local data for semver@https://registry.npmjs.org/semver/-/semver-7.8.5.tgz. Extracting by manifest.
3813 silly tarball no local data for @oclif/core@https://registry.npmjs.org/@oclif/core/-/core-2.16.0.tgz. Extracting by manifest.
3814 silly tarball no local data for fs-extra@https://registry.npmjs.org/fs-extra/-/fs-extra-10.1.0.tgz. Extracting by manifest.
3815 silly tarball no local data for color-name@https://registry.npmjs.org/color-name/-/color-name-1.1.3.tgz. Extracting by manifest.
3816 silly tarball no local data for @expo/config-types@https://registry.npmjs.org/@expo/config-types/-/config-types-53.0.5.tgz. Extracting by manifest.
3817 silly tarball no local data for glob@https://registry.npmjs.org/glob/-/glob-10.5.0.tgz. Extracting by manifest.
3818 silly tarball no local data for @oclif/core@https://registry.npmjs.org/@oclif/core/-/core-2.16.0.tgz. Extracting by manifest.
3819 silly tarball no local data for has-flag@https://registry.npmjs.org/has-flag/-/has-flag-3.0.0.tgz. Extracting by manifest.
3820 silly tarball no local data for ansi-styles@https://registry.npmjs.org/ansi-styles/-/ansi-styles-3.2.1.tgz. Extracting by manifest.
3821 silly tarball no local data for restore-cursor@https://registry.npmjs.org/restore-cursor/-/restore-cursor-2.0.0.tgz. Extracting by manifest.
3822 silly tarball no local data for escape-string-regexp@https://registry.npmjs.org/escape-string-regexp/-/escape-string-regexp-1.0.5.tgz. Extracting by manifest.
3823 silly tarball no local data for supports-color@https://registry.npmjs.org/supports-color/-/supports-color-5.5.0.tgz. Extracting by manifest.
3824 silly tarball no local data for ansi-regex@https://registry.npmjs.org/ansi-regex/-/ansi-regex-4.1.1.tgz. Extracting by manifest.
3825 silly tarball no local data for strip-ansi@https://registry.npmjs.org/strip-ansi/-/strip-ansi-5.2.0.tgz. Extracting by manifest.
3826 silly tarball no local data for mimic-fn@https://registry.npmjs.org/mimic-fn/-/mimic-fn-1.2.0.tgz. Extracting by manifest.
3827 silly tarball no local data for cli-cursor@https://registry.npmjs.org/cli-cursor/-/cli-cursor-2.1.0.tgz. Extracting by manifest.
3828 silly tarball no local data for chalk@https://registry.npmjs.org/chalk/-/chalk-2.4.2.tgz. Extracting by manifest.
3829 silly tarball no local data for @expo/json-file@https://registry.npmjs.org/@expo/json-file/-/json-file-10.2.0.tgz. Extracting by manifest.
3830 silly tarball no local data for chalk@https://registry.npmjs.org/chalk/-/chalk-2.4.2.tgz. Extracting by manifest.
3831 silly tarball no local data for color-convert@https://registry.npmjs.org/color-convert/-/color-convert-1.9.3.tgz. Extracting by manifest.
3832 silly tarball no local data for @babel/code-frame@https://registry.npmjs.org/@babel/code-frame/-/code-frame-7.10.4.tgz. Extracting by manifest.
3833 silly tarball no local data for onetime@https://registry.npmjs.org/onetime/-/onetime-2.0.1.tgz. Extracting by manifest.
3834 silly tarball no local data for log-symbols@https://registry.npmjs.org/log-symbols/-/log-symbols-2.2.0.tgz. Extracting by manifest.
3835 silly tarball no local data for ora@https://registry.npmjs.org/ora/-/ora-3.4.0.tgz. Extracting by manifest.
3836 silly tarball no local data for getenv@https://registry.npmjs.org/getenv/-/getenv-2.0.0.tgz. Extracting by manifest.
3837 silly tarball no local data for dotenv@https://registry.npmjs.org/dotenv/-/dotenv-16.4.7.tgz. Extracting by manifest.
3838 silly tarball no local data for lru-cache@https://registry.npmjs.org/lru-cache/-/lru-cache-6.0.0.tgz. Extracting by manifest.
3839 silly tarball no local data for tslib@https://registry.npmjs.org/tslib/-/tslib-2.4.1.tgz. Extracting by manifest.
3840 silly tarball no local data for yallist@https://registry.npmjs.org/yallist/-/yallist-4.0.0.tgz. Extracting by manifest.
3841 silly tarball no local data for semver@https://registry.npmjs.org/semver/-/semver-7.8.5.tgz. Extracting by manifest.
3842 silly tarball no local data for joi@https://registry.npmjs.org/joi/-/joi-17.13.8.tgz. Extracting by manifest.
3843 silly tarball no local data for @babel/code-frame@https://registry.npmjs.org/@babel/code-frame/-/code-frame-7.10.4.tgz. Extracting by manifest.
3844 silly tarball no local data for semver@https://registry.npmjs.org/semver/-/semver-7.8.5.tgz. Extracting by manifest.
3845 silly tarball no local data for @expo/json-file@https://registry.npmjs.org/@expo/json-file/-/json-file-10.2.0.tgz. Extracting by manifest.
3846 silly tarball no local data for @expo/plist@https://registry.npmjs.org/@expo/plist/-/plist-0.5.4.tgz. Extracting by manifest.
3847 silly tarball no local data for getenv@https://registry.npmjs.org/getenv/-/getenv-2.0.0.tgz. Extracting by manifest.
3848 silly tarball no local data for semver@https://registry.npmjs.org/semver/-/semver-7.5.2.tgz. Extracting by manifest.
3849 silly tarball no local data for @expo/json-file@https://registry.npmjs.org/@expo/json-file/-/json-file-10.0.16.tgz. Extracting by manifest.
3850 silly tarball no local data for getenv@https://registry.npmjs.org/getenv/-/getenv-2.0.0.tgz. Extracting by manifest.
3851 http fetch POST 200 https://registry.npmjs.org/-/npm/v1/security/advisories/bulk 265ms
3852 silly audit report {
3852 silly audit report   ajv: [
3852 silly audit report     {
3852 silly audit report       id: 1113715,
3852 silly audit report       url: 'https://github.com/advisories/GHSA-2g4f-4pwh-qvx6',
3852 silly audit report       title: 'ajv has ReDoS when using `$data` option',
3852 silly audit report       severity: 'moderate',
3852 silly audit report       vulnerable_versions: '>=7.0.0-alpha.0 <8.18.0',
3852 silly audit report       cwe: [Array],
3852 silly audit report       cvss: [Object]
3852 silly audit report     }
3852 silly audit report   ],
3852 silly audit report   diff: [
3852 silly audit report     {
3852 silly audit report       id: 1112706,
3852 silly audit report       url: 'https://github.com/advisories/GHSA-73rr-hh4g-fpgx',
3852 silly audit report       title: 'jsdiff has a Denial of Service vulnerability in parsePatch and applyPatch',
3852 silly audit report       severity: 'low',
3852 silly audit report       vulnerable_versions: '>=6.0.0 <8.0.3',
3852 silly audit report       cwe: [Array],
3852 silly audit report       cvss: [Object]
3852 silly audit report     }
3852 silly audit report   ],
3852 silly audit report   joi: [
3852 silly audit report     {
3852 silly audit report       id: 1120656,
3852 silly audit report       url: 'https://github.com/advisories/GHSA-q7cg-457f-vx79',
3852 silly audit report       title: 'joi has an uncaught RangeError on deeply nested input through recursive `link()` schemas',
3852 silly audit report       severity: 'moderate',
3852 silly audit report       vulnerable_versions: '<17.13.4',
3852 silly audit report       cwe: [Array],
3852 silly audit report       cvss: [Object]
3852 silly audit report     },
3852 silly audit report     {
3852 silly audit report       id: 1193674,
3852 silly audit report       url: 'https://github.com/advisories/GHSA-6w3j-5fw6-r9vr',
3852 silly audit report       title: 'joi: Prototype pollution via a `__proto__` language key in custom messages',
3852 silly audit report       severity: 'low',
3852 silly audit report       vulnerable_versions: '>=17.2.0 <17.13.6',
3852 silly audit report       cwe: [Array],
3852 silly audit report       cvss: [Object]
3852 silly audit report     },
3852 silly audit report     {
3852 silly audit report       id: 1193679,
3852 silly audit report       url: 'https://github.com/advisories/GHSA-gg4h-3hg2-grpc',
3852 silly audit report       title: "joi: object().rename() with a template target can set the validated object's prototype",
3852 silly audit report       severity: 'low',
3852 silly audit report       vulnerable_versions: '>=16.0.0 <17.13.5',
3852 silly audit report       cwe: [Array],
3852 silly audit report       cvss: [Object]
3852 silly audit report     },
3852 silly audit report     {
3852 silly audit report       id: 1241212,
3852 silly audit report       url: 'https://github.com/advisories/GHSA-wr44-6hxh-3jwq',
3852 silly audit report       title: 'joi messages compilation allows prototype replacement through __proto__ error codes',
3852 silly audit report       severity: 'moderate',
3852 silly audit report       vulnerable_versions: '<17.13.8',
3852 silly audit report       cwe: [Array],
3852 silly audit report       cvss: [Object]
3852 silly audit report     },
3852 silly audit report     {
3852 silly audit report       id: 1241279,
3852 silly audit report       url: 'https://github.com/advisories/GHSA-6h2x-m376-mqjq',
3852 silly audit report       title: 'joi: Quadratic regular-expression backtracking in `Joi.string().isoDate()`',
3852 silly audit report       severity: 'high',
3852 silly audit report       vulnerable_versions: '>=17.2.0 <17.13.7',
3852 silly audit report       cwe: [Array],
3852 silly audit report       cvss: [Object]
3852 silly audit report     }
3852 silly audit report   ],
3852 silly audit report   minimatch: [
3852 silly audit report     {
3852 silly audit report       id: 1113461,
3852 silly audit report       url: 'https://github.com/advisories/GHSA-3ppc-4f35-3m26',
3852 silly audit report       title: 'minimatch has a ReDoS via repeated wildcards with non-matching literal in pattern',
3852 silly audit report       severity: 'high',
3852 silly audit report       vulnerable_versions: '>=5.0.0 <5.1.7',
3852 silly audit report       cwe: [Array],
3852 silly audit report       cvss: [Object]
3852 silly audit report     },
3852 silly audit report     {
3852 silly audit report       id: 1113540,
3852 silly audit report       url: 'https://github.com/advisories/GHSA-7r86-cg39-jmmj',
3852 silly audit report       title: 'minimatch has ReDoS: matchOne() combinatorial backtracking via multiple non-adjacent GLOBSTAR segments',
3852 silly audit report       severity: 'high',
3852 silly audit report       vulnerable_versions: '>=5.0.0 <5.1.8',
3852 silly audit report       cwe: [Array],
3852 silly audit report       cvss: [Object]
3852 silly audit report     },
3852 silly audit report     {
3852 silly audit report       id: 1113548,
3852 silly audit report       url: 'https://github.com/advisories/GHSA-23c5-xmqv-rm74',
3852 silly audit report       title: 'minimatch ReDoS: nested *() extglobs generate catastrophically backtracking regular expressions',
3852 silly audit report       severity: 'high',
3852 silly audit report       vulnerable_versions: '>=5.0.0 <5.1.8',
3852 silly audit report       cwe: [Array],
3852 silly audit report       cvss: [Object]
3852 silly audit report     }
3852 silly audit report   ],
3852 silly audit report   nanoid: [
3852 silly audit report     {
3852 silly audit report       id: 1138811,
3852 silly audit report       url: 'https://github.com/advisories/GHSA-28wg-ghj8-5hjv',
3852 silly audit report       title: 'nanoid: non-secure generators can loop indefinitely with negative size',
3852 silly audit report       severity: 'high',
3852 silly audit report       vulnerable_versions: '<3.3.16',
3852 silly audit report       cwe: [Array],
3852 silly audit report       cvss: [Object]
3852 silly audit report     },
3852 silly audit report     {
3852 silly audit report       id: 1139427,
3852 silly audit report       url: 'https://github.com/advisories/GHSA-2v37-7h3g-55p8',
3852 silly audit report       title: 'nanoid: custom generators can loop indefinitely when size is zero',
3852 silly audit report       severity: 'high',
3852 silly audit report       vulnerable_versions: '<3.3.18',
3852 silly audit report       cwe: [Array],
3852 silly audit report       cvss: [Object]
3852 silly audit report     },
3852 silly audit report     {
3852 silly audit report       id: 1153189,
3852 silly audit report       url: 'https://github.com/advisories/GHSA-xwg4-73v4-xw9w',
3852 silly audit report       title: 'nanoid: Integer Overflow or Wraparound',
3852 silly audit report       severity: 'high',
3852 silly audit report       vulnerable_versions: '<3.3.12',
3852 silly audit report       cwe: [Array],
3852 silly audit report       cvss: [Object]
3852 silly audit report     }
3852 silly audit report   ],
3852 silly audit report   'node-forge': [
3852 silly audit report     {
3852 silly audit report       id: 1240912,
3852 silly audit report       url: 'https://github.com/advisories/GHSA-86w9-cpqp-85rv',
3852 silly audit report       title: 'node-forge RSA PKCS#1 v1.5 signature verification accepts extra nested DigestAlgorithm elements',
3852 silly audit report       severity: 'high',
3852 silly audit report       vulnerable_versions: '<=1.4.0',
3852 silly audit report       cwe: [Array],
3852 silly audit report       cvss: [Object]
3852 silly audit report     }
3852 silly audit report   ],
3852 silly audit report   tar: [
3852 silly audit report     {
3852 silly audit report       id: 1145647,
3852 silly audit report       url: 'https://github.com/advisories/GHSA-r292-9mhp-454m',
3852 silly audit report       title: 'node-tar: Uncontrolled recursion in mapHas/filesFilter allows uncatchable stack-overflow DoS via crafted long-path tar with member selection',
3852 silly audit report       severity: 'high',
3852 silly audit report       vulnerable_versions: '<=7.5.20',
3852 silly audit report       cwe: [Array],
3852 silly audit report       cvss: [Object]
3852 silly audit report     }
3852 silly audit report   ],
3852 silly audit report   'ts-deepmerge': [
3852 silly audit report     {
3852 silly audit report       id: 1121318,
3852 silly audit report       url: 'https://github.com/advisories/GHSA-87mf-gv2c-c62c',
3852 silly audit report       title: 'ts-deepmerge: Prototype Method Override leads to DoS',
3852 silly audit report       severity: 'moderate',
3852 silly audit report       vulnerable_versions: '<8.0.0',
3852 silly audit report       cwe: [Array],
3852 silly audit report       cvss: [Object]
3852 silly audit report     }
3852 silly audit report   ],
3852 silly audit report   uuid: [
3852 silly audit report     {
3852 silly audit report       id: 1119441,
3852 silly audit report       url: 'https://github.com/advisories/GHSA-w5hq-g745-h8pq',
3852 silly audit report       title: 'uuid: Missing buffer bounds check in v3/v5/v6 when buf is provided',
3852 silly audit report       severity: 'moderate',
3852 silly audit report       vulnerable_versions: '<11.1.1',
3852 silly audit report       cwe: [Array],
3852 silly audit report       cvss: [Object]
3852 silly audit report     }
3852 silly audit report   ],
3852 silly audit report   yaml: [
3852 silly audit report     {
3852 silly audit report       id: 1115556,
3852 silly audit report       url: 'https://github.com/advisories/GHSA-48c2-rrv3-qjmp',
3852 silly audit report       title: 'yaml is vulnerable to Stack Overflow via deeply nested YAML collections',
3852 silly audit report       severity: 'moderate',
3852 silly audit report       vulnerable_versions: '>=2.0.0 <2.8.3',
3852 silly audit report       cwe: [Array],
3852 silly audit report       cvss: [Object]
3852 silly audit report     }
3852 silly audit report   ],
3852 silly audit report   braces: [
3852 silly audit report     {
3852 silly audit report       id: 1240992,
3852 silly audit report       url: 'https://github.com/advisories/GHSA-vfj7-8cjw-p6xm',
3852 silly audit report       title: 'braces vulnerable to stack-exhaustion denial of service through deeply nested patterns',
3852 silly audit report       severity: 'high',
3852 silly audit report       vulnerable_versions: '<=3.0.3',
3852 silly audit report       cwe: [Array],
3852 silly audit report       cvss: [Object]
3852 silly audit report     }
3852 silly audit report   ],
3852 silly audit report   'sprintf-js': [
3852 silly audit report     {
3852 silly audit report       id: 1241202,
3852 silly audit report       url: 'https://github.com/advisories/GHSA-hp3w-g68c-fv3c',
3852 silly audit report       title: 'sprintf-js vulnerable to denial of service through unbounded precision specifiers',
3852 silly audit report       severity: 'moderate',
3852 silly audit report       vulnerable_versions: '<=1.1.3',
3852 silly audit report       cwe: [Array],
3852 silly audit report       cvss: [Object]
3852 silly audit report     }
3852 silly audit report   ]
3852 silly audit report }
3853 silly packumentCache corgi:https://registry.npmjs.org/ajv cache-miss
3854 silly packumentCache corgi:https://registry.npmjs.org/diff cache-miss
3855 silly packumentCache corgi:https://registry.npmjs.org/joi cache-miss
3856 silly packumentCache corgi:https://registry.npmjs.org/minimatch cache-miss
3857 silly packumentCache corgi:https://registry.npmjs.org/nanoid cache-miss
3858 silly packumentCache corgi:https://registry.npmjs.org/node-forge cache-miss
3859 silly packumentCache corgi:https://registry.npmjs.org/tar cache-miss
3860 silly packumentCache corgi:https://registry.npmjs.org/ts-deepmerge cache-miss
3861 silly packumentCache corgi:https://registry.npmjs.org/uuid cache-miss
3862 silly packumentCache corgi:https://registry.npmjs.org/yaml cache-miss
3863 silly packumentCache corgi:https://registry.npmjs.org/braces cache-miss
3864 silly packumentCache corgi:https://registry.npmjs.org/sprintf-js cache-miss
3865 http fetch GET 200 https://registry.npmjs.org/path-is-absolute/-/path-is-absolute-1.0.1.tgz 176ms (cache miss)
3866 http fetch GET 200 https://registry.npmjs.org/concat-map/-/concat-map-0.0.1.tgz 177ms (cache miss)
3867 http fetch GET 200 https://registry.npmjs.org/once/-/once-1.4.0.tgz 176ms (cache miss)
3868 http fetch GET 200 https://registry.npmjs.org/inherits/-/inherits-2.0.4.tgz 176ms (cache miss)
3869 http fetch GET 200 https://registry.npmjs.org/inflight/-/inflight-1.0.6.tgz 177ms (cache miss)
3870 warn deprecated inflight@1.0.6: This module is not supported, and leaks memory. Do not use it. Check out lru-cache if you want a good and tested way to coalesce async requests by a key value, which is much more comprehensive and powerful.
3871 http fetch GET 200 https://registry.npmjs.org/wrappy/-/wrappy-1.0.2.tgz 179ms (cache miss)
3872 http fetch GET 200 https://registry.npmjs.org/object-assign/-/object-assign-4.1.1.tgz 186ms (cache miss)
3873 http fetch GET 200 https://registry.npmjs.org/thenify-all/-/thenify-all-1.6.0.tgz 189ms (cache miss)
3874 http fetch GET 200 https://registry.npmjs.org/any-promise/-/any-promise-1.3.0.tgz 192ms (cache miss)
3875 http fetch GET 200 https://registry.npmjs.org/mz/-/mz-2.7.0.tgz 192ms (cache miss)
3876 http fetch GET 200 https://registry.npmjs.org/lines-and-columns/-/lines-and-columns-1.2.4.tgz 192ms (cache miss)
3877 http fetch GET 200 https://registry.npmjs.org/pirates/-/pirates-4.0.7.tgz 192ms (cache miss)
3878 http fetch GET 200 https://registry.npmjs.org/ts-interface-checker/-/ts-interface-checker-0.1.13.tgz 194ms (cache miss)
3879 http fetch GET 200 https://registry.npmjs.org/yn/-/yn-3.1.1.tgz 202ms (cache miss)
3880 http fetch GET 200 https://registry.npmjs.org/commander/-/commander-4.1.1.tgz 206ms (cache miss)
3881 http fetch GET 200 https://registry.npmjs.org/create-require/-/create-require-1.1.1.tgz 218ms (cache miss)
3882 http fetch GET 200 https://registry.npmjs.org/v8-compile-cache-lib/-/v8-compile-cache-lib-3.0.1.tgz 219ms (cache miss)
3883 http fetch GET 200 https://registry.npmjs.org/make-error/-/make-error-1.3.6.tgz 219ms (cache miss)
3884 http fetch GET 200 https://registry.npmjs.org/thenify/-/thenify-3.3.1.tgz 220ms (cache miss)
3885 http fetch GET 200 https://registry.npmjs.org/eastasianwidth/-/eastasianwidth-0.2.0.tgz 222ms (cache miss)
3886 http fetch GET 200 https://registry.npmjs.org/wrap-ansi/-/wrap-ansi-7.0.0.tgz 223ms (cache miss)
3887 http fetch GET 200 https://registry.npmjs.org/strip-ansi/-/strip-ansi-6.0.1.tgz 223ms (cache miss)
3888 http fetch GET 200 https://registry.npmjs.org/string-width/-/string-width-4.2.3.tgz 223ms (cache miss)
3889 http fetch GET 200 https://registry.npmjs.org/@isaacs/cliui/-/cliui-8.0.2.tgz 235ms (cache miss)
3890 http fetch GET 200 https://registry.npmjs.org/astral-regex/-/astral-regex-2.0.0.tgz 255ms (cache miss)
3891 http fetch GET 200 https://registry.npmjs.org/acorn-walk/-/acorn-walk-8.3.5.tgz 257ms (cache miss)
3892 http fetch GET 200 https://registry.npmjs.org/@tsconfig/node14/-/node14-1.0.3.tgz 260ms (cache miss)
3893 http fetch GET 200 https://registry.npmjs.org/@pkgjs/parseargs/-/parseargs-0.11.0.tgz 266ms (cache miss)
3894 http fetch GET 200 https://registry.npmjs.org/acorn/-/acorn-8.19.0.tgz 265ms (cache miss)
3895 http fetch GET 200 https://registry.npmjs.org/jackspeak/-/jackspeak-3.4.3.tgz 276ms (cache miss)
3896 http fetch GET 200 https://registry.npmjs.org/array-union/-/array-union-2.1.0.tgz 274ms (cache miss)
3897 http fetch GET 200 https://registry.npmjs.org/ansicolors/-/ansicolors-0.3.2.tgz 274ms (cache miss)
3898 http fetch GET 200 https://registry.npmjs.org/@cspotcode/source-map-support/-/source-map-support-0.8.1.tgz 287ms (cache miss)
3899 http fetch GET 200 https://registry.npmjs.org/sprintf-js/-/sprintf-js-1.0.3.tgz 287ms (cache miss)
3900 http fetch GET 200 https://registry.npmjs.org/path-type/-/path-type-4.0.0.tgz 289ms (cache miss)
3901 http fetch GET 200 https://registry.npmjs.org/dir-glob/-/dir-glob-3.0.1.tgz 290ms (cache miss)
3902 http fetch GET 200 https://registry.npmjs.org/slice-ansi/-/slice-ansi-4.0.0.tgz 291ms (cache miss)
3903 http fetch GET 200 https://registry.npmjs.org/@tsconfig/node10/-/node10-1.0.13.tgz 295ms (cache miss)
3904 http fetch GET 200 https://registry.npmjs.org/object-treeify/-/object-treeify-1.1.33.tgz 294ms (cache miss)
3905 http fetch GET 200 https://registry.npmjs.org/package-json-from-dist/-/package-json-from-dist-1.0.1.tgz 295ms (cache miss)
3906 http fetch GET 200 https://registry.npmjs.org/is-inside-container/-/is-inside-container-1.0.0.tgz 295ms (cache miss)
3907 http fetch GET 200 https://registry.npmjs.org/foreground-child/-/foreground-child-3.3.1.tgz 301ms (cache miss)
3908 http fetch GET 200 https://registry.npmjs.org/esprima/-/esprima-4.0.1.tgz 300ms (cache miss)
3909 http fetch GET 200 https://registry.npmjs.org/password-prompt/-/password-prompt-1.1.3.tgz 299ms (cache miss)
3910 http fetch GET 200 https://registry.npmjs.org/globby/-/globby-11.1.0.tgz 301ms (cache miss)
3911 http fetch GET 200 https://registry.npmjs.org/hyperlinker/-/hyperlinker-1.0.0.tgz 310ms (cache miss)
3912 http fetch GET 200 https://registry.npmjs.org/redeyed/-/redeyed-2.1.1.tgz 322ms (cache miss)
3913 http fetch GET 200 https://registry.npmjs.org/imurmurhash/-/imurmurhash-0.1.4.tgz 318ms (cache miss)
3914 http fetch GET 200 https://registry.npmjs.org/bplist-creator/-/bplist-creator-0.1.0.tgz 323ms (cache miss)
3915 http fetch GET 200 https://registry.npmjs.org/isexe/-/isexe-2.0.0.tgz 328ms (cache miss)
3916 http fetch GET 200 https://registry.npmjs.org/sax/-/sax-1.6.1.tgz 328ms (cache miss)
3917 http fetch GET 200 https://registry.npmjs.org/argparse/-/argparse-1.0.10.tgz 334ms (cache miss)
3918 http fetch GET 200 https://registry.npmjs.org/tr46/-/tr46-0.0.3.tgz 342ms (cache miss)
3919 http fetch GET 200 https://registry.npmjs.org/simple-plist/-/simple-plist-1.3.1.tgz 346ms (cache miss)
3920 http fetch GET 200 https://registry.npmjs.org/clone/-/clone-1.0.4.tgz 358ms (cache miss)
3921 http fetch GET 200 https://registry.npmjs.org/powershell-utils/-/powershell-utils-0.1.0.tgz 359ms (cache miss)
3922 http fetch GET 200 https://registry.npmjs.org/cardinal/-/cardinal-2.1.1.tgz 366ms (cache miss)
3923 http fetch GET 200 https://registry.npmjs.org/defaults/-/defaults-1.0.4.tgz 365ms (cache miss)
3924 http fetch GET 200 https://registry.npmjs.org/stream-buffers/-/stream-buffers-2.2.0.tgz 367ms (cache miss)
3925 http fetch GET 200 https://registry.npmjs.org/punycode/-/punycode-2.3.1.tgz 366ms (cache miss)
3926 http fetch GET 200 https://registry.npmjs.org/crypto-random-string/-/crypto-random-string-2.0.0.tgz 366ms (cache miss)
3927 http fetch GET 200 https://registry.npmjs.org/is-number/-/is-number-7.0.0.tgz 367ms (cache miss)
3928 http fetch GET 200 https://registry.npmjs.org/supports-hyperlinks/-/supports-hyperlinks-2.3.0.tgz 366ms (cache miss)
3929 http fetch GET 200 https://registry.npmjs.org/safe-buffer/-/safe-buffer-5.2.1.tgz 367ms (cache miss)
3930 http fetch GET 200 https://registry.npmjs.org/bare-events/-/bare-events-2.9.2.tgz 367ms (cache miss)
3931 http fetch GET 200 https://registry.npmjs.org/plist/-/plist-3.1.1.tgz 385ms (cache miss)
3932 http fetch GET 200 https://registry.npmjs.org/text-decoder/-/text-decoder-1.2.7.tgz 387ms (cache miss)
3933 http fetch GET 200 https://registry.npmjs.org/events-universal/-/events-universal-1.0.1.tgz 390ms (cache miss)
3934 http fetch GET 200 https://registry.npmjs.org/escalade/-/escalade-3.2.0.tgz 393ms (cache miss)
3935 http fetch GET 200 https://registry.npmjs.org/streamx/-/streamx-2.28.1.tgz 395ms (cache miss)
3936 http fetch GET 200 https://registry.npmjs.org/shebang-regex/-/shebang-regex-3.0.0.tgz 398ms (cache miss)
3937 http fetch GET 200 https://registry.npmjs.org/fast-fifo/-/fast-fifo-1.3.2.tgz 402ms (cache miss)
3938 http fetch GET 200 https://registry.npmjs.org/@isaacs/fs-minipass/-/fs-minipass-4.0.1.tgz 406ms (cache miss)
3939 http fetch GET 200 https://registry.npmjs.org/natural-orderby/-/natural-orderby-2.0.3.tgz 414ms (cache miss)
3940 http fetch GET 200 https://registry.npmjs.org/b4a/-/b4a-1.9.0.tgz 411ms (cache miss)
3941 http fetch GET 200 https://registry.npmjs.org/mimic-fn/-/mimic-fn-2.1.0.tgz 414ms (cache miss)
3942 http fetch GET 200 https://registry.npmjs.org/is-fullwidth-code-point/-/is-fullwidth-code-point-3.0.0.tgz 416ms (cache miss)
3943 http fetch GET 200 https://registry.npmjs.org/onetime/-/onetime-5.1.2.tgz 416ms (cache miss)
3944 http fetch GET 200 https://registry.npmjs.org/@tsconfig/node12/-/node12-1.0.11.tgz 426ms (cache miss)
3945 http fetch GET 200 https://registry.npmjs.org/queue-microtask/-/queue-microtask-1.2.3.tgz 418ms (cache miss)
3946 http fetch GET 200 https://registry.npmjs.org/webidl-conversions/-/webidl-conversions-3.0.1.tgz 419ms (cache miss)
3947 http fetch GET 200 https://registry.npmjs.org/ansi-regex/-/ansi-regex-5.0.1.tgz 419ms (cache miss)
3948 http fetch GET 200 https://registry.npmjs.org/chownr/-/chownr-3.0.0.tgz 424ms (cache miss)
3949 http fetch GET 200 https://registry.npmjs.org/long/-/long-5.3.2.tgz 424ms (cache miss)
3950 http fetch GET 200 https://registry.npmjs.org/js-yaml/-/js-yaml-3.15.2.tgz 431ms (cache miss)
3951 http fetch GET 200 https://registry.npmjs.org/@protobufjs/fetch/-/fetch-1.1.1.tgz 425ms (cache miss)
3952 http fetch GET 200 https://registry.npmjs.org/has-flag/-/has-flag-4.0.0.tgz 440ms (cache miss)
3953 http fetch GET 200 https://registry.npmjs.org/signal-exit/-/signal-exit-3.0.7.tgz 438ms (cache miss)
3954 http fetch GET 200 https://registry.npmjs.org/@types/cli-progress/-/cli-progress-3.11.6.tgz 448ms (cache miss)
3955 http fetch GET 200 https://registry.npmjs.org/@protobufjs/base64/-/base64-1.1.2.tgz 444ms (cache miss)
3956 http fetch GET 200 https://registry.npmjs.org/kleur/-/kleur-3.0.3.tgz 443ms (cache miss)
3957 http fetch GET 200 https://registry.npmjs.org/@protobufjs/path/-/path-1.1.2.tgz 446ms (cache miss)
3958 http fetch GET 200 https://registry.npmjs.org/sisteransi/-/sisteransi-1.0.5.tgz 445ms (cache miss)
3959 http fetch GET 200 https://registry.npmjs.org/@protobufjs/aspromise/-/aspromise-1.1.2.tgz 446ms (cache miss)
3960 http fetch GET 200 https://registry.npmjs.org/p-try/-/p-try-2.2.0.tgz 446ms (cache miss)
3961 http fetch GET 200 https://registry.npmjs.org/@protobufjs/eventemitter/-/eventemitter-1.1.1.tgz 449ms (cache miss)
3962 http fetch GET 200 https://registry.npmjs.org/emoji-regex/-/emoji-regex-8.0.0.tgz 453ms (cache miss)
3963 http fetch GET 200 https://registry.npmjs.org/@protobufjs/float/-/float-1.0.2.tgz 451ms (cache miss)
3964 http fetch GET 200 https://registry.npmjs.org/p-limit/-/p-limit-2.3.0.tgz 455ms (cache miss)
3965 http fetch GET 200 https://registry.npmjs.org/locate-path/-/locate-path-5.0.0.tgz 459ms (cache miss)
3966 http fetch GET 200 https://registry.npmjs.org/domino/-/domino-2.1.8.tgz 476ms (cache miss)
3967 http fetch GET 200 https://registry.npmjs.org/err-code/-/err-code-2.0.3.tgz 477ms (cache miss)
3968 http fetch GET 200 https://registry.npmjs.org/path-exists/-/path-exists-4.0.0.tgz 478ms (cache miss)
3969 http fetch GET 200 https://registry.npmjs.org/json-parse-better-errors/-/json-parse-better-errors-1.0.2.tgz 479ms (cache miss)
3970 http fetch GET 200 https://registry.npmjs.org/@protobufjs/codegen/-/codegen-2.0.5.tgz 482ms (cache miss)
3971 http fetch GET 200 https://registry.npmjs.org/wcwidth/-/wcwidth-1.0.1.tgz 483ms (cache miss)
3972 http fetch GET 200 https://registry.npmjs.org/@tsconfig/node16/-/node16-1.0.4.tgz 497ms (cache miss)
3973 http fetch GET 200 https://registry.npmjs.org/strip-ansi/-/strip-ansi-6.0.1.tgz 486ms (cache miss)
3974 http fetch GET 200 https://registry.npmjs.org/is-arrayish/-/is-arrayish-0.2.1.tgz 487ms (cache miss)
3975 http fetch GET 200 https://registry.npmjs.org/error-ex/-/error-ex-1.3.4.tgz 487ms (cache miss)
3976 http fetch GET 200 https://registry.npmjs.org/find-up/-/find-up-4.1.0.tgz 489ms (cache miss)
3977 http fetch GET 200 https://registry.npmjs.org/mute-stream/-/mute-stream-0.0.8.tgz 488ms (cache miss)
3978 http fetch GET 200 https://registry.npmjs.org/restore-cursor/-/restore-cursor-3.1.0.tgz 488ms (cache miss)
3979 http fetch GET 200 https://registry.npmjs.org/is-interactive/-/is-interactive-1.0.0.tgz 490ms (cache miss)
3980 http fetch GET 200 https://registry.npmjs.org/retry/-/retry-0.12.0.tgz 493ms (cache miss)
3981 http fetch GET 200 https://registry.npmjs.org/cli-cursor/-/cli-cursor-3.1.0.tgz 492ms (cache miss)
3982 http fetch GET 200 https://registry.npmjs.org/proc-log/-/proc-log-4.2.0.tgz 493ms (cache miss)
3983 http fetch GET 200 https://registry.npmjs.org/hosted-git-info/-/hosted-git-info-7.0.2.tgz 494ms (cache miss)
3984 http fetch GET 200 https://registry.npmjs.org/define-lazy-prop/-/define-lazy-prop-2.0.0.tgz 497ms (cache miss)
3985 http fetch GET 200 https://registry.npmjs.org/ts-node/-/ts-node-10.9.2.tgz 517ms (cache miss)
3986 http fetch GET 200 https://registry.npmjs.org/sucrase/-/sucrase-3.35.0.tgz 564ms (cache miss)
3987 http fetch GET 200 https://registry.npmjs.org/rimraf/-/rimraf-2.4.5.tgz 595ms (cache miss)
3988 warn deprecated rimraf@2.4.5: Rimraf versions prior to v4 are no longer supported
3989 http fetch GET 200 https://registry.npmjs.org/brace-expansion/-/brace-expansion-2.1.7.tgz 596ms (cache miss)
3990 http fetch GET 200 https://registry.npmjs.org/is-docker/-/is-docker-2.2.1.tgz 596ms (cache miss)
3991 http fetch GET 200 https://registry.npmjs.org/fill-range/-/fill-range-7.1.1.tgz 595ms (cache miss)
3992 http fetch GET 200 https://registry.npmjs.org/validate-npm-package-name/-/validate-npm-package-name-5.0.1.tgz 596ms (cache miss)
3993 http fetch GET 200 https://registry.npmjs.org/is-wsl/-/is-wsl-2.2.0.tgz 595ms (cache miss)
3994 http fetch GET 200 https://registry.npmjs.org/safer-buffer/-/safer-buffer-2.1.2.tgz 596ms (cache miss)
3995 http fetch GET 200 https://registry.npmjs.org/@protobufjs/pool/-/pool-1.1.0.tgz 598ms (cache miss)
3996 http fetch GET 200 https://registry.npmjs.org/whatwg-url/-/whatwg-url-5.0.0.tgz 597ms (cache miss)
3997 http fetch GET 200 https://registry.npmjs.org/typescript/-/typescript-5.9.3.tgz 624ms (cache miss)
3998 http fetch GET 200 https://registry.npmjs.org/ncp/-/ncp-2.0.0.tgz 613ms (cache miss)
3999 http fetch GET 200 https://registry.npmjs.org/to-regex-range/-/to-regex-range-5.0.1.tgz 615ms (cache miss)
4000 http fetch GET 200 https://registry.npmjs.org/mkdirp/-/mkdirp-0.5.6.tgz 619ms (cache miss)
4001 http fetch GET 200 https://registry.npmjs.org/charenc/-/charenc-0.0.2.tgz 621ms (cache miss)
4002 http fetch GET 200 https://registry.npmjs.org/crypt/-/crypt-0.0.2.tgz 621ms (cache miss)
4003 http fetch GET 200 https://registry.npmjs.org/yallist/-/yallist-3.1.1.tgz 621ms (cache miss)
4004 http fetch GET 200 https://registry.npmjs.org/is-buffer/-/is-buffer-1.1.6.tgz 622ms (cache miss)
4005 http fetch GET 200 https://registry.npmjs.org/braces/-/braces-3.0.3.tgz 623ms (cache miss)
4006 http fetch GET 200 https://registry.npmjs.org/@sideway/formula/-/formula-3.0.1.tgz 624ms (cache miss)
4007 http fetch GET 200 https://registry.npmjs.org/minimist/-/minimist-1.2.8.tgz 626ms (cache miss)
4008 http fetch GET 200 https://registry.npmjs.org/@protobufjs/utf8/-/utf8-1.1.2.tgz 668ms (cache miss)
4009 http fetch GET 200 https://registry.npmjs.org/@hapi/topo/-/topo-5.1.0.tgz 662ms (cache miss)
4010 http fetch GET 200 https://registry.npmjs.org/parse-json/-/parse-json-4.0.0.tgz 661ms (cache miss)
4011 http fetch GET 200 https://registry.npmjs.org/node-int64/-/node-int64-0.4.0.tgz 662ms (cache miss)
4012 http fetch GET 200 https://registry.npmjs.org/tunnel-agent/-/tunnel-agent-0.6.0.tgz 662ms (cache miss)
4013 http fetch GET 200 https://registry.npmjs.org/picomatch/-/picomatch-2.3.2.tgz 663ms (cache miss)
4014 http fetch GET 200 https://registry.npmjs.org/@hapi/hoek/-/hoek-9.3.0.tgz 663ms (cache miss)
4015 http fetch GET 200 https://registry.npmjs.org/@sideway/pinpoint/-/pinpoint-2.0.0.tgz 663ms (cache miss)
4016 http fetch GET 200 https://registry.npmjs.org/node-rsa/-/node-rsa-1.1.1.tgz 669ms (cache miss)
4017 http fetch GET 200 https://registry.npmjs.org/loose-envify/-/loose-envify-1.4.0.tgz 693ms (cache miss)
4018 http fetch GET 200 https://registry.npmjs.org/is-extglob/-/is-extglob-2.1.1.tgz 693ms (cache miss)
4019 http fetch GET 200 https://registry.npmjs.org/is-stream/-/is-stream-2.0.1.tgz 693ms (cache miss)
4020 http fetch GET 200 https://registry.npmjs.org/lodash.merge/-/lodash.merge-4.6.2.tgz 693ms (cache miss)
4021 http fetch GET 200 https://registry.npmjs.org/is-retry-allowed/-/is-retry-allowed-1.2.0.tgz 692ms (cache miss)
4022 http fetch GET 200 https://registry.npmjs.org/dunder-proto/-/dunder-proto-1.0.1.tgz 692ms (cache miss)
4023 http fetch GET 200 https://registry.npmjs.org/content-type/-/content-type-1.0.5.tgz 694ms (cache miss)
4024 http fetch GET 200 https://registry.npmjs.org/filelist/-/filelist-1.0.6.tgz 694ms (cache miss)
4025 http fetch GET 200 https://registry.npmjs.org/path-scurry/-/path-scurry-2.0.2.tgz 701ms (cache miss)
4026 http fetch GET 200 https://registry.npmjs.org/has-symbols/-/has-symbols-1.1.0.tgz 719ms (cache miss)
4027 http fetch GET 200 https://registry.npmjs.org/is-unicode-supported/-/is-unicode-supported-0.1.0.tgz 719ms (cache miss)
4028 http fetch GET 200 https://registry.npmjs.org/gopd/-/gopd-1.2.0.tgz 721ms (cache miss)
4029 http fetch GET 200 https://registry.npmjs.org/jsonfile/-/jsonfile-6.2.1.tgz 721ms (cache miss)
4030 http fetch GET 200 https://registry.npmjs.org/function-bind/-/function-bind-1.1.2.tgz 724ms (cache miss)
4031 http fetch GET 200 https://registry.npmjs.org/call-bind-apply-helpers/-/call-bind-apply-helpers-1.0.2.tgz 725ms (cache miss)
4032 http fetch GET 200 https://registry.npmjs.org/es-object-atoms/-/es-object-atoms-1.1.2.tgz 727ms (cache miss)
4033 http fetch GET 200 https://registry.npmjs.org/agent-base/-/agent-base-7.1.4.tgz 732ms (cache miss)
4034 http fetch GET 200 https://registry.npmjs.org/math-intrinsics/-/math-intrinsics-1.1.0.tgz 736ms (cache miss)
4035 http fetch GET 200 https://registry.npmjs.org/async/-/async-3.2.6.tgz 740ms (cache miss)
4036 http fetch GET 200 https://registry.npmjs.org/universalify/-/universalify-2.0.1.tgz 743ms (cache miss)
4037 http fetch GET 200 https://registry.npmjs.org/is-glob/-/is-glob-4.0.3.tgz 744ms (cache miss)
4038 http fetch GET 200 https://registry.npmjs.org/delayed-stream/-/delayed-stream-1.0.0.tgz 754ms (cache miss)
4039 http fetch GET 200 https://registry.npmjs.org/es-errors/-/es-errors-1.3.0.tgz 777ms (cache miss)
4040 http fetch GET 200 https://registry.npmjs.org/es-define-property/-/es-define-property-1.0.1.tgz 787ms (cache miss)
4041 http fetch GET 200 https://registry.npmjs.org/graceful-fs/-/graceful-fs-4.2.11.tgz 788ms (cache miss)
4042 http fetch GET 200 https://registry.npmjs.org/asynckit/-/asynckit-0.4.0.tgz 789ms (cache miss)
4043 http fetch GET 200 https://registry.npmjs.org/combined-stream/-/combined-stream-1.0.8.tgz 795ms (cache miss)
4044 http fetch GET 200 https://registry.npmjs.org/mime-types/-/mime-types-2.1.35.tgz 795ms (cache miss)
4045 http fetch GET 200 https://registry.npmjs.org/has-tostringtag/-/has-tostringtag-1.0.2.tgz 796ms (cache miss)
4046 http fetch GET 200 https://registry.npmjs.org/run-parallel/-/run-parallel-1.2.0.tgz 796ms (cache miss)
4047 http fetch GET 200 https://registry.npmjs.org/es-set-tostringtag/-/es-set-tostringtag-2.1.0.tgz 799ms (cache miss)
4048 http fetch GET 200 https://registry.npmjs.org/merge2/-/merge2-1.4.1.tgz 798ms (cache miss)
4049 http fetch GET 200 https://registry.npmjs.org/micromatch/-/micromatch-4.0.8.tgz 800ms (cache miss)
4050 http fetch GET 200 https://registry.npmjs.org/@nodelib/fs.scandir/-/fs.scandir-2.1.5.tgz 801ms (cache miss)
4051 http fetch GET 200 https://registry.npmjs.org/reusify/-/reusify-1.1.0.tgz 803ms (cache miss)
4052 http fetch GET 200 https://registry.npmjs.org/p-locate/-/p-locate-4.1.0.tgz 811ms (cache miss)
4053 http fetch GET 200 https://registry.npmjs.org/balanced-match/-/balanced-match-1.0.2.tgz 816ms (cache miss)
4054 http fetch GET 200 https://registry.npmjs.org/@sideway/address/-/address-4.1.5.tgz 814ms (cache miss)
4055 http fetch GET 200 https://registry.npmjs.org/@nodelib/fs.stat/-/fs.stat-2.0.5.tgz 813ms (cache miss)
4056 http fetch GET 200 https://registry.npmjs.org/ms/-/ms-2.1.3.tgz 820ms (cache miss)
4057 http fetch GET 200 https://registry.npmjs.org/minipass/-/minipass-7.1.3.tgz 824ms (cache miss)
4058 http fetch GET 200 https://registry.npmjs.org/path-key/-/path-key-3.1.1.tgz 822ms (cache miss)
4059 http fetch GET 200 https://registry.npmjs.org/color-name/-/color-name-1.1.4.tgz 823ms (cache miss)
4060 http fetch GET 200 https://registry.npmjs.org/fastq/-/fastq-1.20.3.tgz 823ms (cache miss)
4061 http fetch GET 200 https://registry.npmjs.org/ansi-styles/-/ansi-styles-4.3.0.tgz 828ms (cache miss)
4062 http fetch GET 200 https://registry.npmjs.org/shebang-command/-/shebang-command-2.0.0.tgz 830ms (cache miss)
4063 http fetch GET 200 https://registry.npmjs.org/color-convert/-/color-convert-2.0.1.tgz 836ms (cache miss)
4064 http fetch GET 200 https://registry.npmjs.org/escape-string-regexp/-/escape-string-regexp-4.0.0.tgz 837ms (cache miss)
4065 http fetch GET 200 https://registry.npmjs.org/which/-/which-2.0.2.tgz 838ms (cache miss)
4066 http fetch GET 200 https://registry.npmjs.org/hasown/-/hasown-2.0.4.tgz 848ms (cache miss)
4067 http fetch GET 200 https://registry.npmjs.org/safe-json-stringify/-/safe-json-stringify-1.2.0.tgz 848ms (cache miss)
4068 http fetch GET 200 https://registry.npmjs.org/get-intrinsic/-/get-intrinsic-1.3.0.tgz 855ms (cache miss)
4069 http fetch GET 200 https://registry.npmjs.org/update-browserslist-db/-/update-browserslist-db-1.3.3.tgz 858ms (cache miss)
4070 http fetch GET 200 https://registry.npmjs.org/mv/-/mv-2.1.1.tgz 896ms (cache miss)
4071 http fetch GET 200 https://registry.npmjs.org/get-proto/-/get-proto-1.0.1.tgz 902ms (cache miss)
4072 http fetch GET 200 https://registry.npmjs.org/mime-db/-/mime-db-1.52.0.tgz 914ms (cache miss)
4073 http fetch GET 200 https://registry.npmjs.org/node-releases/-/node-releases-2.0.57.tgz 904ms (cache miss)
4074 http fetch GET 200 https://registry.npmjs.org/json-schema-traverse/-/json-schema-traverse-1.0.0.tgz 907ms (cache miss)
4075 http fetch GET 200 https://registry.npmjs.org/electron-to-chromium/-/electron-to-chromium-1.5.449.tgz 916ms (cache miss)
4076 http fetch GET 200 https://registry.npmjs.org/asn1/-/asn1-0.2.6.tgz 936ms (cache miss)
4077 http fetch GET 200 https://registry.npmjs.org/@nodelib/fs.walk/-/fs.walk-1.2.8.tgz 932ms (cache miss)
4078 http fetch GET 200 https://registry.npmjs.org/glob-parent/-/glob-parent-5.1.2.tgz 939ms (cache miss)
4079 http fetch GET 200 https://registry.npmjs.org/big-integer/-/big-integer-1.6.52.tgz 936ms (cache miss)
4080 http fetch GET 200 https://registry.npmjs.org/dtrace-provider/-/dtrace-provider-0.8.8.tgz 937ms (cache miss)
4081 http fetch GET 200 https://registry.npmjs.org/wsl-utils/-/wsl-utils-0.4.0.tgz 942ms (cache miss)
4082 http fetch GET 200 https://registry.npmjs.org/component-type/-/component-type-1.2.2.tgz 952ms (cache miss)
4083 http fetch GET 200 https://registry.npmjs.org/tinyglobby/-/tinyglobby-0.2.17.tgz 952ms (cache miss)
4084 http fetch GET 200 https://registry.npmjs.org/nan/-/nan-2.29.0.tgz 957ms (cache miss)
4085 http fetch GET 200 https://registry.npmjs.org/supports-color/-/supports-color-8.1.1.tgz 953ms (cache miss)
4086 http fetch GET 200 https://registry.npmjs.org/baseline-browser-mapping/-/baseline-browser-mapping-2.11.27.tgz 962ms (cache miss)
4087 http fetch GET 200 https://registry.npmjs.org/require-from-string/-/require-from-string-2.0.2.tgz 959ms (cache miss)
4088 http fetch GET 200 https://registry.npmjs.org/wordwrap/-/wordwrap-1.0.0.tgz 981ms (cache miss)
4089 http fetch GET 200 https://registry.npmjs.org/ansi-escapes/-/ansi-escapes-4.3.2.tgz 985ms (cache miss)
4090 http fetch GET 200 https://registry.npmjs.org/widest-line/-/widest-line-3.1.0.tgz 985ms (cache miss)
4091 http fetch GET 200 https://registry.npmjs.org/lilconfig/-/lilconfig-3.1.3.tgz 992ms (cache miss)
4092 http fetch GET 200 https://registry.npmjs.org/cli-spinners/-/cli-spinners-2.9.2.tgz 993ms (cache miss)
4093 http fetch GET 200 https://registry.npmjs.org/string-width/-/string-width-4.2.3.tgz 996ms (cache miss)
4094 http fetch GET 200 https://registry.npmjs.org/ansis/-/ansis-3.17.0.tgz 996ms (cache miss)
4095 http fetch GET 200 https://registry.npmjs.org/clean-stack/-/clean-stack-3.0.1.tgz 996ms (cache miss)
4096 http fetch GET 200 https://registry.npmjs.org/jake/-/jake-10.9.4.tgz 1008ms (cache miss)
4097 http fetch GET 200 https://registry.npmjs.org/@jridgewell/resolve-uri/-/resolve-uri-3.1.2.tgz 1005ms (cache miss)
4098 http fetch GET 200 https://registry.npmjs.org/md5/-/md5-2.3.0.tgz 1005ms (cache miss)
4099 http fetch GET 200 https://registry.npmjs.org/arg/-/arg-5.0.2.tgz 1006ms (cache miss)
4100 http fetch GET 200 https://registry.npmjs.org/cross-spawn/-/cross-spawn-7.0.6.tgz 1006ms (cache miss)
4101 http fetch GET 200 https://registry.npmjs.org/remove-trailing-slash/-/remove-trailing-slash-0.1.1.tgz 1008ms (cache miss)
4102 http fetch GET 200 https://registry.npmjs.org/@babel/helper-string-parser/-/helper-string-parser-7.29.7.tgz 1011ms (cache miss)
4103 http fetch GET 200 https://registry.npmjs.org/events/-/events-3.3.0.tgz 1015ms (cache miss)
4104 http fetch GET 200 https://registry.npmjs.org/undici-types/-/undici-types-8.9.0.tgz 1014ms (cache miss)
4105 http fetch GET 200 https://registry.npmjs.org/wonka/-/wonka-6.3.6.tgz 1033ms (cache miss)
4106 http fetch GET 200 https://registry.npmjs.org/type-fest/-/type-fest-0.21.3.tgz 1044ms (cache miss)
4107 http fetch GET 200 https://registry.npmjs.org/uri-js/-/uri-js-4.4.1.tgz 1085ms (cache miss)
4108 http fetch GET 200 https://registry.npmjs.org/@types/node/-/node-26.6.4.tgz 1101ms (cache miss)
4109 http fetch GET 200 https://registry.npmjs.org/get-package-type/-/get-package-type-0.1.0.tgz 1098ms (cache miss)
4110 http fetch GET 200 https://registry.npmjs.org/@babel/helper-plugin-utils/-/helper-plugin-utils-7.29.7.tgz 1098ms (cache miss)
4111 http fetch GET 200 https://registry.npmjs.org/@0no-co/graphql.web/-/graphql.web-1.3.4.tgz 1106ms (cache miss)
4112 http fetch GET 200 https://registry.npmjs.org/protobufjs/-/protobufjs-7.6.6.tgz 1117ms (cache miss)
4113 http fetch GET 200 https://registry.npmjs.org/@jridgewell/sourcemap-codec/-/sourcemap-codec-1.6.0.tgz 1116ms (cache miss)
4114 http fetch GET 200 https://registry.npmjs.org/@segment/loosely-validate-event/-/loosely-validate-event-2.0.0.tgz 1124ms (cache miss)
4115 http fetch GET 200 https://registry.npmjs.org/lru-cache/-/lru-cache-5.1.1.tgz 1130ms (cache miss)
4116 http fetch GET 200 https://registry.npmjs.org/jsesc/-/jsesc-3.1.0.tgz 1132ms (cache miss)
4117 http fetch GET 200 https://registry.npmjs.org/@babel/compat-data/-/compat-data-7.29.7.tgz 1133ms (cache miss)
4118 http fetch GET 200 https://registry.npmjs.org/@babel/helper-validator-option/-/helper-validator-option-7.29.7.tgz 1133ms (cache miss)
4119 http fetch GET 200 https://registry.npmjs.org/@babel/helper-module-imports/-/helper-module-imports-7.29.7.tgz 1135ms (cache miss)
4120 http fetch GET 200 https://registry.npmjs.org/browserslist/-/browserslist-4.29.3.tgz 1166ms (cache miss)
4121 http fetch GET 200 https://registry.npmjs.org/convert-source-map/-/convert-source-map-2.0.0.tgz 1168ms (cache miss)
4122 http fetch GET 200 https://registry.npmjs.org/@jridgewell/remapping/-/remapping-2.3.5.tgz 1169ms (cache miss)
4123 http fetch GET 200 https://registry.npmjs.org/fetch-retry/-/fetch-retry-4.1.1.tgz 1171ms (cache miss)
4124 http fetch GET 200 https://registry.npmjs.org/gensync/-/gensync-1.0.0-beta.2.tgz 1216ms (cache miss)
4125 http fetch GET 200 https://registry.npmjs.org/temp-dir/-/temp-dir-2.0.0.tgz 1230ms (cache miss)
4126 http fetch GET 200 https://registry.npmjs.org/@babel/helper-compilation-targets/-/helper-compilation-targets-7.29.7.tgz 1230ms (cache miss)
4127 http fetch GET 200 https://registry.npmjs.org/unique-string/-/unique-string-2.0.0.tgz 1230ms (cache miss)
4128 http fetch GET 200 https://registry.npmjs.org/parse-png/-/parse-png-2.1.0.tgz 1237ms (cache miss)
4129 http fetch GET 200 https://registry.npmjs.org/lodash.clonedeep/-/lodash.clonedeep-4.5.0.tgz 1248ms (cache miss)
4130 http fetch GET 200 https://registry.npmjs.org/@babel/helper-module-transforms/-/helper-module-transforms-7.29.7.tgz 1252ms (cache miss)
4131 http fetch GET 200 https://registry.npmjs.org/base64-js/-/base64-js-1.5.1.tgz 1277ms (cache miss)
4132 http fetch GET 200 https://registry.npmjs.org/@jridgewell/gen-mapping/-/gen-mapping-0.3.13.tgz 1286ms (cache miss)
4133 http fetch GET 200 https://registry.npmjs.org/@babel/plugin-transform-modules-commonjs/-/plugin-transform-modules-commonjs-7.29.7.tgz 1285ms (cache miss)
4134 http fetch GET 200 https://registry.npmjs.org/jimp-compact/-/jimp-compact-0.16.1.tgz 1287ms (cache miss)
4135 http fetch GET 200 https://registry.npmjs.org/http-call/-/http-call-5.3.0.tgz 1296ms (cache miss)
4136 http fetch GET 200 https://registry.npmjs.org/write-file-atomic/-/write-file-atomic-2.4.3.tgz 1300ms (cache miss)
4137 http fetch GET 200 https://registry.npmjs.org/exec-async/-/exec-async-2.2.0.tgz 1300ms (cache miss)
4138 http fetch GET 200 https://registry.npmjs.org/@jridgewell/trace-mapping/-/trace-mapping-0.3.31.tgz 1305ms (cache miss)
4139 http fetch GET 200 https://registry.npmjs.org/@types/bunyan/-/bunyan-1.8.11.tgz 1302ms (cache miss)
4140 http fetch GET 200 https://registry.npmjs.org/@babel/template/-/template-7.29.7.tgz 1304ms (cache miss)
4141 http fetch GET 200 https://registry.npmjs.org/bunyan/-/bunyan-1.8.15.tgz 1304ms (cache miss)
4142 http fetch GET 200 https://registry.npmjs.org/@babel/parser/-/parser-7.29.9.tgz 1314ms (cache miss)
4143 http fetch GET 200 https://registry.npmjs.org/dotenv-expand/-/dotenv-expand-11.0.7.tgz 1333ms (cache miss)
4144 http fetch GET 200 https://registry.npmjs.org/picocolors/-/picocolors-1.1.1.tgz 1339ms (cache miss)
4145 http fetch GET 200 https://registry.npmjs.org/npm-package-arg/-/npm-package-arg-11.0.3.tgz 1347ms (cache miss)
4146 http fetch GET 200 https://registry.npmjs.org/env-string/-/env-string-1.0.1.tgz 1402ms (cache miss)
4147 http fetch GET 200 https://registry.npmjs.org/json5/-/json5-2.2.3.tgz 1462ms (cache miss)
4148 http fetch GET 200 https://registry.npmjs.org/join-component/-/join-component-1.1.0.tgz 1487ms (cache miss)
4149 http fetch GET 200 https://registry.npmjs.org/slugify/-/slugify-1.6.9.tgz 1493ms (cache miss)
4150 http fetch GET 200 https://registry.npmjs.org/@babel/highlight/-/highlight-7.25.9.tgz 1492ms (cache miss)
4151 http fetch GET 200 https://registry.npmjs.org/@expo/sdk-runtime-versions/-/sdk-runtime-versions-1.0.1.tgz 1496ms (cache miss)
4152 http fetch GET 200 https://registry.npmjs.org/@babel/helper-globals/-/helper-globals-7.29.7.tgz 1503ms (cache miss)
4153 http fetch GET 200 https://registry.npmjs.org/js-tokens/-/js-tokens-4.0.0.tgz 1498ms (cache miss)
4154 http fetch GET 200 https://registry.npmjs.org/@babel/helper-validator-identifier/-/helper-validator-identifier-7.29.7.tgz 1505ms (cache miss)
4155 http fetch GET 200 https://registry.npmjs.org/ejs/-/ejs-3.1.10.tgz 1506ms (cache miss)
4156 http fetch GET 200 https://registry.npmjs.org/@react-native/normalize-colors/-/normalize-colors-0.79.6.tgz 1509ms (cache miss)
4157 http fetch GET 200 https://registry.npmjs.org/untildify/-/untildify-4.0.0.tgz 1508ms (cache miss)
4158 http fetch GET 200 https://registry.npmjs.org/xml2js/-/xml2js-0.6.0.tgz 1516ms (cache miss)
4159 http fetch GET 200 https://registry.npmjs.org/ts-deepmerge/-/ts-deepmerge-6.2.0.tgz 1516ms (cache miss)
4160 http fetch GET 200 https://registry.npmjs.org/wrap-ansi/-/wrap-ansi-7.0.0.tgz 1517ms (cache miss)
4161 http fetch GET 200 https://registry.npmjs.org/@expo/bunyan/-/bunyan-4.0.1.tgz 1529ms (cache miss)
4162 http fetch GET 200 https://registry.npmjs.org/@babel/code-frame/-/code-frame-7.23.5.tgz 1534ms (cache miss)
4163 http fetch GET 200 https://registry.npmjs.org/golden-fleece/-/golden-fleece-1.0.9.tgz 1543ms (cache miss)
4164 http fetch GET 200 https://registry.npmjs.org/terminal-link/-/terminal-link-2.1.1.tgz 1547ms (cache miss)
4165 http fetch GET 200 https://registry.npmjs.org/resolve-from/-/resolve-from-5.0.0.tgz 1549ms (cache miss)
4166 http fetch GET 200 https://registry.npmjs.org/xcode/-/xcode-3.0.1.tgz 1555ms (cache miss)
4167 http fetch GET 200 https://registry.npmjs.org/deepmerge/-/deepmerge-4.3.1.tgz 1555ms (cache miss)
4168 http fetch GET 200 https://registry.npmjs.org/tslib/-/tslib-2.6.2.tgz 1556ms (cache miss)
4169 http fetch GET 200 https://registry.npmjs.org/turndown/-/turndown-7.1.2.tgz 1561ms (cache miss)
4170 http fetch GET 200 https://registry.npmjs.org/jsep/-/jsep-1.4.0.tgz 1577ms (cache miss)
4171 http fetch GET 200 https://registry.npmjs.org/ws/-/ws-8.21.1.tgz 1572ms (cache miss)
4172 http fetch GET 200 https://registry.npmjs.org/sandbox-cli-detector/-/sandbox-cli-detector-0.2.0.tgz 1576ms (cache miss)
4173 http fetch GET 200 https://registry.npmjs.org/@babel/generator/-/generator-7.29.8.tgz 1593ms (cache miss)
4174 http fetch GET 200 https://registry.npmjs.org/@expo/image-utils/-/image-utils-0.7.6.tgz 1593ms (cache miss)
4175 http fetch GET 200 https://registry.npmjs.org/xmlbuilder/-/xmlbuilder-15.1.1.tgz 1609ms (cache miss)
4176 http fetch GET 200 https://registry.npmjs.org/@babel/traverse/-/traverse-7.29.10.tgz 1641ms (cache miss)
4177 http fetch GET 200 https://registry.npmjs.org/promise-retry/-/promise-retry-2.0.1.tgz 1643ms (cache miss)
4178 http fetch GET 200 https://registry.npmjs.org/nullthrows/-/nullthrows-1.1.1.tgz 1643ms (cache miss)
4179 http fetch GET 200 https://registry.npmjs.org/set-interval-async/-/set-interval-async-3.0.3.tgz 1672ms (cache miss)
4180 http fetch GET 200 https://registry.npmjs.org/multipasta/-/multipasta-0.2.8.tgz 1681ms (cache miss)
4181 http fetch GET 200 https://registry.npmjs.org/@expo/config-types/-/config-types-55.0.6.tgz 1698ms (cache miss)
4182 http fetch GET 200 https://registry.npmjs.org/@expo/require-utils/-/require-utils-55.0.8.tgz 1707ms (cache miss)
4183 http fetch GET 200 https://registry.npmjs.org/node-fetch/-/node-fetch-2.6.7.tgz 1704ms (cache miss)
4184 http fetch GET 200 https://registry.npmjs.org/pngjs/-/pngjs-7.0.0.tgz 1720ms (cache miss)
4185 http fetch GET 200 https://registry.npmjs.org/open/-/open-8.4.0.tgz 1730ms (cache miss)
4186 http fetch GET 200 https://registry.npmjs.org/@xmldom/xmldom/-/xmldom-0.8.15.tgz 1742ms (cache miss)
4187 http fetch GET 200 https://registry.npmjs.org/resolve-workspace-root/-/resolve-workspace-root-2.0.1.tgz 1743ms (cache miss)
4188 http fetch GET 200 https://registry.npmjs.org/@sentry/types/-/types-7.77.0.tgz 1781ms (cache miss)
4189 http fetch GET 200 https://registry.npmjs.org/nanoid/-/nanoid-3.3.8.tgz 1777ms (cache miss)
4190 http fetch GET 200 https://registry.npmjs.org/keychain/-/keychain-1.5.0.tgz 1779ms (cache miss)
4191 http fetch GET 200 https://registry.npmjs.org/invariant/-/invariant-2.2.4.tgz 1779ms (cache miss)
4192 http fetch GET 200 https://registry.npmjs.org/minimatch/-/minimatch-5.1.2.tgz 1781ms (cache miss)
4193 http fetch GET 200 https://registry.npmjs.org/jks-js/-/jks-js-1.1.0.tgz 1781ms (cache miss)
4194 http fetch GET 200 https://registry.npmjs.org/log-symbols/-/log-symbols-4.1.0.tgz 1786ms (cache miss)
4195 http fetch GET 200 https://registry.npmjs.org/gradle-to-js/-/gradle-to-js-2.0.1.tgz 1797ms (cache miss)
4196 http fetch GET 200 https://registry.npmjs.org/ignore/-/ignore-5.3.0.tgz 1808ms (cache miss)
4197 http fetch GET 200 https://registry.npmjs.org/mime/-/mime-3.0.0.tgz 1811ms (cache miss)
4198 http fetch GET 200 https://registry.npmjs.org/indent-string/-/indent-string-4.0.0.tgz 1810ms (cache miss)
4199 http fetch GET 200 https://registry.npmjs.org/pkg-dir/-/pkg-dir-4.2.0.tgz 1830ms (cache miss)
4200 http fetch GET 200 https://registry.npmjs.org/minizlib/-/minizlib-3.1.0.tgz 1846ms (cache miss)
4201 http fetch GET 200 https://registry.npmjs.org/fast-deep-equal/-/fast-deep-equal-3.1.3.tgz 1877ms (cache miss)
4202 http fetch GET 200 https://registry.npmjs.org/figures/-/figures-3.2.0.tgz 1877ms (cache miss)
4203 http fetch GET 200 https://registry.npmjs.org/getenv/-/getenv-1.0.0.tgz 1908ms (cache miss)
4204 http fetch GET 200 https://registry.npmjs.org/form-data/-/form-data-4.0.6.tgz 1924ms (cache miss)
4205 http fetch GET 200 https://registry.npmjs.org/graphql-tag/-/graphql-tag-2.12.6.tgz 1933ms (cache miss)
4206 http fetch GET 200 https://registry.npmjs.org/tar-stream/-/tar-stream-3.1.7.tgz 1939ms (cache miss)
4207 http fetch GET 200 https://registry.npmjs.org/promise-limit/-/promise-limit-2.7.0.tgz 1937ms (cache miss)
4208 http fetch GET 200 https://registry.npmjs.org/node-stream-zip/-/node-stream-zip-1.15.0.tgz 1936ms (cache miss)
4209 http fetch GET 200 https://registry.npmjs.org/@expo/turtle-spawn/-/turtle-spawn-24.8.0.tgz 1943ms (cache miss)
4210 http fetch GET 200 https://registry.npmjs.org/debug/-/debug-4.4.3.tgz 1934ms (cache miss)
4211 http fetch GET 200 https://registry.npmjs.org/env-paths/-/env-paths-2.2.0.tgz 1934ms (cache miss)
4212 http fetch GET 200 https://registry.npmjs.org/slash/-/slash-3.0.0.tgz 1937ms (cache miss)
4213 http fetch GET 200 https://registry.npmjs.org/chalk/-/chalk-4.1.2.tgz 1940ms (cache miss)
4214 http fetch GET 200 https://registry.npmjs.org/dateformat/-/dateformat-4.6.3.tgz 1942ms (cache miss)
4215 http fetch GET 200 https://registry.npmjs.org/envinfo/-/envinfo-7.11.0.tgz 1945ms (cache miss)
4216 http fetch GET 200 https://registry.npmjs.org/https-proxy-agent/-/https-proxy-agent-7.0.6.tgz 1948ms (cache miss)
4217 http fetch GET 200 https://registry.npmjs.org/agent-cli-detector/-/agent-cli-detector-0.1.7.tgz 1945ms (cache miss)
4218 http fetch GET 200 https://registry.npmjs.org/better-opn/-/better-opn-3.0.2.tgz 1971ms (cache miss)
4219 http fetch GET 200 https://registry.npmjs.org/glob/-/glob-13.0.6.tgz 1980ms (cache miss)
4220 http fetch GET 200 https://registry.npmjs.org/dotenv/-/dotenv-16.3.1.tgz 1976ms (cache miss)
4221 http fetch GET 200 https://registry.npmjs.org/ora/-/ora-5.1.0.tgz 1980ms (cache miss)
4222 http fetch GET 200 https://registry.npmjs.org/qrcode-terminal/-/qrcode-terminal-0.12.0.tgz 1978ms (cache miss)
4223 http fetch GET 200 https://registry.npmjs.org/ajv-formats/-/ajv-formats-2.1.1.tgz 1977ms (cache miss)
4224 http fetch GET 200 https://registry.npmjs.org/semver/-/semver-7.5.4.tgz 1983ms (cache miss)
4225 http fetch GET 200 https://registry.npmjs.org/cli-progress/-/cli-progress-3.12.0.tgz 1996ms (cache miss)
4226 http fetch GET 200 https://registry.npmjs.org/@expo/rudder-sdk-node/-/rudder-sdk-node-1.1.1.tgz 1995ms (cache miss)
4227 http fetch GET 200 https://registry.npmjs.org/bplist-parser/-/bplist-parser-0.3.2.tgz 2000ms (cache miss)
4228 http fetch GET 200 https://registry.npmjs.org/joi/-/joi-17.11.0.tgz 2020ms (cache miss)
4229 http fetch GET 200 https://registry.npmjs.org/fs-extra/-/fs-extra-11.2.0.tgz 2026ms (cache miss)
4230 http fetch GET 200 https://registry.npmjs.org/@babel/core/-/core-7.29.7.tgz 2041ms (cache miss)
4231 http fetch GET 200 https://registry.npmjs.org/diff/-/diff-7.0.0.tgz 2043ms (cache miss)
4232 http fetch GET 200 https://registry.npmjs.org/node-forge/-/node-forge-1.4.0.tgz 2050ms (cache miss)
4233 http fetch GET 200 https://registry.npmjs.org/fast-glob/-/fast-glob-3.3.2.tgz 2114ms (cache miss)
4234 http fetch GET 200 https://registry.npmjs.org/@expo/pkcs12/-/pkcs12-0.1.3.tgz 2137ms (cache miss)
4235 http fetch GET 200 https://registry.npmjs.org/@urql/exchange-retry/-/exchange-retry-1.2.0.tgz 2141ms (cache miss)
4236 http fetch GET 200 https://registry.npmjs.org/@babel/types/-/types-7.29.8.tgz 2158ms (cache miss)
4237 http fetch GET 200 https://registry.npmjs.org/prompts/-/prompts-2.4.2.tgz 2153ms (cache miss)
4238 http fetch GET 200 https://registry.npmjs.org/centrifuge/-/centrifuge-5.7.1.tgz 2147ms (cache miss)
4239 http fetch GET 200 https://registry.npmjs.org/@expo/multipart-body-parser/-/multipart-body-parser-2.0.0.tgz 2172ms (cache miss)
4240 http fetch GET 200 https://registry.npmjs.org/@expo/spawn-async/-/spawn-async-1.7.2.tgz 2178ms (cache miss)
4241 http fetch GET 200 https://registry.npmjs.org/uuid/-/uuid-11.1.1.tgz 2190ms (cache miss)
4242 http fetch GET 200 https://registry.npmjs.org/@expo/results/-/results-1.0.0.tgz 2183ms (cache miss)
4243 http fetch GET 200 https://registry.npmjs.org/@sentry/utils/-/utils-7.77.0.tgz 2206ms (cache miss)
4244 http fetch GET 200 https://registry.npmjs.org/@oclif/plugin-autocomplete/-/plugin-autocomplete-3.3.0.tgz 2207ms (cache miss)
4245 http fetch GET 200 https://registry.npmjs.org/@expo/json-file/-/json-file-8.3.3.tgz 2209ms (cache miss)
4246 http fetch GET 200 https://registry.npmjs.org/@sentry/core/-/core-7.77.0.tgz 2235ms (cache miss)
4247 http fetch GET 200 https://registry.npmjs.org/@babel/helpers/-/helpers-7.29.10.tgz 2247ms (cache miss)
4248 http fetch GET 200 https://registry.npmjs.org/@segment/ajv-human-errors/-/ajv-human-errors-2.16.0.tgz 2278ms (cache miss)
4249 http fetch GET 200 https://registry.npmjs.org/is-docker/-/is-docker-3.0.0.tgz 2280ms (cache miss)
4250 http fetch GET 200 https://registry.npmjs.org/@expo/package-manager/-/package-manager-1.9.10.tgz 2291ms (cache miss)
4251 http fetch GET 200 https://registry.npmjs.org/@expo/timeago.js/-/timeago.js-1.0.0.tgz 2295ms (cache miss)
4252 http fetch GET 200 https://registry.npmjs.org/@expo/plugin-help/-/plugin-help-5.1.23.tgz 2305ms (cache miss)
4253 http fetch GET 200 https://registry.npmjs.org/yaml/-/yaml-2.6.0.tgz 2338ms (cache miss)
4254 http fetch GET 200 https://registry.npmjs.org/emoji-regex/-/emoji-regex-9.2.2.tgz 2337ms (cache miss)
4255 http fetch GET 200 https://registry.npmjs.org/@expo/env/-/env-1.0.7.tgz 2353ms (cache miss)
4256 http fetch GET 200 https://registry.npmjs.org/@expo/plist/-/plist-0.3.5.tgz 2357ms (cache miss)
4257 http fetch GET 200 https://registry.npmjs.org/@urql/core/-/core-4.0.11.tgz 2365ms (cache miss)
4258 http fetch GET 200 https://registry.npmjs.org/ansi-styles/-/ansi-styles-6.2.3.tgz 2363ms (cache miss)
4259 http fetch GET 200 https://registry.npmjs.org/tar/-/tar-7.5.19.tgz 2388ms (cache miss)
4260 http fetch GET 200 https://registry.npmjs.org/string-width/-/string-width-5.1.2.tgz 2387ms (cache miss)
4261 http fetch GET 200 https://registry.npmjs.org/@expo/logger/-/logger-24.8.0.tgz 2391ms (cache miss)
4262 http fetch GET 200 https://registry.npmjs.org/signal-exit/-/signal-exit-4.1.0.tgz 2393ms (cache miss)
4263 http fetch GET 200 https://registry.npmjs.org/@expo/code-signing-certificates/-/code-signing-certificates-0.0.5.tgz 2394ms (cache miss)
4264 http fetch GET 200 https://registry.npmjs.org/wrap-ansi/-/wrap-ansi-8.1.0.tgz 2400ms (cache miss)
4265 http fetch GET 200 https://registry.npmjs.org/@expo/eas-build-job/-/eas-build-job-24.9.0.tgz 2415ms (cache miss)
4266 http fetch GET 200 https://registry.npmjs.org/ansi-regex/-/ansi-regex-6.4.0.tgz 2415ms (cache miss)
4267 http fetch GET 200 https://registry.npmjs.org/@expo/osascript/-/osascript-2.1.4.tgz 2419ms (cache miss)
4268 http fetch GET 200 https://registry.npmjs.org/strip-ansi/-/strip-ansi-7.2.0.tgz 2429ms (cache miss)
4269 http fetch GET 200 https://registry.npmjs.org/@sentry-internal/tracing/-/tracing-7.77.0.tgz 2465ms (cache miss)
4270 http fetch GET 200 https://registry.npmjs.org/arg/-/arg-4.1.3.tgz 2448ms (cache miss)
4271 http fetch GET 200 https://registry.npmjs.org/@expo/eas-json/-/eas-json-24.9.0.tgz 2452ms (cache miss)
4272 http fetch GET 200 https://registry.npmjs.org/supports-color/-/supports-color-7.2.0.tgz 2452ms (cache miss)
4273 http fetch GET 200 https://registry.npmjs.org/@xmldom/xmldom/-/xmldom-0.9.12.tgz 2455ms (cache miss)
4274 http fetch GET 200 https://registry.npmjs.org/is-wsl/-/is-wsl-3.1.1.tgz 2460ms (cache miss)
4275 http fetch GET 200 https://registry.npmjs.org/minimatch/-/minimatch-3.1.5.tgz 2461ms (cache miss)
4276 http fetch GET 200 https://registry.npmjs.org/path-scurry/-/path-scurry-1.11.1.tgz 2462ms (cache miss)
4277 http fetch GET 200 https://registry.npmjs.org/lru-cache/-/lru-cache-10.4.3.tgz 2477ms (cache miss)
4278 http fetch GET 200 https://registry.npmjs.org/glob/-/glob-6.0.4.tgz 2482ms (cache miss)
4279 warn deprecated glob@6.0.4: Old versions of glob are not supported, and contain widely publicized security vulnerabilities, which have been fixed in the current version. Please update. Support for old versions may be purchased (at exorbitant rates) by contacting i@izs.me
4280 http fetch GET 200 https://registry.npmjs.org/@jridgewell/trace-mapping/-/trace-mapping-0.3.9.tgz 2490ms (cache miss)
4281 http fetch GET 200 https://registry.npmjs.org/@expo/plugin-warn-if-update-available/-/plugin-warn-if-update-available-2.5.1.tgz 2498ms (cache miss)
4282 http fetch GET 200 https://registry.npmjs.org/brace-expansion/-/brace-expansion-1.1.21.tgz 2494ms (cache miss)
4283 http fetch GET 200 https://registry.npmjs.org/fdir/-/fdir-6.5.0.tgz 2503ms (cache miss)
4284 http fetch GET 200 https://registry.npmjs.org/semver/-/semver-6.3.1.tgz 2510ms (cache miss)
4285 http fetch GET 200 https://registry.npmjs.org/picomatch/-/picomatch-4.0.7.tgz 2510ms (cache miss)
4286 http fetch GET 200 https://registry.npmjs.org/@babel/code-frame/-/code-frame-7.29.7.tgz 2512ms (cache miss)
4287 http fetch GET 200 https://registry.npmjs.org/semver/-/semver-6.3.1.tgz 2515ms (cache miss)
4288 http fetch GET 200 https://registry.npmjs.org/@babel/code-frame/-/code-frame-7.29.7.tgz 2515ms (cache miss)
4289 http fetch GET 200 https://registry.npmjs.org/supports-color/-/supports-color-5.5.0.tgz 2525ms (cache miss)
4290 http fetch GET 200 https://registry.npmjs.org/@babel/code-frame/-/code-frame-7.29.7.tgz 2525ms (cache miss)
4291 http fetch GET 200 https://registry.npmjs.org/dotenv/-/dotenv-16.6.1.tgz 2527ms (cache miss)
4292 http fetch GET 200 https://registry.npmjs.org/has-flag/-/has-flag-3.0.0.tgz 2538ms (cache miss)
4293 http fetch GET 200 https://registry.npmjs.org/getenv/-/getenv-2.0.0.tgz 2539ms (cache miss)
4294 http fetch GET 200 https://registry.npmjs.org/color-convert/-/color-convert-1.9.3.tgz 2541ms (cache miss)
4295 http fetch GET 200 https://registry.npmjs.org/has-flag/-/has-flag-3.0.0.tgz 2543ms (cache miss)
4296 http fetch GET 200 https://registry.npmjs.org/chalk/-/chalk-2.4.2.tgz 2544ms (cache miss)
4297 http fetch GET 200 https://registry.npmjs.org/color-name/-/color-name-1.1.3.tgz 2561ms (cache miss)
4298 http fetch GET 200 https://registry.npmjs.org/diff/-/diff-4.0.4.tgz 2565ms (cache miss)
4299 http fetch GET 200 https://registry.npmjs.org/ansi-styles/-/ansi-styles-3.2.1.tgz 2562ms (cache miss)
4300 http fetch GET 200 https://registry.npmjs.org/color-name/-/color-name-1.1.3.tgz 2563ms (cache miss)
4301 http fetch GET 200 https://registry.npmjs.org/lru-cache/-/lru-cache-10.4.3.tgz 2587ms (cache miss)
4302 http fetch GET 200 https://registry.npmjs.org/pngjs/-/pngjs-3.4.0.tgz 2603ms (cache miss)
4303 http fetch GET 200 https://registry.npmjs.org/minimatch/-/minimatch-9.0.9.tgz 2607ms (cache miss)
4304 http fetch GET 200 https://registry.npmjs.org/@expo/config/-/config-55.0.10.tgz 2616ms (cache miss)
4305 http fetch GET 200 https://registry.npmjs.org/uuid/-/uuid-8.3.2.tgz 2635ms (cache miss)
4306 warn deprecated uuid@8.3.2: uuid@10 and below is no longer supported.  For ESM codebases, update to uuid@latest.  For CommonJS codebases, use uuid@11 (but be aware this version will likely be deprecated in 2028).
4307 http fetch GET 200 https://registry.npmjs.org/graphql/-/graphql-16.8.1.tgz 2647ms (cache miss)
4308 http fetch GET 200 https://registry.npmjs.org/supports-color/-/supports-color-5.5.0.tgz 2646ms (cache miss)
4309 http fetch GET 200 https://registry.npmjs.org/moment/-/moment-2.31.0.tgz 2679ms (cache miss)
4310 http fetch GET 200 https://registry.npmjs.org/@expo/steps/-/steps-24.9.0.tgz 2660ms (cache miss)
4311 http fetch GET 200 https://registry.npmjs.org/glob/-/glob-10.5.0.tgz 2662ms (cache miss)
4312 warn deprecated glob@10.5.0: Old versions of glob are not supported, and contain widely publicized security vulnerabilities, which have been fixed in the current version. Please update. Support for old versions may be purchased (at exorbitant rates) by contacting i@izs.me
4313 http fetch GET 200 https://registry.npmjs.org/ansi-styles/-/ansi-styles-3.2.1.tgz 2680ms (cache miss)
4314 http fetch GET 200 https://registry.npmjs.org/bplist-parser/-/bplist-parser-0.3.1.tgz 2689ms (cache miss)
4315 http fetch GET 200 https://registry.npmjs.org/supports-color/-/supports-color-7.2.0.tgz 2686ms (cache miss)
4316 http fetch GET 200 https://registry.npmjs.org/escape-string-regexp/-/escape-string-regexp-1.0.5.tgz 2686ms (cache miss)
4317 http fetch GET 200 https://registry.npmjs.org/agent-base/-/agent-base-6.0.2.tgz 2686ms (cache miss)
4318 http fetch GET 200 https://registry.npmjs.org/yallist/-/yallist-4.0.0.tgz 2739ms (cache miss)
4319 http fetch GET 200 https://registry.npmjs.org/color-convert/-/color-convert-1.9.3.tgz 2740ms (cache miss)
4320 http fetch GET 200 https://registry.npmjs.org/escape-string-regexp/-/escape-string-regexp-1.0.5.tgz 2740ms (cache miss)
4321 http fetch GET 200 https://registry.npmjs.org/balanced-match/-/balanced-match-4.0.4.tgz 2747ms (cache miss)
4322 http fetch GET 200 https://registry.npmjs.org/brace-expansion/-/brace-expansion-5.0.12.tgz 2768ms (cache miss)
4323 http fetch GET 200 https://registry.npmjs.org/https-proxy-agent/-/https-proxy-agent-5.0.1.tgz 2782ms (cache miss)
4324 http fetch GET 200 https://registry.npmjs.org/@expo/prebuild-config/-/prebuild-config-9.0.12.tgz 2795ms (cache miss)
4325 http fetch GET 200 https://registry.npmjs.org/@sentry/node/-/node-7.77.0.tgz 2798ms (cache miss)
4326 http fetch GET 200 https://registry.npmjs.org/getenv/-/getenv-2.0.0.tgz 2791ms (cache miss)
4327 http fetch GET 200 https://registry.npmjs.org/uuid/-/uuid-7.0.3.tgz 2799ms (cache miss)
4328 warn deprecated uuid@7.0.3: uuid@10 and below is no longer supported.  For ESM codebases, update to uuid@latest.  For CommonJS codebases, use uuid@11 (but be aware this version will likely be deprecated in 2028).
4329 http fetch GET 200 https://registry.npmjs.org/brace-expansion/-/brace-expansion-5.0.12.tgz 2802ms (cache miss)
4330 http fetch GET 200 https://registry.npmjs.org/@babel/code-frame/-/code-frame-7.10.4.tgz 2802ms (cache miss)
4331 http fetch GET 200 https://registry.npmjs.org/ejs/-/ejs-6.0.1.tgz 2806ms (cache miss)
4332 http fetch GET 200 https://registry.npmjs.org/path-scurry/-/path-scurry-1.11.1.tgz 2821ms (cache miss)
4333 http fetch GET 200 https://registry.npmjs.org/semver/-/semver-7.8.5.tgz 2846ms (cache miss)
4334 http fetch GET 200 https://registry.npmjs.org/escape-string-regexp/-/escape-string-regexp-1.0.5.tgz 2848ms (cache miss)
4335 http fetch GET 200 https://registry.npmjs.org/lru-cache/-/lru-cache-10.4.3.tgz 2845ms (cache miss)
4336 http fetch GET 200 https://registry.npmjs.org/xmlbuilder/-/xmlbuilder-11.0.1.tgz 2849ms (cache miss)
4337 http fetch GET 200 https://registry.npmjs.org/color-name/-/color-name-1.1.3.tgz 2862ms (cache miss)
4338 http fetch GET 200 https://registry.npmjs.org/balanced-match/-/balanced-match-4.0.4.tgz 2886ms (cache miss)
4339 http fetch GET 200 https://registry.npmjs.org/semver/-/semver-7.8.5.tgz 2880ms (cache miss)
4340 http fetch GET 200 https://registry.npmjs.org/joi/-/joi-17.13.8.tgz 2901ms (cache miss)
4341 http fetch GET 200 https://registry.npmjs.org/uuid/-/uuid-8.3.2.tgz 2900ms (cache miss)
4342 warn deprecated uuid@8.3.2: uuid@10 and below is no longer supported.  For ESM codebases, update to uuid@latest.  For CommonJS codebases, use uuid@11 (but be aware this version will likely be deprecated in 2028).
4343 http fetch GET 200 https://registry.npmjs.org/minimatch/-/minimatch-10.2.6.tgz 2906ms (cache miss)
4344 http fetch GET 200 https://registry.npmjs.org/yallist/-/yallist-5.0.0.tgz 2907ms (cache miss)
4345 http fetch GET 200 https://registry.npmjs.org/has-flag/-/has-flag-3.0.0.tgz 2900ms (cache miss)
4346 http fetch GET 200 https://registry.npmjs.org/minimatch/-/minimatch-10.2.6.tgz 2908ms (cache miss)
4347 http fetch GET 200 https://registry.npmjs.org/minimatch/-/minimatch-9.0.9.tgz 2911ms (cache miss)
4348 http fetch GET 200 https://registry.npmjs.org/fs-extra/-/fs-extra-10.1.0.tgz 2914ms (cache miss)
4349 http fetch GET 200 https://registry.npmjs.org/ansi-styles/-/ansi-styles-3.2.1.tgz 2911ms (cache miss)
4350 http fetch GET 200 https://registry.npmjs.org/@oclif/core/-/core-4.14.0.tgz 2931ms (cache miss)
4351 http fetch GET 200 https://registry.npmjs.org/restore-cursor/-/restore-cursor-2.0.0.tgz 2920ms (cache miss)
4352 http fetch GET 200 https://registry.npmjs.org/escape-string-regexp/-/escape-string-regexp-1.0.5.tgz 2926ms (cache miss)
4353 http fetch GET 200 https://registry.npmjs.org/supports-color/-/supports-color-5.5.0.tgz 2968ms (cache miss)
4354 http fetch GET 200 https://registry.npmjs.org/ansi-regex/-/ansi-regex-4.1.1.tgz 2971ms (cache miss)
4355 http fetch GET 200 https://registry.npmjs.org/strip-ansi/-/strip-ansi-5.2.0.tgz 2971ms (cache miss)
4356 http fetch GET 200 https://registry.npmjs.org/mimic-fn/-/mimic-fn-1.2.0.tgz 2971ms (cache miss)
4357 http fetch GET 200 https://registry.npmjs.org/chalk/-/chalk-2.4.2.tgz 2985ms (cache miss)
4358 http fetch GET 200 https://registry.npmjs.org/lru-cache/-/lru-cache-6.0.0.tgz 2985ms (cache miss)
4359 http fetch GET 200 https://registry.npmjs.org/cli-cursor/-/cli-cursor-2.1.0.tgz 2974ms (cache miss)
4360 http fetch GET 200 https://registry.npmjs.org/@expo/json-file/-/json-file-9.1.5.tgz 2991ms (cache miss)
4361 http fetch GET 200 https://registry.npmjs.org/color-convert/-/color-convert-1.9.3.tgz 2987ms (cache miss)
4362 http fetch GET 200 https://registry.npmjs.org/chalk/-/chalk-2.4.2.tgz 2987ms (cache miss)
4363 http fetch GET 200 https://registry.npmjs.org/chalk/-/chalk-2.4.2.tgz 2987ms (cache miss)
4364 http fetch GET 200 https://registry.npmjs.org/@babel/code-frame/-/code-frame-7.10.4.tgz 2988ms (cache miss)
4365 http fetch GET 200 https://registry.npmjs.org/semver/-/semver-7.8.5.tgz 3003ms (cache miss)
4366 http fetch GET 200 https://registry.npmjs.org/onetime/-/onetime-2.0.1.tgz 2988ms (cache miss)
4367 http fetch GET 200 https://registry.npmjs.org/log-symbols/-/log-symbols-2.2.0.tgz 2997ms (cache miss)
4368 http fetch GET 200 https://registry.npmjs.org/ora/-/ora-3.4.0.tgz 2998ms (cache miss)
4369 http fetch GET 200 https://registry.npmjs.org/getenv/-/getenv-2.0.0.tgz 2999ms (cache miss)
4370 http fetch GET 200 https://registry.npmjs.org/lru-cache/-/lru-cache-6.0.0.tgz 3000ms (cache miss)
4371 http fetch GET 200 https://registry.npmjs.org/dotenv/-/dotenv-16.4.7.tgz 3003ms (cache miss)
4372 http fetch GET 200 https://registry.npmjs.org/@expo/config/-/config-11.0.13.tgz 3023ms (cache miss)
4373 http fetch GET 200 https://registry.npmjs.org/yallist/-/yallist-4.0.0.tgz 3017ms (cache miss)
4374 http fetch GET 200 https://registry.npmjs.org/tslib/-/tslib-2.4.1.tgz 3018ms (cache miss)
4375 http fetch GET 200 https://registry.npmjs.org/@babel/code-frame/-/code-frame-7.10.4.tgz 3020ms (cache miss)
4376 http fetch GET 200 https://registry.npmjs.org/glob/-/glob-10.5.0.tgz 3033ms (cache miss)
4377 warn deprecated glob@10.5.0: Old versions of glob are not supported, and contain widely publicized security vulnerabilities, which have been fixed in the current version. Please update. Support for old versions may be purchased (at exorbitant rates) by contacting i@izs.me
4378 http fetch GET 200 https://registry.npmjs.org/getenv/-/getenv-2.0.0.tgz 3024ms (cache miss)
4379 http fetch GET 200 https://registry.npmjs.org/getenv/-/getenv-2.0.0.tgz 3018ms (cache miss)
4380 http fetch GET 200 https://registry.npmjs.org/diff 2985ms (cache miss)
4381 silly packumentCache corgi:https://registry.npmjs.org/diff set size:undefined disposed:false
4382 http fetch GET 200 https://registry.npmjs.org/node-forge 2986ms (cache miss)
4383 silly packumentCache corgi:https://registry.npmjs.org/node-forge set size:undefined disposed:false
4384 http fetch GET 200 https://registry.npmjs.org/@expo/config-types/-/config-types-53.0.5.tgz 3075ms (cache miss)
4385 http fetch GET 200 https://registry.npmjs.org/braces 2987ms (cache miss)
4386 silly packumentCache corgi:https://registry.npmjs.org/braces set size:undefined disposed:false
4387 http fetch GET 200 https://registry.npmjs.org/ajv 2996ms (cache miss)
4388 silly packumentCache corgi:https://registry.npmjs.org/ajv set size:undefined disposed:false
4389 http fetch GET 200 https://registry.npmjs.org/semver/-/semver-7.8.5.tgz 3096ms (cache miss)
4390 http fetch GET 200 https://registry.npmjs.org/semver/-/semver-7.5.2.tgz 3090ms (cache miss)
4391 http fetch GET 200 https://registry.npmjs.org/semver/-/semver-7.8.5.tgz 3103ms (cache miss)
4392 http fetch GET 200 https://registry.npmjs.org/lru-cache/-/lru-cache-11.5.3.tgz 3127ms (cache miss)
4393 http fetch GET 200 https://registry.npmjs.org/@expo/config-plugins/-/config-plugins-55.0.7.tgz 3135ms (cache miss)
4394 http fetch GET 200 https://registry.npmjs.org/joi/-/joi-17.13.8.tgz 3114ms (cache miss)
4395 http fetch GET 200 https://registry.npmjs.org/joi 3078ms (cache miss)
4396 silly packumentCache corgi:https://registry.npmjs.org/joi set size:undefined disposed:false
4397 http fetch GET 200 https://registry.npmjs.org/@expo/plist/-/plist-0.5.4.tgz 3178ms (cache miss)
4398 http fetch GET 200 https://registry.npmjs.org/@expo/json-file/-/json-file-10.0.16.tgz 3167ms (cache miss)
4399 http fetch GET 200 https://registry.npmjs.org/yaml 3104ms (cache miss)
4400 silly packumentCache corgi:https://registry.npmjs.org/yaml set size:undefined disposed:false
4401 http fetch GET 200 https://registry.npmjs.org/caniuse-lite/-/caniuse-lite-1.0.30001815.tgz 3244ms (cache miss)
4402 http fetch GET 200 https://registry.npmjs.org/@oclif/core/-/core-2.16.0.tgz 3206ms (cache miss)
4403 http fetch GET 200 https://registry.npmjs.org/@oclif/core/-/core-2.16.0.tgz 3210ms (cache miss)
4404 http fetch GET 200 https://registry.npmjs.org/ajv/-/ajv-8.11.0.tgz 3237ms (cache miss)
4405 http fetch GET 200 https://registry.npmjs.org/@expo/json-file/-/json-file-10.2.0.tgz 3218ms (cache miss)
4406 http fetch GET 200 https://registry.npmjs.org/ts-deepmerge 3154ms (cache miss)
4407 silly packumentCache corgi:https://registry.npmjs.org/ts-deepmerge set size:undefined disposed:false
4408 http fetch GET 200 https://registry.npmjs.org/@expo/json-file/-/json-file-10.2.0.tgz 3239ms (cache miss)
4409 http fetch GET 200 https://registry.npmjs.org/uuid 3160ms (cache miss)
4410 silly packumentCache corgi:https://registry.npmjs.org/uuid set size:undefined disposed:false
4411 http fetch GET 200 https://registry.npmjs.org/@expo/config-plugins/-/config-plugins-10.1.2.tgz 3265ms (cache miss)
4412 http fetch GET 200 https://registry.npmjs.org/zod/-/zod-4.6.5.tgz 3366ms (cache miss)
4413 http fetch GET 200 https://registry.npmjs.org/sprintf-js 3291ms (cache miss)
4414 silly packumentCache corgi:https://registry.npmjs.org/sprintf-js set size:undefined disposed:false
4415 http fetch GET 200 https://registry.npmjs.org/tar 3294ms (cache miss)
4416 silly packumentCache corgi:https://registry.npmjs.org/tar set size:undefined disposed:false
4417 http fetch GET 200 https://registry.npmjs.org/nanoid 3432ms (cache miss)
4418 silly packumentCache corgi:https://registry.npmjs.org/nanoid set size:undefined disposed:false
4419 http fetch GET 200 https://registry.npmjs.org/@expo/apple-utils/-/apple-utils-2.2.1.tgz 3547ms (cache miss)
4420 http fetch GET 200 https://registry.npmjs.org/minimatch 3454ms (cache miss)
4421 silly packumentCache corgi:https://registry.npmjs.org/minimatch set size:undefined disposed:false
4422 silly packumentCache corgi:https://registry.npmjs.org/eas-cli cache-miss
4423 silly packumentCache corgi:https://registry.npmjs.org/@segment%2fajv-human-errors cache-miss
4424 silly packumentCache corgi:https://registry.npmjs.org/ajv-formats cache-miss
4425 http cache https://registry.npmjs.org/eas-cli 10ms (cache hit)
4426 silly packumentCache corgi:https://registry.npmjs.org/eas-cli set size:1566555 disposed:false
4427 http fetch GET 200 https://registry.npmjs.org/eas-cli/-/eas-cli-24.11.0.tgz 3599ms (cache miss)
4428 info run dtrace-provider@0.8.8 install node_modules/dtrace-provider node-gyp rebuild || node suppress-error.js
4429 http fetch GET 200 https://registry.npmjs.org/ajv-formats 144ms (cache miss)
4430 silly packumentCache corgi:https://registry.npmjs.org/ajv-formats set size:undefined disposed:false
4431 http fetch GET 200 https://registry.npmjs.org/@segment%2fajv-human-errors 321ms (cache miss)
4432 silly packumentCache corgi:https://registry.npmjs.org/@segment%2fajv-human-errors set size:undefined disposed:false
4433 silly packumentCache corgi:https://registry.npmjs.org/@expo%2feas-json cache-miss
4434 http fetch GET 200 https://registry.npmjs.org/@expo%2feas-json 350ms (cache miss)
4435 silly packumentCache corgi:https://registry.npmjs.org/@expo%2feas-json set size:undefined disposed:false
4436 silly packumentCache corgi:https://registry.npmjs.org/filelist cache-miss
4437 http fetch GET 200 https://registry.npmjs.org/filelist 37ms (cache miss)
4438 silly packumentCache corgi:https://registry.npmjs.org/filelist set size:undefined disposed:false
4439 silly packumentCache corgi:https://registry.npmjs.org/@expo%2fcode-signing-certificates cache-miss
4440 silly packumentCache corgi:https://registry.npmjs.org/@expo%2fpkcs12 cache-miss
4441 silly packumentCache corgi:https://registry.npmjs.org/jks-js cache-miss
4442 http fetch GET 200 https://registry.npmjs.org/@expo%2fcode-signing-certificates 43ms (cache miss)
4443 silly packumentCache corgi:https://registry.npmjs.org/@expo%2fcode-signing-certificates set size:undefined disposed:false
4444 http fetch GET 200 https://registry.npmjs.org/jks-js 173ms (cache miss)
4445 silly packumentCache corgi:https://registry.npmjs.org/jks-js set size:undefined disposed:false
4446 http fetch GET 200 https://registry.npmjs.org/@expo%2fpkcs12 308ms (cache miss)
4447 silly packumentCache corgi:https://registry.npmjs.org/@expo%2fpkcs12 set size:undefined disposed:false
4448 silly packumentCache corgi:https://registry.npmjs.org/@expo%2frudder-sdk-node cache-miss
4449 silly packumentCache corgi:https://registry.npmjs.org/@expo%2fbunyan cache-miss
4450 silly packumentCache corgi:https://registry.npmjs.org/xcode cache-miss
4451 http fetch GET 200 https://registry.npmjs.org/@expo%2fbunyan 303ms (cache miss)
4452 silly packumentCache corgi:https://registry.npmjs.org/@expo%2fbunyan set size:undefined disposed:false
4453 http fetch GET 200 https://registry.npmjs.org/@expo%2frudder-sdk-node 309ms (cache miss)
4454 silly packumentCache corgi:https://registry.npmjs.org/@expo%2frudder-sdk-node set size:undefined disposed:false
4455 http fetch GET 200 https://registry.npmjs.org/xcode 688ms (cache miss)
4456 silly packumentCache corgi:https://registry.npmjs.org/xcode set size:undefined disposed:false
4457 silly packumentCache corgi:https://registry.npmjs.org/@expo%2fsteps cache-miss
4458 http fetch GET 200 https://registry.npmjs.org/@expo%2fsteps 302ms (cache miss)
4459 silly packumentCache corgi:https://registry.npmjs.org/@expo%2fsteps set size:undefined disposed:false
4460 silly packumentCache corgi:https://registry.npmjs.org/micromatch cache-miss
4461 http fetch GET 200 https://registry.npmjs.org/micromatch 141ms (cache miss)
4462 silly packumentCache corgi:https://registry.npmjs.org/micromatch set size:undefined disposed:false
4463 silly packumentCache corgi:https://registry.npmjs.org/argparse cache-miss
4464 http fetch GET 200 https://registry.npmjs.org/argparse 123ms (cache miss)
4465 silly packumentCache corgi:https://registry.npmjs.org/argparse set size:undefined disposed:false
4466 silly packumentCache corgi:https://registry.npmjs.org/@expo%2fconfig-plugins cache-miss
4467 http fetch GET 200 https://registry.npmjs.org/@expo%2fconfig-plugins 100ms (cache miss)
4468 silly packumentCache corgi:https://registry.npmjs.org/@expo%2fconfig-plugins set size:undefined disposed:false
4469 silly packumentCache corgi:https://registry.npmjs.org/fast-glob cache-miss
4470 http fetch GET 200 https://registry.npmjs.org/fast-glob 34ms (cache miss)
4471 silly packumentCache corgi:https://registry.npmjs.org/fast-glob set size:undefined disposed:false
4472 silly packumentCache corgi:https://registry.npmjs.org/js-yaml cache-miss
4473 http fetch GET 200 https://registry.npmjs.org/js-yaml 193ms (cache miss)
4474 silly packumentCache corgi:https://registry.npmjs.org/js-yaml set size:undefined disposed:false
4475 silly packumentCache corgi:https://registry.npmjs.org/@expo%2fconfig cache-miss
4476 silly packumentCache corgi:https://registry.npmjs.org/@expo%2fprebuild-config cache-miss
4477 http fetch GET 200 https://registry.npmjs.org/@expo%2fprebuild-config 69ms (cache miss)
4478 silly packumentCache corgi:https://registry.npmjs.org/@expo%2fprebuild-config set size:undefined disposed:false
4479 http fetch GET 200 https://registry.npmjs.org/@expo%2fconfig 104ms (cache miss)
4480 silly packumentCache corgi:https://registry.npmjs.org/@expo%2fconfig set size:undefined disposed:false
4481 silly packumentCache corgi:https://registry.npmjs.org/globby cache-miss
4482 http fetch GET 200 https://registry.npmjs.org/globby 40ms (cache miss)
4483 silly packumentCache corgi:https://registry.npmjs.org/globby set size:undefined disposed:false
4484 silly packumentCache corgi:https://registry.npmjs.org/@oclif%2fcore cache-miss
4485 http fetch GET 200 https://registry.npmjs.org/@oclif%2fcore 61ms (cache miss)
4486 silly packumentCache corgi:https://registry.npmjs.org/@oclif%2fcore set size:undefined disposed:false
4487 silly packumentCache corgi:https://registry.npmjs.org/@expo%2fplugin-help cache-miss
4488 silly packumentCache corgi:https://registry.npmjs.org/@expo%2fplugin-warn-if-update-available cache-miss
4489 http fetch GET 200 https://registry.npmjs.org/@expo%2fplugin-help 312ms (cache miss)
4490 silly packumentCache corgi:https://registry.npmjs.org/@expo%2fplugin-help set size:undefined disposed:false
4491 http fetch GET 200 https://registry.npmjs.org/@expo%2fplugin-warn-if-update-available 332ms (cache miss)
4492 silly packumentCache corgi:https://registry.npmjs.org/@expo%2fplugin-warn-if-update-available set size:undefined disposed:false
4493 info run dtrace-provider@0.8.8 install { code: 0, signal: null }
4494 info run protobufjs@7.6.6 postinstall node_modules/protobufjs node scripts/postinstall
4495 info run protobufjs@7.6.6 postinstall { code: 0, signal: null }
4496 verbose cwd /Users/macuser/Documents/technical-test/keppri-challenge
4497 verbose os Darwin 27.0.0
4498 verbose node v22.21.1
4499 verbose npm  v11.16.0
4500 verbose exit 0
4501 info ok
